cell_id,date,traffic_tier,requests,floor_cpm,fill_rate,revenue_per_1k_requests,revenue_usd
CELL-00,2026-04-01,thick,21159,1.46,0.5348,0.8378,17.73
CELL-00,2026-04-02,thick,20342,1.562,0.429,0.6876,13.99
CELL-00,2026-04-03,thick,20683,1.665,0.429,0.7709,15.94
CELL-00,2026-04-04,thick,19522,1.612,0.4233,0.7029,13.72
CELL-00,2026-04-05,thick,19101,1.575,0.4841,0.7973,15.23
CELL-00,2026-04-06,thick,16702,1.493,0.5291,0.8261,13.8
CELL-00,2026-04-07,thick,15288,1.257,0.6891,0.9485,14.5
CELL-00,2026-04-08,thick,20305,1.527,0.539,0.8681,17.63
CELL-00,2026-04-09,thick,21517,1.383,0.5472,0.7955,17.12
CELL-00,2026-04-10,thick,20979,1.408,0.6017,0.9096,19.08
CELL-00,2026-04-11,thick,21357,1.119,0.8609,1.1591,24.76
CELL-00,2026-04-12,thick,20157,1.347,0.662,0.9724,19.6
CELL-00,2026-04-13,thick,18194,1.422,0.5804,0.8922,16.23
CELL-00,2026-04-14,thick,14920,1.457,0.572,0.8846,13.2
CELL-00,2026-04-15,thick,19806,1.199,0.8331,1.1654,23.08
CELL-00,2026-04-16,thick,24454,1.199,0.7865,1.0719,26.21
CELL-00,2026-04-17,thick,21191,1.199,0.7625,1.0381,22.0
CELL-00,2026-04-18,thick,20659,1.238,0.7653,1.0677,22.06
CELL-00,2026-04-19,thick,19470,1.278,0.7393,1.0546,20.53
CELL-00,2026-04-20,thick,14703,1.257,0.7568,1.0813,15.9
CELL-00,2026-04-21,thick,15810,1.452,0.5471,0.828,13.09
CELL-00,2026-04-22,thick,18531,1.573,0.4944,0.8077,14.97
CELL-00,2026-04-23,thick,20979,1.461,0.5438,0.8442,17.71
CELL-00,2026-04-24,thick,19507,1.309,0.6739,0.9501,18.53
CELL-00,2026-04-25,thick,20455,1.248,0.7742,1.1023,22.55
CELL-00,2026-04-26,thick,18279,1.25,0.7393,1.0315,18.86
CELL-00,2026-04-27,thick,16216,1.402,0.5967,0.8794,14.26
CELL-00,2026-04-28,thick,15085,1.181,0.7363,0.9703,14.64
CELL-00,2026-04-29,thick,19555,1.181,0.7587,1.0136,19.82
CELL-00,2026-04-30,thick,22995,1.246,0.7209,1.0157,23.36
CELL-00,2026-05-01,thick,22230,1.182,0.7805,1.0641,23.66
CELL-00,2026-05-02,thick,19054,1.182,0.7306,0.9627,18.34
CELL-00,2026-05-03,thick,16920,1.371,0.5422,0.7774,13.15
CELL-00,2026-05-04,thick,16596,1.286,0.5808,0.8021,13.31
CELL-00,2026-05-05,thick,14139,1.45,0.4893,0.7499,10.6
CELL-00,2026-05-06,thick,20059,1.182,0.755,1.0053,20.17
CELL-00,2026-05-07,thick,21772,1.195,0.6889,0.9066,19.74
CELL-00,2026-05-08,thick,21247,1.293,0.7833,1.1502,24.44
CELL-00,2026-05-09,thick,19806,1.597,0.5347,0.9067,17.96
CELL-00,2026-05-10,thick,19328,1.268,0.7133,0.9933,19.2
CELL-00,2026-05-11,thick,14802,1.314,0.6303,0.9038,13.38
CELL-00,2026-05-12,thick,14877,1.314,0.6128,0.8647,12.86
CELL-00,2026-05-13,thick,20845,1.11,0.819,1.0566,22.03
CELL-00,2026-05-14,thick,22036,1.223,0.7774,1.0734,23.65
CELL-00,2026-05-15,thick,21419,1.404,0.6679,1.0096,21.62
CELL-00,2026-05-16,thick,20749,1.279,0.9331,1.5726,32.63
CELL-00,2026-05-17,thick,19667,1.662,0.7854,1.4982,29.47
CELL-00,2026-05-18,thick,15865,1.778,0.2927,0.5238,8.31
CELL-00,2026-05-19,thick,14629,1.778,0.3804,0.6864,10.04
CELL-00,2026-05-20,thick,18983,1.588,0.5276,0.8939,16.97
CELL-00,2026-05-21,thick,20093,1.355,0.6338,0.936,18.81
CELL-00,2026-05-22,thick,22184,1.294,0.597,0.8305,18.42
CELL-00,2026-05-23,thick,20458,1.318,0.6303,0.8939,18.29
CELL-00,2026-05-24,thick,18723,1.501,0.5248,0.8321,15.58
CELL-00,2026-05-25,thick,15945,1.419,0.5305,0.7843,12.51
CELL-00,2026-05-26,thick,14458,1.419,0.4972,0.7469,10.8
CELL-00,2026-05-27,thick,18395,1.519,0.4682,0.7385,13.58
CELL-00,2026-05-28,thick,22008,1.549,0.5164,0.8312,18.29
CELL-00,2026-05-29,thick,22353,1.425,0.6242,0.9604,21.47
CELL-00,2026-05-30,thick,19188,1.513,0.4676,0.7344,14.09
CELL-00,2026-05-31,thick,17785,1.513,0.4878,0.771,13.71
CELL-00,2026-06-01,thick,16411,1.615,0.3824,0.6392,10.49
CELL-00,2026-06-02,thick,14673,1.638,0.3815,0.6483,9.51
CELL-00,2026-06-03,thick,19858,1.491,0.489,0.7831,15.55
CELL-00,2026-06-04,thick,21706,1.487,0.5654,0.8983,19.5
CELL-00,2026-06-05,thick,22224,1.526,0.6196,1.0188,22.64
CELL-00,2026-06-06,thick,21867,1.521,0.4594,0.7337,16.04
CELL-00,2026-06-07,thick,20238,1.521,0.5168,0.8204,16.6
CELL-00,2026-06-08,thick,16652,1.521,0.463,0.7356,12.25
CELL-00,2026-06-09,thick,15284,1.329,0.5901,0.8399,12.84
CELL-00,2026-06-10,thick,21771,1.329,0.6339,0.9069,19.74
CELL-00,2026-06-11,thick,20722,1.258,0.6982,0.9643,19.98
CELL-00,2026-06-12,thick,22402,1.584,0.4854,0.8029,17.99
CELL-00,2026-06-13,thick,22537,1.584,0.4559,0.7456,16.8
CELL-00,2026-06-14,thick,20880,1.584,0.3175,0.5136,10.72
CELL-00,2026-06-15,thick,17455,1.357,0.5315,0.757,13.21
CELL-00,2026-06-16,thick,14648,1.532,0.414,0.6593,9.66
CELL-00,2026-06-17,thick,20984,1.532,0.5116,0.8323,17.47
CELL-00,2026-06-18,thick,21692,1.49,0.4618,0.709,15.38
CELL-00,2026-06-19,thick,20968,1.275,0.6932,0.9746,20.44
CELL-00,2026-06-20,thick,20663,1.21,0.7105,0.9583,19.8
CELL-00,2026-06-21,thick,17685,1.28,0.696,0.9785,17.31
CELL-00,2026-06-22,thick,15400,1.4,0.5692,0.8448,13.01
CELL-00,2026-06-23,thick,15750,1.258,0.7296,1.0263,16.17
CELL-00,2026-06-24,thick,19530,1.324,0.7549,1.1234,21.94
CELL-00,2026-06-25,thick,22686,1.319,0.7881,1.1861,26.91
CELL-00,2026-06-26,thick,20290,1.319,0.6366,0.9295,18.86
CELL-00,2026-06-27,thick,21016,1.319,0.7115,1.039,21.84
CELL-00,2026-06-28,thick,19463,1.245,0.9485,1.582,30.79
CELL-00,2026-06-29,thick,16593,1.392,0.5843,0.8664,14.38
CELL-00,2026-06-30,thick,15803,1.392,0.6285,0.9384,14.83
CELL-00,2026-07-01,thick,20066,1.469,0.5991,0.9462,18.99
CELL-00,2026-07-02,thick,19872,1.741,0.4367,0.7668,15.24
CELL-00,2026-07-03,thick,21010,1.767,0.4328,0.8007,16.82
CELL-00,2026-07-04,thick,17855,1.576,0.4968,0.8091,14.45
CELL-00,2026-07-05,thick,21072,1.216,0.7529,1.0356,21.82
CELL-00,2026-07-06,thick,17343,1.358,0.5082,0.7337,12.72
CELL-00,2026-07-07,thick,15809,1.28,0.639,0.8811,13.93
CELL-00,2026-07-08,thick,20153,1.227,0.7289,0.9974,20.1
CELL-00,2026-07-09,thick,20717,1.227,0.7622,1.0658,22.08
CELL-00,2026-07-10,thick,19900,1.068,0.8452,1.0741,21.37
CELL-00,2026-07-11,thick,20026,1.293,0.6421,0.9076,18.18
CELL-00,2026-07-12,thick,20225,1.197,0.7325,0.9781,19.78
CELL-00,2026-07-13,thick,15737,1.309,0.6803,0.9719,15.3
CELL-00,2026-07-14,thick,15741,1.231,0.6389,0.8412,13.24
CELL-00,2026-07-15,thick,19545,1.144,0.6968,0.8752,17.11
CELL-00,2026-07-16,thick,21750,1.144,0.7209,0.9246,20.11
CELL-00,2026-07-17,thick,22770,1.339,0.6666,0.9704,22.1
CELL-00,2026-07-18,thick,21398,1.126,0.8239,1.0741,22.98
CELL-00,2026-07-19,thick,16688,1.244,0.7738,1.0909,18.2
CELL-00,2026-07-20,thick,17390,1.267,0.6755,0.9554,16.62
CELL-00,2026-07-21,thick,15797,1.396,0.5092,0.7499,11.85
CELL-00,2026-07-22,thick,19559,1.402,0.5584,0.8216,16.07
CELL-00,2026-07-23,thick,22284,1.223,0.7522,1.0288,22.93
CELL-00,2026-07-24,thick,21092,1.223,0.7076,0.9653,20.36
CELL-00,2026-07-25,thick,20183,1.374,0.6062,0.8961,18.09
CELL-00,2026-07-26,thick,20639,1.243,0.7086,0.9655,19.93
CELL-00,2026-07-27,thick,17168,1.243,0.6571,0.8956,15.38
CELL-00,2026-07-28,thick,16421,1.237,0.6839,0.9323,15.31
CELL-00,2026-07-29,thick,21065,1.137,0.7474,0.9487,19.99
CELL-00,2026-07-30,thick,24500,0.994,0.8526,1.0157,24.89
CELL-00,2026-07-31,thick,22377,1.278,0.6976,0.9788,21.9
CELL-00,2026-08-01,thick,19196,1.296,0.6864,0.984,18.89
CELL-00,2026-08-02,thick,19511,1.566,0.4872,0.8008,15.63
CELL-00,2026-08-03,thick,15502,1.303,0.6848,0.9656,14.97
CELL-00,2026-08-04,thick,13907,1.463,0.6194,0.9735,13.54
CELL-00,2026-08-05,thick,20077,1.775,0.4557,0.8259,16.58
CELL-00,2026-08-06,thick,21156,1.593,0.6139,1.0508,22.23
CELL-00,2026-08-07,thick,20817,1.397,0.7037,1.081,22.5
CELL-00,2026-08-08,thick,21070,1.614,0.5465,0.9487,19.99
CELL-00,2026-08-09,thick,19097,1.633,0.4946,0.8489,16.21
CELL-00,2026-08-10,thick,16582,1.633,0.3898,0.6645,11.02
CELL-00,2026-08-11,thick,15827,1.273,0.637,0.8776,13.89
CELL-00,2026-08-12,thick,20276,1.188,0.7406,0.9793,19.86
CELL-00,2026-08-13,thick,22342,1.323,0.6288,0.898,20.06
CELL-00,2026-08-14,thick,20423,1.344,0.6079,0.8839,18.05
CELL-00,2026-08-15,thick,18609,1.286,0.7618,1.1062,20.59
CELL-00,2026-08-16,thick,21136,1.286,0.6703,0.9452,19.98
CELL-00,2026-08-17,thick,15148,1.286,0.6197,0.8563,12.97
CELL-00,2026-08-18,thick,15021,1.262,0.5169,0.6851,10.29
CELL-00,2026-08-19,thick,20666,1.272,0.5783,0.7831,16.18
CELL-00,2026-08-20,thick,19639,1.108,0.7804,0.9932,19.51
CELL-00,2026-08-21,thick,21491,1.178,0.798,1.0804,23.22
CELL-00,2026-08-22,thick,21261,1.224,0.6898,0.9319,19.81
CELL-00,2026-08-23,thick,20769,1.336,0.6112,0.8657,17.98
CELL-00,2026-08-24,thick,16411,1.336,0.5479,0.7666,12.58
CELL-00,2026-08-25,thick,15030,1.171,0.6996,0.8959,13.47
CELL-00,2026-08-26,thick,19607,1.171,0.7188,0.9318,18.27
CELL-00,2026-08-27,thick,21707,1.171,0.7534,0.9962,21.63
CELL-00,2026-08-28,thick,21531,1.171,0.7879,1.0505,22.62
CELL-00,2026-08-29,thick,18126,1.229,0.7327,1.015,18.4
CELL-00,2026-08-30,thick,18532,1.197,0.8132,1.1282,20.91
CELL-00,2026-08-31,thick,16617,1.155,0.8069,1.0799,17.95
CELL-00,2026-09-01,thick,15720,1.199,0.7657,1.0418,16.38
CELL-00,2026-09-02,thick,20855,1.333,0.5816,0.8412,17.54
CELL-00,2026-09-03,thick,22633,1.314,0.9183,1.5594,35.3
CELL-00,2026-09-04,thick,19962,1.516,0.8593,1.5693,31.33
CELL-00,2026-09-05,thick,21134,1.667,0.8213,1.5979,33.77
CELL-00,2026-09-06,thick,18840,1.537,0.522,0.8394,15.81
CELL-00,2026-09-07,thick,15789,1.447,0.5548,0.8489,13.4
CELL-00,2026-09-08,thick,15235,1.376,0.9223,1.6342,24.9
CELL-00,2026-09-09,thick,18953,1.746,0.7704,1.5231,28.87
CELL-00,2026-09-10,thick,21422,1.89,0.3599,0.6906,14.79
CELL-00,2026-09-11,thick,22023,1.717,0.4738,0.8544,18.82
CELL-00,2026-09-12,thick,18625,1.559,0.5989,0.9964,18.56
CELL-00,2026-09-13,thick,17929,1.354,0.6654,0.9765,17.51
CELL-00,2026-09-14,thick,14965,1.393,0.5895,0.8728,13.06
CELL-00,2026-09-15,thick,15544,1.393,0.4886,0.7262,11.29
CELL-00,2026-09-16,thick,20673,1.115,0.7101,0.8668,17.92
CELL-00,2026-09-17,thick,20214,1.197,0.6604,0.8556,17.29
CELL-00,2026-09-18,thick,18714,1.147,0.7159,0.8983,16.81
CELL-00,2026-09-19,thick,20242,1.118,0.6862,0.8442,17.09
CELL-00,2026-09-20,thick,21563,1.135,0.6477,0.7867,16.96
CELL-00,2026-09-21,thick,15495,1.131,0.6219,0.7574,11.74
CELL-00,2026-09-22,thick,14703,1.278,0.5536,0.7427,10.92
CELL-00,2026-09-23,thick,19555,1.278,0.6578,0.9045,17.69
CELL-00,2026-09-24,thick,20755,1.219,0.7759,1.0822,22.46
CELL-00,2026-09-25,thick,22840,1.219,0.9488,1.5708,35.88
CELL-00,2026-09-26,thick,18622,1.523,0.7883,1.3841,25.77
CELL-00,2026-09-27,thick,18410,1.765,0.5822,1.1091,20.42
CELL-01,2026-04-01,thick,54426,0.831,0.9671,1.4607,79.5
CELL-01,2026-04-02,thick,58754,1.026,0.9266,1.4351,84.32
CELL-01,2026-04-03,thick,60950,1.408,0.8012,1.3915,84.81
CELL-01,2026-04-04,thick,58907,1.734,0.6893,1.372,80.82
CELL-01,2026-04-05,thick,53248,1.994,0.534,1.1515,61.32
CELL-01,2026-04-06,thick,40375,1.889,0.5275,1.0731,43.33
CELL-01,2026-04-07,thick,43855,1.436,0.7883,1.3708,60.12
CELL-01,2026-04-08,thick,61853,1.644,0.6937,1.3085,80.94
CELL-01,2026-04-09,thick,59058,1.879,0.6293,1.3215,78.05
CELL-01,2026-04-10,thick,57152,1.857,0.5922,1.2124,69.29
CELL-01,2026-04-11,thick,62244,2.034,0.4361,0.9366,58.3
CELL-01,2026-04-12,thick,56881,2.034,0.4562,0.9862,56.1
CELL-01,2026-04-13,thick,46720,2.054,0.4884,1.0682,49.91
CELL-01,2026-04-14,thick,42675,1.791,0.6614,1.323,56.46
CELL-01,2026-04-15,thick,58314,1.837,0.6847,1.4271,83.22
CELL-01,2026-04-16,thick,59385,1.852,0.6233,1.2821,76.14
CELL-01,2026-04-17,thick,59306,1.852,0.6206,1.2721,75.44
CELL-01,2026-04-18,thick,59063,1.966,0.5958,1.2881,76.08
CELL-01,2026-04-19,thick,52360,1.96,0.5759,1.2412,64.99
CELL-01,2026-04-20,thick,48084,1.807,0.7152,1.4989,72.07
CELL-01,2026-04-21,thick,41154,1.881,0.5394,1.1002,45.28
CELL-01,2026-04-22,thick,55464,1.626,0.6716,1.2277,68.1
CELL-01,2026-04-23,thick,59866,1.626,0.7105,1.3394,80.19
CELL-01,2026-04-24,thick,60651,1.659,0.615,1.1352,68.85
CELL-01,2026-04-25,thick,56997,1.436,0.8194,1.4833,84.54
CELL-01,2026-04-26,thick,51200,1.586,0.75,1.4184,72.62
CELL-01,2026-04-27,thick,45336,1.569,0.7279,1.3363,60.58
CELL-01,2026-04-28,thick,39701,1.569,0.7602,1.43,56.77
CELL-01,2026-04-29,thick,61814,1.803,0.6815,1.4082,87.05
CELL-01,2026-04-30,thick,55683,1.948,0.6065,1.2957,72.15
CELL-01,2026-05-01,thick,58586,1.869,0.6809,1.4539,85.18
CELL-01,2026-05-02,thick,62807,1.977,0.6278,1.3852,87.0
CELL-01,2026-05-03,thick,55122,2.016,0.6248,1.417,78.11
CELL-01,2026-05-04,thick,46028,2.161,0.4719,1.0743,49.45
CELL-01,2026-05-05,thick,44650,1.931,0.6152,1.3069,58.36
CELL-01,2026-05-06,thick,57273,1.687,0.7217,1.4036,80.39
CELL-01,2026-05-07,thick,61905,2.133,0.5985,1.4117,87.39
CELL-01,2026-05-08,thick,58251,2.133,0.5566,1.2901,75.15
CELL-01,2026-05-09,thick,55233,2.133,0.5469,1.2676,70.01
CELL-01,2026-05-10,thick,55335,1.994,0.5606,1.2198,67.5
CELL-01,2026-05-11,thick,47972,1.994,0.6032,1.3415,64.35
CELL-01,2026-05-12,thick,42962,2.164,0.4386,0.9928,42.65
CELL-01,2026-05-13,thick,59817,2.079,0.5095,1.1317,67.7
CELL-01,2026-05-14,thick,56632,2.32,0.7263,1.9589,110.94
CELL-01,2026-05-15,thick,63076,2.311,0.6521,1.7064,107.64
CELL-01,2026-05-16,thick,54934,2.694,0.5835,1.7097,93.92
CELL-01,2026-05-17,thick,51808,2.203,0.4905,1.1457,59.36
CELL-01,2026-05-18,thick,44446,1.954,0.6049,1.3143,58.41
CELL-01,2026-05-19,thick,42872,1.891,0.5657,1.1551,49.52
CELL-01,2026-05-20,thick,60571,1.974,0.5736,1.2358,74.86
CELL-01,2026-05-21,thick,61661,2.052,0.5351,1.1902,73.39
CELL-01,2026-05-22,thick,60335,1.937,0.5654,1.1891,71.75
CELL-01,2026-05-23,thick,54018,1.968,0.5622,1.2141,65.59
CELL-01,2026-05-24,thick,52673,1.962,0.6292,1.3816,72.77
CELL-01,2026-05-25,thick,50927,1.962,0.5701,1.2221,62.24
CELL-01,2026-05-26,thick,43415,1.891,0.5173,1.0625,46.13
CELL-01,2026-05-27,thick,59042,1.715,0.5906,1.1221,66.25
CELL-01,2026-05-28,thick,61038,1.785,0.5773,1.1324,69.12
CELL-01,2026-05-29,thick,57863,1.987,0.589,1.2838,74.29
CELL-01,2026-05-30,thick,52573,2.336,0.4308,1.0508,55.24
CELL-01,2026-05-31,thick,53059,1.876,0.5828,1.1955,63.43
CELL-01,2026-06-01,thick,45096,1.876,0.6208,1.2928,58.3
CELL-01,2026-06-02,thick,41279,1.628,0.6848,1.2806,52.86
CELL-01,2026-06-03,thick,50473,1.628,0.7523,1.4554,73.46
CELL-01,2026-06-04,thick,54188,1.628,0.7669,1.5004,81.3
CELL-01,2026-06-05,thick,63816,1.623,0.7276,1.3783,87.96
CELL-01,2026-06-06,thick,53196,1.772,0.6491,1.283,68.25
CELL-01,2026-06-07,thick,52251,1.772,0.6667,1.3501,70.55
CELL-01,2026-06-08,thick,46550,1.67,0.6853,1.2995,60.49
CELL-01,2026-06-09,thick,41300,1.724,0.5869,1.1119,45.92
CELL-01,2026-06-10,thick,56281,1.408,0.8024,1.4069,79.18
CELL-01,2026-06-11,thick,61418,1.408,0.8427,1.5436,94.8
CELL-01,2026-06-12,thick,55989,1.694,0.7786,1.5932,89.2
CELL-01,2026-06-13,thick,56342,1.937,0.6691,1.4786,83.31
CELL-01,2026-06-14,thick,61542,1.937,0.5864,1.2403,76.33
CELL-01,2026-06-15,thick,49392,1.937,0.5611,1.196,59.07
CELL-01,2026-06-16,thick,40818,1.813,0.3084,0.6194,25.28
CELL-01,2026-06-17,thick,54289,1.497,0.7339,1.2834,69.67
CELL-01,2026-06-18,thick,60846,1.625,0.694,1.2843,78.14
CELL-01,2026-06-19,thick,56660,1.901,0.6925,1.4932,84.6
CELL-01,2026-06-20,thick,55166,1.961,0.634,1.4019,77.34
CELL-01,2026-06-21,thick,47707,2.18,0.4854,1.1345,54.13
CELL-01,2026-06-22,thick,46274,2.326,0.4474,1.0864,50.27
CELL-01,2026-06-23,thick,40006,2.146,0.5252,1.2121,48.49
CELL-01,2026-06-24,thick,52451,1.923,0.5763,1.203,63.1
CELL-01,2026-06-25,thick,57619,1.461,0.7776,1.3698,78.93
CELL-01,2026-06-26,thick,62260,1.646,0.673,1.2626,78.61
CELL-01,2026-06-27,thick,55616,1.868,0.5484,1.1069,61.56
CELL-01,2026-06-28,thick,53778,1.852,0.5794,1.1769,63.29
CELL-01,2026-06-29,thick,49431,1.679,0.6017,1.1076,54.75
CELL-01,2026-06-30,thick,43776,1.762,0.5717,1.0951,47.94
CELL-01,2026-07-01,thick,62140,1.762,0.5688,1.1012,68.43
CELL-01,2026-07-02,thick,55731,1.748,0.6587,1.2865,71.7
CELL-01,2026-07-03,thick,59756,2.072,0.5589,1.271,75.95
CELL-01,2026-07-04,thick,55882,1.647,0.7144,1.3724,76.7
CELL-01,2026-07-05,thick,57973,1.73,0.5945,1.1225,65.07
CELL-01,2026-07-06,thick,42991,1.788,0.6128,1.2057,51.84
CELL-01,2026-07-07,thick,43743,1.795,0.5523,1.0766,47.1
CELL-01,2026-07-08,thick,58290,1.885,0.6064,1.2653,73.76
CELL-01,2026-07-09,thick,59680,2.011,0.5624,1.2321,73.53
CELL-01,2026-07-10,thick,60639,1.942,0.5763,1.2199,73.98
CELL-01,2026-07-11,thick,60680,1.942,0.4114,0.9018,54.72
CELL-01,2026-07-12,thick,50907,1.371,0.8528,1.5313,77.96
CELL-01,2026-07-13,thick,39468,1.461,0.7978,1.4419,56.91
CELL-01,2026-07-14,thick,45607,1.395,0.8059,1.4078,64.21
CELL-01,2026-07-15,thick,52641,1.361,0.8497,1.5017,79.05
CELL-01,2026-07-16,thick,63747,1.561,0.7773,1.4756,94.07
CELL-01,2026-07-17,thick,62451,1.561,0.7266,1.3345,83.34
CELL-01,2026-07-18,thick,55742,1.763,0.6383,1.2561,70.02
CELL-01,2026-07-19,thick,52814,1.962,0.5032,1.0626,56.12
CELL-01,2026-07-20,thick,46747,1.883,0.6096,1.2477,58.33
CELL-01,2026-07-21,thick,41723,1.622,0.6678,1.2213,50.96
CELL-01,2026-07-22,thick,52782,1.779,0.6358,1.2756,67.33
CELL-01,2026-07-23,thick,60884,2.142,0.4946,1.1312,68.87
CELL-01,2026-07-24,thick,61649,2.381,0.4425,1.1027,67.98
CELL-01,2026-07-25,thick,57870,2.381,0.4183,1.0409,60.24
CELL-01,2026-07-26,thick,55180,2.381,0.4569,1.1439,63.12
CELL-01,2026-07-27,thick,45063,2.381,0.4115,1.0314,46.48
CELL-01,2026-07-28,thick,40413,1.879,0.5878,1.2136,49.05
CELL-01,2026-07-29,thick,58280,2.215,0.5161,1.2287,71.61
CELL-01,2026-07-30,thick,61146,1.868,0.6135,1.2681,77.54
CELL-01,2026-07-31,thick,62178,1.909,0.5952,1.2449,77.4
CELL-01,2026-08-01,thick,55947,2.047,0.4764,1.0209,57.11
CELL-01,2026-08-02,thick,54539,1.72,0.6388,1.231,67.14
CELL-01,2026-08-03,thick,44651,1.616,0.6965,1.2862,57.43
CELL-01,2026-08-04,thick,44859,1.699,0.6697,1.2897,57.86
CELL-01,2026-08-05,thick,55649,1.972,0.6037,1.3211,73.52
CELL-01,2026-08-06,thick,60661,2.017,0.64,1.4411,87.42
CELL-01,2026-08-07,thick,58728,2.017,0.6147,1.3763,80.83
CELL-01,2026-08-08,thick,55938,2.05,0.5464,1.2121,67.8
CELL-01,2026-08-09,thick,54781,2.182,0.4958,1.1652,63.83
CELL-01,2026-08-10,thick,47705,2.032,0.5252,1.137,54.24
CELL-01,2026-08-11,thick,40332,2.032,0.5125,1.1177,45.08
CELL-01,2026-08-12,thick,55030,1.926,0.6502,1.414,77.82
CELL-01,2026-08-13,thick,61945,1.935,0.699,1.5471,95.83
CELL-01,2026-08-14,thick,58459,1.773,0.7793,1.6755,97.95
CELL-01,2026-08-15,thick,53799,2.156,0.5989,1.4316,77.02
CELL-01,2026-08-16,thick,52500,1.956,0.7044,1.5761,82.75
CELL-01,2026-08-17,thick,45426,2.534,0.4549,1.2272,55.75
CELL-01,2026-08-18,thick,40934,2.218,0.5565,1.3341,54.61
CELL-01,2026-08-19,thick,58528,2.564,0.4275,1.1479,67.18
CELL-01,2026-08-20,thick,59613,2.911,0.2828,0.8584,51.17
CELL-01,2026-08-21,thick,60584,2.221,0.4888,1.1685,70.79
CELL-01,2026-08-22,thick,57303,2.087,0.5496,1.2314,70.56
CELL-01,2026-08-23,thick,50583,1.942,0.6456,1.4091,71.27
CELL-01,2026-08-24,thick,48836,2.195,0.5222,1.2353,60.33
CELL-01,2026-08-25,thick,44390,1.901,0.6184,1.31,58.15
CELL-01,2026-08-26,thick,51883,1.901,0.6335,1.3334,69.18
CELL-01,2026-08-27,thick,66686,2.037,0.6031,1.3546,90.34
CELL-01,2026-08-28,thick,64748,2.22,0.5372,1.2809,82.94
CELL-01,2026-08-29,thick,59062,2.22,0.5285,1.2664,74.8
CELL-01,2026-08-30,thick,58777,2.22,0.4638,1.0927,64.23
CELL-01,2026-08-31,thick,49681,2.067,0.4753,1.0399,51.67
CELL-01,2026-09-01,thick,42718,1.977,0.5622,1.2011,51.31
CELL-01,2026-09-02,thick,56596,2.086,0.495,1.0996,62.23
CELL-01,2026-09-03,thick,57288,1.546,0.7535,1.3879,79.51
CELL-01,2026-09-04,thick,60813,1.976,0.5237,1.107,67.32
CELL-01,2026-09-05,thick,58539,2.11,0.4633,1.0338,60.52
CELL-01,2026-09-06,thick,54297,2.046,0.5336,1.1878,64.5
CELL-01,2026-09-07,thick,47030,1.978,0.5614,1.1955,56.22
CELL-01,2026-09-08,thick,42362,1.978,0.3649,0.7833,33.18
CELL-01,2026-09-09,thick,59533,1.968,0.616,1.3425,79.93
CELL-01,2026-09-10,thick,64186,1.933,0.6138,1.3078,83.94
CELL-01,2026-09-11,thick,60631,2.017,0.5025,1.0828,65.65
CELL-01,2026-09-12,thick,60930,1.8,0.6217,1.2486,76.08
CELL-01,2026-09-13,thick,54055,1.713,0.6803,1.3239,71.57
CELL-01,2026-09-14,thick,44259,1.735,0.636,1.2327,54.56
CELL-01,2026-09-15,thick,42936,1.815,0.5651,1.115,47.87
CELL-01,2026-09-16,thick,58298,1.897,0.5746,1.1866,69.18
CELL-01,2026-09-17,thick,63549,1.698,0.7037,1.3712,87.14
CELL-01,2026-09-18,thick,54777,2.105,0.4455,1.0001,54.79
CELL-01,2026-09-19,thick,59639,1.966,0.4803,1.0101,60.24
CELL-01,2026-09-20,thick,54885,1.966,0.5341,1.1357,62.33
CELL-01,2026-09-21,thick,43508,2.06,0.4967,1.0859,47.24
CELL-01,2026-09-22,thick,41120,1.778,0.6027,1.1832,48.65
CELL-01,2026-09-23,thick,53923,2.316,0.4779,1.1893,64.13
CELL-01,2026-09-24,thick,61420,2.32,0.4841,1.1948,73.39
CELL-01,2026-09-25,thick,65848,2.32,0.5144,1.2703,83.65
CELL-01,2026-09-26,thick,56184,2.32,0.5693,1.4465,81.27
CELL-01,2026-09-27,thick,52652,2.896,0.3319,0.9932,52.3
CELL-02,2026-04-01,thick,174174,1.079,0.9486,1.3883,241.81
CELL-02,2026-04-02,thick,153559,1.317,0.8938,1.4475,222.28
CELL-02,2026-04-03,thick,189717,1.595,0.8162,1.5032,285.19
CELL-02,2026-04-04,thick,169440,1.655,0.7507,1.3969,236.69
CELL-02,2026-04-05,thick,154521,1.756,0.6711,1.2928,199.76
CELL-02,2026-04-06,thick,133800,1.867,0.5337,1.048,140.22
CELL-02,2026-04-07,thick,124360,1.377,0.8322,1.3413,166.8
CELL-02,2026-04-08,thick,176783,1.399,0.7752,1.233,217.97
CELL-02,2026-04-09,thick,177129,1.401,0.759,1.197,212.01
CELL-02,2026-04-10,thick,187270,1.457,0.7391,1.2019,225.08
CELL-02,2026-04-11,thick,189419,1.398,0.8335,1.3683,259.18
CELL-02,2026-04-12,thick,171758,1.398,0.832,1.352,232.22
CELL-02,2026-04-13,thick,141961,1.422,0.6621,1.021,144.94
CELL-02,2026-04-14,thick,133452,1.454,0.6176,0.9648,128.75
CELL-02,2026-04-15,thick,180162,1.486,0.6645,1.0742,193.52
CELL-02,2026-04-16,thick,185595,1.252,0.8322,1.2191,226.27
CELL-02,2026-04-17,thick,176938,1.532,0.6535,1.0893,192.74
CELL-02,2026-04-18,thick,170221,1.532,0.6943,1.1797,200.82
CELL-02,2026-04-19,thick,166387,1.579,0.6383,1.0924,181.76
CELL-02,2026-04-20,thick,150090,1.577,0.6962,1.2113,181.8
CELL-02,2026-04-21,thick,135152,1.768,0.47,0.8651,116.91
CELL-02,2026-04-22,thick,176500,1.77,0.4621,0.8562,151.12
CELL-02,2026-04-23,thick,188578,1.326,0.7476,1.1101,209.34
CELL-02,2026-04-24,thick,177023,1.455,0.7359,1.1963,211.77
CELL-02,2026-04-25,thick,176068,1.418,0.7744,1.2455,219.3
CELL-02,2026-04-26,thick,152149,1.47,0.7787,1.2985,197.56
CELL-02,2026-04-27,thick,138354,1.47,0.7719,1.2852,177.82
CELL-02,2026-04-28,thick,127461,2.193,0.3541,0.7998,101.94
CELL-02,2026-04-29,thick,178392,1.863,0.5002,0.9769,174.27
CELL-02,2026-04-30,thick,183580,1.713,0.6107,1.1217,205.93
CELL-02,2026-05-01,thick,197762,1.618,0.3083,0.5286,104.53
CELL-02,2026-05-02,thick,165686,1.335,0.8191,1.2712,210.62
CELL-02,2026-05-03,thick,169184,1.335,0.8275,1.2921,218.6
CELL-02,2026-05-04,thick,132522,1.523,0.6712,1.119,148.29
CELL-02,2026-05-05,thick,135085,1.594,0.6058,1.0391,140.37
CELL-02,2026-05-06,thick,166014,1.743,0.5871,1.093,181.46
CELL-02,2026-05-07,thick,167663,1.743,0.5995,1.1226,188.22
CELL-02,2026-05-08,thick,176663,1.656,0.6792,1.2279,216.92
CELL-02,2026-05-09,thick,173777,1.656,0.648,1.1605,201.67
CELL-02,2026-05-10,thick,172705,1.644,0.5849,1.0224,176.57
CELL-02,2026-05-11,thick,129674,1.663,0.6108,1.0866,140.9
CELL-02,2026-05-12,thick,123177,1.455,0.7071,1.1328,139.54
CELL-02,2026-05-13,thick,168593,1.378,0.7974,1.2514,210.99
CELL-02,2026-05-14,thick,182018,1.386,0.7868,1.2416,226.0
CELL-02,2026-05-15,thick,180921,1.436,0.7625,1.2379,223.96
CELL-02,2026-05-16,thick,182819,1.265,0.1938,0.2489,45.5
CELL-02,2026-05-17,thick,173419,0.928,0.5484,0.5392,93.51
CELL-02,2026-05-18,thick,147491,1.021,0.3936,0.4132,60.94
CELL-02,2026-05-19,thick,133930,1.12,0.404,0.4683,62.71
CELL-02,2026-05-20,thick,181457,0.983,0.8416,0.9746,176.84
CELL-02,2026-05-21,thick,166477,0.983,0.4044,0.4102,68.29
CELL-02,2026-05-22,thick,196139,0.801,0.7588,0.6843,134.23
CELL-02,2026-05-23,thick,164401,0.797,0.6683,0.581,95.52
CELL-02,2026-05-24,thick,169759,0.885,0.4859,0.4485,76.13
CELL-02,2026-05-25,thick,126168,0.656,0.8522,0.6656,83.97
CELL-02,2026-05-26,thick,127953,0.691,0.7894,0.6243,79.88
CELL-02,2026-05-27,thick,190919,0.735,0.7713,0.6416,122.49
CELL-02,2026-05-28,thick,190313,0.906,0.5731,0.5485,104.39
CELL-02,2026-05-29,thick,184470,0.842,0.6614,0.6056,111.71
CELL-02,2026-05-30,thick,158014,0.842,0.6714,0.6197,97.92
CELL-02,2026-05-31,thick,156166,0.839,0.914,0.9734,152.0
CELL-02,2026-06-01,thick,137768,0.824,0.9181,0.9649,132.93
CELL-02,2026-06-02,thick,134053,0.792,0.9419,0.996,133.52
CELL-02,2026-06-03,thick,175998,0.792,0.7865,0.7135,125.58
CELL-02,2026-06-04,thick,175318,0.831,0.7582,0.7102,124.51
CELL-02,2026-06-05,thick,187910,0.958,0.5408,0.5461,102.62
CELL-02,2026-06-06,thick,190211,0.958,0.5131,0.5171,98.36
CELL-02,2026-06-07,thick,174730,0.883,0.569,0.5372,93.87
CELL-02,2026-06-08,thick,136928,0.968,0.5122,0.5197,71.16
CELL-02,2026-06-09,thick,121301,0.856,0.5783,0.5271,63.94
CELL-02,2026-06-10,thick,186604,0.805,0.6302,0.5473,102.14
CELL-02,2026-06-11,thick,180572,0.675,0.8427,0.6729,121.52
CELL-02,2026-06-12,thick,175100,0.705,0.8371,0.6947,121.64
CELL-02,2026-06-13,thick,168395,0.719,0.9822,1.0872,183.07
CELL-02,2026-06-14,thick,156786,0.739,0.8432,0.7374,115.62
CELL-02,2026-06-15,thick,141782,0.841,0.7151,0.6675,94.64
CELL-02,2026-06-16,thick,132017,0.952,0.6192,0.6362,83.99
CELL-02,2026-06-17,thick,173258,0.952,0.6724,0.6979,120.91
CELL-02,2026-06-18,thick,174781,0.952,0.6006,0.6109,106.77
CELL-02,2026-06-19,thick,184930,0.865,0.6913,0.6603,122.11
CELL-02,2026-06-20,thick,167075,0.806,0.7619,0.6938,115.91
CELL-02,2026-06-21,thick,162704,0.806,0.8064,0.7521,122.37
CELL-02,2026-06-22,thick,133728,0.806,0.7369,0.6641,88.81
CELL-02,2026-06-23,thick,125696,1.072,0.4583,0.5106,64.18
CELL-02,2026-06-24,thick,176042,0.988,0.5665,0.594,104.57
CELL-02,2026-06-25,thick,168103,1.124,0.4117,0.4803,80.74
CELL-02,2026-06-26,thick,198680,0.953,0.5186,0.5179,102.9
CELL-02,2026-06-27,thick,191064,0.953,0.4534,0.4518,86.33
CELL-02,2026-06-28,thick,169956,0.899,0.4337,0.4046,68.76
CELL-02,2026-06-29,thick,150650,0.778,0.7937,0.7044,106.11
CELL-02,2026-06-30,thick,144495,0.825,0.7773,0.7299,105.46
CELL-02,2026-07-01,thick,175617,0.981,0.5707,0.5946,104.41
CELL-02,2026-07-02,thick,194506,0.981,0.5389,0.5556,108.06
CELL-02,2026-07-03,thick,195100,1.0,0.5537,0.5856,114.25
CELL-02,2026-07-04,thick,173406,0.783,0.7394,0.6458,111.99
CELL-02,2026-07-05,thick,156830,0.745,0.819,0.7097,111.3
CELL-02,2026-07-06,thick,131569,0.697,0.8233,0.6665,87.69
CELL-02,2026-07-07,thick,138108,0.8,0.7851,0.7128,98.44
CELL-02,2026-07-08,thick,163057,0.77,0.8039,0.712,116.1
CELL-02,2026-07-09,thick,183240,0.809,0.7213,0.6469,118.54
CELL-02,2026-07-10,thick,181913,0.696,0.8951,0.7743,140.85
CELL-02,2026-07-11,thick,164213,0.774,0.813,0.7254,119.12
CELL-02,2026-07-12,thick,157657,0.817,0.6845,0.614,96.8
CELL-02,2026-07-13,thick,132017,0.748,0.6995,0.5739,75.77
CELL-02,2026-07-14,thick,140701,0.761,0.6684,0.5538,77.92
CELL-02,2026-07-15,thick,170292,0.627,0.8921,0.6877,117.11
CELL-02,2026-07-16,thick,184997,0.757,0.7969,0.6944,128.46
CELL-02,2026-07-17,thick,185308,0.862,0.6445,0.6026,111.67
CELL-02,2026-07-18,thick,174453,1.024,0.4501,0.4767,83.16
CELL-02,2026-07-19,thick,171585,1.083,0.4367,0.4898,84.04
CELL-02,2026-07-20,thick,133353,1.083,0.4602,0.52,69.34
CELL-02,2026-07-21,thick,132233,0.93,0.5921,0.5868,77.59
CELL-02,2026-07-22,thick,179758,1.051,0.4612,0.5046,90.71
CELL-02,2026-07-23,thick,190615,1.064,0.4211,0.465,88.64
CELL-02,2026-07-24,thick,173761,0.965,0.5808,0.5949,103.37
CELL-02,2026-07-25,thick,173651,0.965,0.5424,0.5528,96.0
CELL-02,2026-07-26,thick,161130,0.922,0.6584,0.6604,106.41
CELL-02,2026-07-27,thick,135669,0.833,0.6598,0.6003,81.45
CELL-02,2026-07-28,thick,129099,0.877,0.6574,0.6282,81.1
CELL-02,2026-07-29,thick,164073,0.877,0.7711,0.7646,125.45
CELL-02,2026-07-30,thick,183084,1.04,0.6056,0.6787,124.26
CELL-02,2026-07-31,thick,193053,1.041,0.5764,0.6372,123.01
CELL-02,2026-08-01,thick,177364,0.944,0.5933,0.5988,106.2
CELL-02,2026-08-02,thick,158385,0.989,0.588,0.6234,98.74
CELL-02,2026-08-03,thick,140235,0.913,0.5837,0.5675,79.59
CELL-02,2026-08-04,thick,135909,0.888,0.5781,0.5406,73.47
CELL-02,2026-08-05,thick,160401,0.887,0.6649,0.6397,102.61
CELL-02,2026-08-06,thick,168802,0.909,0.629,0.6152,103.85
CELL-02,2026-08-07,thick,179745,0.812,0.7945,0.7378,132.62
CELL-02,2026-08-08,thick,165942,1.088,0.4429,0.4992,82.83
CELL-02,2026-08-09,thick,179899,0.969,0.5121,0.5231,94.1
CELL-02,2026-08-10,thick,139353,0.791,0.7258,0.6399,89.17
CELL-02,2026-08-11,thick,130115,0.69,0.8198,0.6576,85.57
CELL-02,2026-08-12,thick,172052,0.874,0.6223,0.5866,100.93
CELL-02,2026-08-13,thick,176596,0.825,0.6998,0.6388,112.81
CELL-02,2026-08-14,thick,180239,0.81,0.8179,0.7705,138.88
CELL-02,2026-08-15,thick,189446,0.833,0.726,0.6739,127.68
CELL-02,2026-08-16,thick,162213,0.856,0.7171,0.6789,110.13
CELL-02,2026-08-17,thick,148156,0.917,0.584,0.5727,84.84
CELL-02,2026-08-18,thick,131794,0.917,0.5577,0.5395,71.1
CELL-02,2026-08-19,thick,172212,0.849,0.6416,0.588,101.26
CELL-02,2026-08-20,thick,179508,0.82,0.7282,0.663,119.02
CELL-02,2026-08-21,thick,167453,0.981,0.5188,0.5362,89.79
CELL-02,2026-08-22,thick,155365,0.981,0.4277,0.4313,67.02
CELL-02,2026-08-23,thick,182316,0.985,0.4281,0.4358,79.46
CELL-02,2026-08-24,thick,144037,0.985,0.395,0.4002,57.65
CELL-02,2026-08-25,thick,145475,0.93,0.5508,0.542,78.85
CELL-02,2026-08-26,thick,176799,0.926,0.5461,0.5328,94.2
CELL-02,2026-08-27,thick,192003,0.951,0.5755,0.5796,111.29
CELL-02,2026-08-28,thick,183039,0.847,0.6898,0.6394,117.03
CELL-02,2026-08-29,thick,191244,0.947,0.549,0.5496,105.1
CELL-02,2026-08-30,thick,157982,0.914,0.5759,0.5615,88.7
CELL-02,2026-08-31,thick,150512,0.884,0.6503,0.6216,93.55
CELL-02,2026-09-01,thick,117712,0.889,0.5803,0.5492,64.64
CELL-02,2026-09-02,thick,174905,0.974,0.5149,0.5268,92.14
CELL-02,2026-09-03,thick,181432,0.928,0.566,0.5548,100.67
CELL-02,2026-09-04,thick,178033,0.899,0.5214,0.4928,87.73
CELL-02,2026-09-05,thick,161222,0.809,0.6064,0.5289,85.28
CELL-02,2026-09-06,thick,159186,0.887,0.5579,0.5241,83.42
CELL-02,2026-09-07,thick,140755,0.814,0.723,0.6533,91.96
CELL-02,2026-09-08,thick,142341,0.764,0.7472,0.6385,90.89
CELL-02,2026-09-09,thick,172917,0.863,0.6919,0.6558,113.41
CELL-02,2026-09-10,thick,191175,0.94,0.6354,0.6448,123.28
CELL-02,2026-09-11,thick,167587,1.017,0.4605,0.4891,81.96
CELL-02,2026-09-12,thick,173368,1.057,0.3363,0.3624,62.83
CELL-02,2026-09-13,thick,165093,0.879,0.5081,0.47,77.6
CELL-02,2026-09-14,thick,147480,0.753,0.5997,0.4848,71.49
CELL-02,2026-09-15,thick,129973,0.678,0.7309,0.5527,71.83
CELL-02,2026-09-16,thick,182159,0.731,0.8204,0.6974,127.04
CELL-02,2026-09-17,thick,194899,0.731,0.7748,0.6424,125.19
CELL-02,2026-09-18,thick,185845,0.731,0.8542,0.7427,138.02
CELL-02,2026-09-19,thick,180704,0.88,0.66,0.6313,114.09
CELL-02,2026-09-20,thick,160767,0.806,0.7149,0.6376,102.5
CELL-02,2026-09-21,thick,133896,0.8,0.6379,0.5513,73.82
CELL-02,2026-09-22,thick,142224,0.839,0.6768,0.6253,88.93
CELL-02,2026-09-23,thick,164045,1.066,0.4831,0.5375,88.18
CELL-02,2026-09-24,thick,181091,1.011,0.5801,0.6256,113.3
CELL-02,2026-09-25,thick,192953,1.036,0.5471,0.5985,115.49
CELL-02,2026-09-26,thick,178174,1.036,0.5821,0.6458,115.07
CELL-02,2026-09-27,thick,155369,0.996,0.5699,0.6045,93.93
CELL-03,2026-04-01,thin,369,0.933,0.9814,1.7734,0.65
CELL-03,2026-04-02,thin,399,1.122,0.9513,1.8409,0.74
CELL-03,2026-04-03,thin,416,1.122,0.9808,1.8799,0.78
CELL-03,2026-04-04,thin,362,1.253,0.9454,1.8207,0.66
CELL-03,2026-04-05,thin,358,1.253,0.9492,1.7611,0.63
CELL-03,2026-04-06,thin,336,1.411,0.9195,1.8026,0.61
CELL-03,2026-04-07,thin,293,1.618,0.8089,1.6764,0.49
CELL-03,2026-04-08,thin,376,1.73,0.937,2.4317,0.92
CELL-03,2026-04-09,thin,458,2.141,0.8805,2.5145,1.15
CELL-03,2026-04-10,thin,424,2.141,0.649,1.4883,0.63
CELL-03,2026-04-11,thin,374,2.16,0.6123,1.5796,0.59
CELL-03,2026-04-12,thin,349,1.83,0.7532,1.6383,0.57
CELL-03,2026-04-13,thin,332,1.83,0.7278,1.4581,0.48
CELL-03,2026-04-14,thin,287,1.83,0.7435,1.5875,0.46
CELL-03,2026-04-15,thin,388,2.02,0.7321,1.7663,0.69
CELL-03,2026-04-16,thin,428,2.504,0.4671,1.3591,0.58
CELL-03,2026-04-17,thin,391,2.339,0.5056,1.3529,0.53
CELL-03,2026-04-18,thin,394,1.901,0.729,1.5017,0.59
CELL-03,2026-04-19,thin,377,1.86,0.7148,1.6516,0.62
CELL-03,2026-04-20,thin,314,1.978,0.6131,1.4185,0.45
CELL-03,2026-04-21,thin,284,2.18,0.6437,1.6296,0.46
CELL-03,2026-04-22,thin,374,2.399,0.5904,1.6575,0.62
CELL-03,2026-04-23,thin,388,2.275,0.6618,1.5504,0.6
CELL-03,2026-04-24,thin,423,2.11,0.7244,1.5503,0.66
CELL-03,2026-04-25,thin,423,2.446,0.4287,1.1405,0.48
CELL-03,2026-04-26,thin,367,2.446,0.5239,1.2116,0.45
CELL-03,2026-04-27,thin,293,2.319,0.4873,1.1111,0.33
CELL-03,2026-04-28,thin,286,2.298,0.4416,1.1121,0.32
CELL-03,2026-04-29,thin,400,1.646,0.7729,1.5074,0.6
CELL-03,2026-04-30,thin,421,1.737,0.8025,1.713,0.72
CELL-03,2026-05-01,thin,374,1.689,0.7968,1.7074,0.64
CELL-03,2026-05-02,thin,387,2.117,0.8471,2.1953,0.85
CELL-03,2026-05-03,thin,348,2.369,0.7241,2.1032,0.73
CELL-03,2026-05-04,thin,304,2.921,0.5587,1.6805,0.51
CELL-03,2026-05-05,thin,291,2.667,0.3937,1.0903,0.32
CELL-03,2026-05-06,thin,421,2.667,0.4578,1.1739,0.5
CELL-03,2026-05-07,thin,403,2.502,0.5213,1.2743,0.51
CELL-03,2026-05-08,thin,392,2.086,0.6322,1.3984,0.55
CELL-03,2026-05-09,thin,404,2.043,0.7165,1.6436,0.66
CELL-03,2026-05-10,thin,383,2.337,0.6201,1.7642,0.68
CELL-03,2026-05-11,thin,301,2.46,0.5264,1.5532,0.47
CELL-03,2026-05-12,thin,293,2.16,0.6198,1.3683,0.4
CELL-03,2026-05-13,thin,374,2.319,0.5617,1.4668,0.55
CELL-03,2026-05-14,thin,377,1.899,0.7183,1.5454,0.58
CELL-03,2026-05-15,thin,386,2.071,0.6416,1.6979,0.66
CELL-03,2026-05-16,thin,381,1.899,0.7084,1.6319,0.62
CELL-03,2026-05-17,thin,344,2.034,0.6444,1.3717,0.47
CELL-03,2026-05-18,thin,304,1.927,0.6955,1.5468,0.47
CELL-03,2026-05-19,thin,276,1.727,0.8063,1.6326,0.45
CELL-03,2026-05-20,thin,384,1.727,0.8176,1.6479,0.63
CELL-03,2026-05-21,thin,426,1.961,0.7327,1.764,0.75
CELL-03,2026-05-22,thin,405,2.306,0.6817,1.7202,0.7
CELL-03,2026-05-23,thin,358,2.196,0.688,1.5653,0.56
CELL-03,2026-05-24,thin,350,2.028,0.6451,1.4415,0.51
CELL-03,2026-05-25,thin,303,1.845,0.7528,1.7325,0.53
CELL-03,2026-05-26,thin,286,2.015,0.6417,1.5804,0.45
CELL-03,2026-05-27,thin,399,2.015,0.7372,1.6983,0.68
CELL-03,2026-05-28,thin,389,1.802,0.7979,1.7191,0.67
CELL-03,2026-05-29,thin,364,1.948,0.3408,0.7618,0.28
CELL-03,2026-05-30,thin,394,1.38,0.8909,1.7458,0.69
CELL-03,2026-05-31,thin,379,1.438,0.8524,1.5875,0.6
CELL-03,2026-06-01,thin,312,1.438,0.8168,1.5837,0.5
CELL-03,2026-06-02,thin,251,1.44,0.8955,1.7935,0.45
CELL-03,2026-06-03,thin,385,1.578,0.8801,1.8907,0.73
CELL-03,2026-06-04,thin,393,1.441,0.9384,2.1213,0.83
CELL-03,2026-06-05,thin,402,1.651,0.8969,2.0576,0.83
CELL-03,2026-06-06,thin,399,1.924,0.7854,1.7969,0.72
CELL-03,2026-06-07,thin,388,2.375,0.6202,1.8385,0.72
CELL-03,2026-06-08,thin,306,2.552,0.5296,1.4527,0.44
CELL-03,2026-06-09,thin,298,2.65,0.4312,1.2135,0.36
CELL-03,2026-06-10,thin,401,2.65,0.4702,1.2238,0.49
CELL-03,2026-06-11,thin,395,2.65,0.5221,1.4422,0.57
CELL-03,2026-06-12,thin,367,2.65,0.4982,1.3882,0.51
CELL-03,2026-06-13,thin,408,2.24,0.526,1.5078,0.62
CELL-03,2026-06-14,thin,348,2.197,0.5505,1.4747,0.51
CELL-03,2026-06-15,thin,316,1.834,0.7176,1.6254,0.51
CELL-03,2026-06-16,thin,291,1.824,0.782,1.7515,0.51
CELL-03,2026-06-17,thin,413,2.32,0.6182,1.6078,0.66
CELL-03,2026-06-18,thin,370,2.501,0.5555,1.3758,0.51
CELL-03,2026-06-19,thin,400,2.186,0.6418,1.5871,0.64
CELL-03,2026-06-20,thin,374,2.181,0.6169,1.5537,0.58
CELL-03,2026-06-21,thin,357,2.195,0.6819,1.7306,0.62
CELL-03,2026-06-22,thin,311,1.953,0.6995,1.603,0.5
CELL-03,2026-06-23,thin,321,1.953,0.7262,1.6234,0.52
CELL-03,2026-06-24,thin,374,2.185,0.5538,1.5909,0.6
CELL-03,2026-06-25,thin,399,1.93,0.6655,1.4758,0.59
CELL-03,2026-06-26,thin,425,2.129,0.8114,2.1024,0.89
CELL-03,2026-06-27,thin,389,2.765,0.6895,2.1222,0.83
CELL-03,2026-06-28,thin,369,2.756,0.7015,2.2623,0.84
CELL-03,2026-06-29,thin,283,2.847,0.6473,1.9695,0.56
CELL-03,2026-06-30,thin,297,3.171,0.576,1.6042,0.48
CELL-03,2026-07-01,thin,406,3.495,0.5319,2.2732,0.93
CELL-03,2026-07-02,thin,377,3.221,0.6111,2.2877,0.86
CELL-03,2026-07-03,thin,418,3.477,0.5427,2.0732,0.87
CELL-03,2026-07-04,thin,349,3.508,0.5316,1.9302,0.68
CELL-03,2026-07-05,thin,378,3.179,0.5482,1.9092,0.72
CELL-03,2026-07-06,thin,299,2.791,0.6129,1.8665,0.56
CELL-03,2026-07-07,thin,281,2.68,0.8186,2.2,0.62
CELL-03,2026-07-08,thin,351,3.998,0.4621,1.5658,0.55
CELL-03,2026-07-09,thin,394,4.8,0.2395,1.185,0.47
CELL-03,2026-07-10,thin,427,4.077,0.4396,1.8327,0.78
CELL-03,2026-07-11,thin,376,3.613,0.5373,2.2307,0.84
CELL-03,2026-07-12,thin,355,3.613,0.5702,2.0588,0.73
CELL-03,2026-07-13,thin,289,3.264,0.4948,1.6343,0.47
CELL-03,2026-07-14,thin,290,3.218,0.4025,1.4483,0.42
CELL-03,2026-07-15,thin,396,3.015,0.4617,1.7222,0.68
CELL-03,2026-07-16,thin,388,2.77,0.6197,1.8168,0.71
CELL-03,2026-07-17,thin,360,2.436,0.7012,2.09,0.75
CELL-03,2026-07-18,thin,384,2.615,0.6235,1.9168,0.74
CELL-03,2026-07-19,thin,399,2.615,0.6434,1.9628,0.78
CELL-03,2026-07-20,thin,315,2.615,0.6491,1.7556,0.55
CELL-03,2026-07-21,thin,273,2.533,0.6988,2.0298,0.56
CELL-03,2026-07-22,thin,406,2.509,0.73,2.1212,0.86
CELL-03,2026-07-23,thin,401,2.678,0.656,2.0521,0.82
CELL-03,2026-07-24,thin,386,2.634,0.7166,2.2473,0.87
CELL-03,2026-07-25,thin,375,2.656,0.6817,2.0715,0.78
CELL-03,2026-07-26,thin,319,3.252,0.3038,1.1297,0.36
CELL-03,2026-07-27,thin,303,3.014,0.5591,1.7887,0.54
CELL-03,2026-07-28,thin,286,2.999,0.5431,1.7967,0.51
CELL-03,2026-07-29,thin,348,2.547,0.7283,2.1804,0.76
CELL-03,2026-07-30,thin,382,2.444,0.7697,2.2787,0.87
CELL-03,2026-07-31,thin,382,2.591,0.7002,1.9875,0.76
CELL-03,2026-08-01,thin,375,2.322,0.7917,2.3785,0.89
CELL-03,2026-08-02,thin,374,2.682,0.6685,2.1129,0.79
CELL-03,2026-08-03,thin,294,2.973,0.5438,1.8974,0.56
CELL-03,2026-08-04,thin,266,2.43,0.748,2.1387,0.57
CELL-03,2026-08-05,thin,394,2.409,0.7511,2.153,0.85
CELL-03,2026-08-06,thin,399,2.409,0.8151,2.3172,0.92
CELL-03,2026-08-07,thin,424,2.778,0.6292,1.952,0.83
CELL-03,2026-08-08,thin,396,2.722,0.6192,1.9501,0.77
CELL-03,2026-08-09,thin,361,2.402,0.7599,2.0548,0.74
CELL-03,2026-08-10,thin,324,2.611,0.6888,2.167,0.7
CELL-03,2026-08-11,thin,283,2.611,0.5865,1.895,0.54
CELL-03,2026-08-12,thin,385,2.695,0.6818,2.1666,0.83
CELL-03,2026-08-13,thin,387,2.695,0.681,2.2131,0.86
CELL-03,2026-08-14,thin,422,2.738,0.6839,2.2083,0.93
CELL-03,2026-08-15,thin,394,2.649,0.6673,1.8917,0.75
CELL-03,2026-08-16,thin,366,2.85,0.6535,2.1133,0.78
CELL-03,2026-08-17,thin,302,3.102,0.5709,2.0778,0.63
CELL-03,2026-08-18,thin,282,2.98,0.5296,1.7946,0.51
CELL-03,2026-08-19,thin,372,2.652,0.7333,2.1481,0.8
CELL-03,2026-08-20,thin,377,2.429,0.7319,1.9168,0.72
CELL-03,2026-08-21,thin,423,2.594,0.6965,2.1085,0.89
CELL-03,2026-08-22,thin,410,2.644,0.6303,1.9619,0.81
CELL-03,2026-08-23,thin,369,2.644,0.6926,1.986,0.73
CELL-03,2026-08-24,thin,326,2.644,0.6471,2.0663,0.67
CELL-03,2026-08-25,thin,284,2.912,0.3706,1.117,0.32
CELL-03,2026-08-26,thin,349,2.912,0.5675,1.8058,0.63
CELL-03,2026-08-27,thin,374,2.831,0.5965,2.0619,0.77
CELL-03,2026-08-28,thin,440,3.374,0.4994,1.6618,0.73
CELL-03,2026-08-29,thin,371,3.374,0.4307,1.7711,0.66
CELL-03,2026-08-30,thin,360,2.705,0.6346,1.974,0.71
CELL-03,2026-08-31,thin,313,2.178,0.7723,2.3028,0.72
CELL-03,2026-09-01,thin,268,2.475,0.7422,2.3179,0.62
CELL-03,2026-09-02,thin,391,2.653,0.3457,1.0302,0.4
CELL-03,2026-09-03,thin,387,2.362,0.8513,2.6598,1.03
CELL-03,2026-09-04,thin,434,2.69,0.7731,2.3698,1.03
CELL-03,2026-09-05,thin,393,3.088,0.617,2.1317,0.84
CELL-03,2026-09-06,thin,384,2.879,0.6141,2.1056,0.81
CELL-03,2026-09-07,thin,313,3.135,0.5294,2.0873,0.65
CELL-03,2026-09-08,thin,260,3.059,0.6221,2.0449,0.53
CELL-03,2026-09-09,thin,380,2.47,0.817,2.5043,0.95
CELL-03,2026-09-10,thin,389,2.231,0.8555,2.3973,0.93
CELL-03,2026-09-11,thin,408,2.301,0.808,2.4473,1.0
CELL-03,2026-09-12,thin,368,2.745,0.7179,2.2877,0.84
CELL-03,2026-09-13,thin,369,2.982,0.5959,1.8865,0.7
CELL-03,2026-09-14,thin,297,2.859,0.6325,2.023,0.6
CELL-03,2026-09-15,thin,295,3.033,0.4904,1.7047,0.5
CELL-03,2026-09-16,thin,350,2.262,0.8028,2.0885,0.73
CELL-03,2026-09-17,thin,396,2.464,0.7129,2.0281,0.8
CELL-03,2026-09-18,thin,415,2.281,0.7694,2.109,0.88
CELL-03,2026-09-19,thin,391,2.281,0.7762,2.2341,0.87
CELL-03,2026-09-20,thin,338,2.099,0.8459,2.3299,0.79
CELL-03,2026-09-21,thin,330,1.89,0.8992,2.3243,0.77
CELL-03,2026-09-22,thin,313,2.077,0.8208,2.1595,0.68
CELL-03,2026-09-23,thin,398,2.077,0.851,2.3096,0.92
CELL-03,2026-09-24,thin,388,2.062,0.8816,2.2928,0.89
CELL-03,2026-09-25,thin,399,2.239,0.7977,2.1465,0.86
CELL-03,2026-09-26,thin,377,2.239,0.844,2.3465,0.89
CELL-03,2026-09-27,thin,351,2.536,0.7874,2.2807,0.8
CELL-04,2026-04-01,thick,32690,1.335,0.8502,1.5534,50.78
CELL-04,2026-04-02,thick,31437,1.46,0.7777,1.3965,43.9
CELL-04,2026-04-03,thick,30376,1.727,0.6298,1.2211,37.09
CELL-04,2026-04-04,thick,33694,1.845,0.6644,1.3923,46.91
CELL-04,2026-04-05,thick,30241,1.846,0.6641,1.4171,42.86
CELL-04,2026-04-06,thick,26934,2.021,0.5579,1.2432,33.48
CELL-04,2026-04-07,thick,27416,1.943,0.644,1.4225,39.0
CELL-04,2026-04-08,thick,33451,1.979,0.6404,1.4502,48.51
CELL-04,2026-04-09,thick,36383,1.869,0.6724,1.4215,51.72
CELL-04,2026-04-10,thick,33809,1.885,0.6975,1.5435,52.18
CELL-04,2026-04-11,thick,32321,1.674,0.7323,1.4619,47.25
CELL-04,2026-04-12,thick,29751,1.872,0.6996,1.5269,45.43
CELL-04,2026-04-13,thick,27058,2.033,0.5955,1.3417,36.3
CELL-04,2026-04-14,thick,26394,2.052,0.6618,1.5397,40.64
CELL-04,2026-04-15,thick,32445,2.005,0.6449,1.4739,47.82
CELL-04,2026-04-16,thick,35980,1.717,0.7485,1.5721,56.56
CELL-04,2026-04-17,thick,36341,1.625,0.7395,1.4519,52.76
CELL-04,2026-04-18,thick,31556,2.0,0.6332,1.4324,45.2
CELL-04,2026-04-19,thick,33545,2.111,0.6248,1.4639,49.11
CELL-04,2026-04-20,thick,24660,2.208,0.5351,1.3126,32.37
CELL-04,2026-04-21,thick,25725,2.149,0.5718,1.3565,34.9
CELL-04,2026-04-22,thick,31711,2.319,0.5162,1.3102,41.55
CELL-04,2026-04-23,thick,32762,1.973,0.6773,1.5366,50.34
CELL-04,2026-04-24,thick,32390,1.915,0.7288,1.6482,53.39
CELL-04,2026-04-25,thick,33950,2.453,0.5271,1.3926,47.28
CELL-04,2026-04-26,thick,30819,2.434,0.4177,1.0876,33.52
CELL-04,2026-04-27,thick,26664,1.775,0.6395,1.2948,34.53
CELL-04,2026-04-28,thick,26368,1.648,0.714,1.4001,36.92
CELL-04,2026-04-29,thick,34396,2.018,0.6724,1.5571,53.56
CELL-04,2026-04-30,thick,37224,1.886,0.7269,1.6262,60.53
CELL-04,2026-05-01,thick,35853,1.886,0.6696,1.4572,52.25
CELL-04,2026-05-02,thick,32878,1.886,0.6407,1.3646,44.87
CELL-04,2026-05-03,thick,30010,2.044,0.5939,1.3418,40.27
CELL-04,2026-05-04,thick,26630,2.044,0.6348,1.4695,39.13
CELL-04,2026-05-05,thick,24586,1.961,0.6223,1.3898,34.17
CELL-04,2026-05-06,thick,33778,1.714,0.6858,1.3866,46.84
CELL-04,2026-05-07,thick,35101,1.548,0.8126,1.6202,56.87
CELL-04,2026-05-08,thick,34791,1.54,0.8166,1.625,56.54
CELL-04,2026-05-09,thick,35290,1.433,0.3957,0.7385,26.06
CELL-04,2026-05-10,thick,31193,1.472,0.7955,1.4794,46.15
CELL-04,2026-05-11,thick,26641,1.803,0.6494,1.3359,35.59
CELL-04,2026-05-12,thick,24451,1.914,0.6286,1.3577,33.2
CELL-04,2026-05-13,thick,34538,1.914,0.7202,1.6266,56.18
CELL-04,2026-05-14,thick,34970,2.029,0.6699,1.5545,54.36
CELL-04,2026-05-15,thick,31527,2.168,0.6146,1.475,46.5
CELL-04,2026-05-16,thick,32760,2.193,0.5941,1.4465,47.39
CELL-04,2026-05-17,thick,33096,2.101,0.5804,1.3282,43.96
CELL-04,2026-05-18,thick,23949,2.05,0.5566,1.2573,30.11
CELL-04,2026-05-19,thick,25118,2.05,0.5644,1.2644,31.76
CELL-04,2026-05-20,thick,34219,2.16,0.5659,1.3406,45.88
CELL-04,2026-05-21,thick,37681,2.014,0.6156,1.3943,52.54
CELL-04,2026-05-22,thick,31598,1.764,0.7311,1.5421,48.73
CELL-04,2026-05-23,thick,32495,1.91,0.7212,1.6556,53.8
CELL-04,2026-05-24,thick,31215,2.098,0.5508,1.2746,39.79
CELL-04,2026-05-25,thick,28473,2.108,0.5142,1.1839,33.71
CELL-04,2026-05-26,thick,24410,1.612,0.7539,1.4678,35.83
CELL-04,2026-05-27,thick,31446,1.648,0.7061,1.3653,42.93
CELL-04,2026-05-28,thick,35667,1.823,0.7257,1.5789,56.31
CELL-04,2026-05-29,thick,33981,2.233,0.5592,1.3611,46.25
CELL-04,2026-05-30,thick,32707,2.102,0.5991,1.4047,45.94
CELL-04,2026-05-31,thick,34093,1.848,0.6183,1.2897,43.97
CELL-04,2026-06-01,thick,26990,1.541,0.7618,1.4378,38.81
CELL-04,2026-06-02,thick,26777,1.619,0.7431,1.4647,39.22
CELL-04,2026-06-03,thick,32192,1.612,0.7714,1.5387,49.53
CELL-04,2026-06-04,thick,36808,1.448,0.833,1.5878,58.45
CELL-04,2026-06-05,thick,38352,1.466,0.7883,1.4509,55.65
CELL-04,2026-06-06,thick,37630,1.554,0.7924,1.5709,59.11
CELL-04,2026-06-07,thick,30771,1.611,0.7928,1.6142,49.67
CELL-04,2026-06-08,thick,26725,1.688,0.7583,1.5767,42.14
CELL-04,2026-06-09,thick,24648,1.688,0.7534,1.5291,37.69
CELL-04,2026-06-10,thick,32862,1.524,0.8482,1.7421,57.25
CELL-04,2026-06-11,thick,33780,1.642,0.789,1.6291,55.03
CELL-04,2026-06-12,thick,33162,1.798,0.703,1.4948,49.57
CELL-04,2026-06-13,thick,32234,1.924,0.6459,1.3955,44.98
CELL-04,2026-06-14,thick,31681,2.038,0.5893,1.3485,42.72
CELL-04,2026-06-15,thick,26657,1.699,0.6853,1.3653,36.4
CELL-04,2026-06-16,thick,24248,1.56,0.7491,1.4267,34.6
CELL-04,2026-06-17,thick,32731,1.56,0.817,1.6538,54.13
CELL-04,2026-06-18,thick,34599,1.651,0.7743,1.5775,54.58
CELL-04,2026-06-19,thick,35794,1.767,0.7108,1.5065,53.93
CELL-04,2026-06-20,thick,33720,1.963,0.632,1.3929,46.97
CELL-04,2026-06-21,thick,30239,1.963,0.6179,1.3473,40.74
CELL-04,2026-06-22,thick,24981,1.763,0.6762,1.3685,34.19
CELL-04,2026-06-23,thick,25593,1.763,0.6802,1.3985,35.79
CELL-04,2026-06-24,thick,31943,1.979,0.6071,1.3225,42.25
CELL-04,2026-06-25,thick,35123,2.37,0.4994,1.2689,44.57
CELL-04,2026-06-26,thick,35751,2.284,0.5394,1.3323,47.63
CELL-04,2026-06-27,thick,32080,2.041,0.6305,1.4402,46.2
CELL-04,2026-06-28,thick,31590,2.564,0.4264,1.1513,36.37
CELL-04,2026-06-29,thick,24566,2.354,0.4896,1.2257,30.11
CELL-04,2026-06-30,thick,23606,2.354,0.5172,1.3177,31.11
CELL-04,2026-07-01,thick,33095,2.354,0.56,1.4596,48.31
CELL-04,2026-07-02,thick,32346,2.014,0.7061,1.675,54.18
CELL-04,2026-07-03,thick,36090,2.219,0.6484,1.6448,59.36
CELL-04,2026-07-04,thick,32277,2.456,0.5573,1.5012,48.45
CELL-04,2026-07-05,thick,30572,2.246,0.3806,0.9483,28.99
CELL-04,2026-07-06,thick,27274,2.246,0.5012,1.2096,32.99
CELL-04,2026-07-07,thick,24789,1.984,0.6236,1.3975,34.64
CELL-04,2026-07-08,thick,30981,2.224,0.566,1.3792,42.73
CELL-04,2026-07-09,thick,32867,1.722,0.7479,1.5748,51.76
CELL-04,2026-07-10,thick,34748,1.766,0.7701,1.679,58.34
CELL-04,2026-07-11,thick,33993,1.47,0.8508,1.6914,57.5
CELL-04,2026-07-12,thick,31525,1.779,0.7464,1.5994,50.42
CELL-04,2026-07-13,thick,26629,1.666,0.7096,1.4067,37.46
CELL-04,2026-07-14,thick,23826,1.666,0.7155,1.4029,33.43
CELL-04,2026-07-15,thick,31580,1.923,0.6678,1.4817,46.79
CELL-04,2026-07-16,thick,35660,1.955,0.6765,1.5243,54.36
CELL-04,2026-07-17,thick,33867,1.737,0.7397,1.5521,52.57
CELL-04,2026-07-18,thick,29961,2.019,0.5954,1.3455,40.31
CELL-04,2026-07-19,thick,30456,1.92,0.594,1.2718,38.74
CELL-04,2026-07-20,thick,25553,1.86,0.6167,1.2871,32.89
CELL-04,2026-07-21,thick,22919,2.401,0.4143,1.0613,24.32
CELL-04,2026-07-22,thick,33072,2.326,0.4441,1.0984,36.33
CELL-04,2026-07-23,thick,33215,2.326,0.5099,1.2854,42.7
CELL-04,2026-07-24,thick,33882,1.823,0.7038,1.4997,50.81
CELL-04,2026-07-25,thick,32925,1.823,0.7255,1.5634,51.48
CELL-04,2026-07-26,thick,34243,2.002,0.6786,1.5578,53.35
CELL-04,2026-07-27,thick,28589,2.176,0.5176,1.2266,35.07
CELL-04,2026-07-28,thick,24221,2.094,0.6004,1.4142,34.25
CELL-04,2026-07-29,thick,32249,1.914,0.6919,1.5457,49.85
CELL-04,2026-07-30,thick,35057,2.377,0.5966,1.5874,55.65
CELL-04,2026-07-31,thick,33558,2.377,0.5933,1.5688,52.65
CELL-04,2026-08-01,thick,33272,2.166,0.6076,1.4638,48.7
CELL-04,2026-08-02,thick,30428,2.093,0.642,1.5349,46.7
CELL-04,2026-08-03,thick,26461,2.322,0.545,1.3754,36.4
CELL-04,2026-08-04,thick,24792,2.344,0.4677,1.1631,28.84
CELL-04,2026-08-05,thick,31724,2.015,0.66,1.5041,47.72
CELL-04,2026-08-06,thick,35132,2.015,0.6548,1.4963,52.57
CELL-04,2026-08-07,thick,32873,1.99,0.6179,1.3807,45.39
CELL-04,2026-08-08,thick,31649,2.122,0.518,1.1854,37.52
CELL-04,2026-08-09,thick,30783,2.32,0.4566,1.1086,34.13
CELL-04,2026-08-10,thick,26084,2.062,0.5472,1.2268,32.0
CELL-04,2026-08-11,thick,23464,2.062,0.5705,1.2708,29.82
CELL-04,2026-08-12,thick,32295,2.147,0.6352,1.5239,49.22
CELL-04,2026-08-13,thick,34307,1.805,0.7435,1.6189,55.54
CELL-04,2026-08-14,thick,33669,1.903,0.7224,1.6392,55.19
CELL-04,2026-08-15,thick,31602,1.842,0.7477,1.6771,53.0
CELL-04,2026-08-16,thick,32848,2.163,0.588,1.4208,46.67
CELL-04,2026-08-17,thick,26016,2.038,0.5838,1.3131,34.16
CELL-04,2026-08-18,thick,25722,1.629,0.703,1.3283,34.17
CELL-04,2026-08-19,thick,33329,1.563,0.733,1.3793,45.97
CELL-04,2026-08-20,thick,37578,1.812,0.6605,1.3679,51.4
CELL-04,2026-08-21,thick,34758,1.812,0.6925,1.4649,50.92
CELL-04,2026-08-22,thick,32974,1.988,0.5967,1.3079,43.13
CELL-04,2026-08-23,thick,33568,1.988,0.6374,1.4213,47.71
CELL-04,2026-08-24,thick,24839,1.903,0.6443,1.3728,34.1
CELL-04,2026-08-25,thick,25914,1.903,0.383,0.801,20.76
CELL-04,2026-08-26,thick,33064,1.903,0.6894,1.5346,50.74
CELL-04,2026-08-27,thick,35110,1.852,0.6969,1.5132,53.13
CELL-04,2026-08-28,thick,33963,2.153,0.584,1.3896,47.2
CELL-04,2026-08-29,thick,33090,2.105,0.6155,1.4424,47.73
CELL-04,2026-08-30,thick,31481,2.299,0.5311,1.3178,41.49
CELL-04,2026-08-31,thick,29479,1.628,0.7606,1.518,44.75
CELL-04,2026-09-01,thick,23010,1.409,0.8008,1.4387,33.1
CELL-04,2026-09-02,thick,34517,1.702,0.7223,1.4741,50.88
CELL-04,2026-09-03,thick,35820,1.623,0.7313,1.4182,50.8
CELL-04,2026-09-04,thick,35024,1.711,0.7639,1.6117,56.45
CELL-04,2026-09-05,thick,31382,1.711,0.7753,1.65,51.78
CELL-04,2026-09-06,thick,30552,2.018,0.5986,1.3421,41.01
CELL-04,2026-09-07,thick,24807,1.996,0.6048,1.3354,33.13
CELL-04,2026-09-08,thick,24044,1.964,0.5924,1.2823,30.83
CELL-04,2026-09-09,thick,32218,1.899,0.6588,1.426,45.94
CELL-04,2026-09-10,thick,37622,1.89,0.7099,1.575,59.25
CELL-04,2026-09-11,thick,32784,1.679,0.779,1.6222,53.18
CELL-04,2026-09-12,thick,31891,1.814,0.6869,1.4506,46.26
CELL-04,2026-09-13,thick,30236,2.01,0.6216,1.4045,42.47
CELL-04,2026-09-14,thick,25936,1.778,0.6376,1.2727,33.01
CELL-04,2026-09-15,thick,24846,1.778,0.6128,1.2306,30.58
CELL-04,2026-09-16,thick,32865,1.541,0.7862,1.5048,49.45
CELL-04,2026-09-17,thick,36095,1.872,0.6914,1.5222,54.95
CELL-04,2026-09-18,thick,34825,2.263,0.5916,1.4918,51.95
CELL-04,2026-09-19,thick,32758,2.385,0.5287,1.3745,45.03
CELL-04,2026-09-20,thick,32243,2.528,0.4708,1.2702,40.96
CELL-04,2026-09-21,thick,28675,2.541,0.4161,1.1138,31.94
CELL-04,2026-09-22,thick,27045,2.541,0.393,1.0596,28.66
CELL-04,2026-09-23,thick,32757,2.541,0.4584,1.2375,40.54
CELL-04,2026-09-24,thick,35416,2.058,0.6676,1.5784,55.9
CELL-04,2026-09-25,thick,31945,2.058,0.7101,1.7289,55.23
CELL-04,2026-09-26,thick,34550,2.774,0.4178,1.2164,42.03
CELL-04,2026-09-27,thick,35620,2.73,0.3971,1.1215,39.95
CELL-05,2026-04-01,mid,1547,0.601,0.9659,1.0155,1.57
CELL-05,2026-04-02,mid,1830,0.667,0.9339,0.9729,1.78
CELL-05,2026-04-03,mid,1779,0.732,0.9063,0.9603,1.71
CELL-05,2026-04-04,mid,1754,0.94,0.8091,0.9496,1.67
CELL-05,2026-04-05,mid,1785,1.01,0.755,0.8929,1.59
CELL-05,2026-04-06,mid,1247,0.896,0.8313,0.9231,1.15
CELL-05,2026-04-07,mid,1248,1.043,0.7743,1.0016,1.25
CELL-05,2026-04-08,mid,1902,1.256,0.6699,0.9599,1.83
CELL-05,2026-04-09,mid,1818,1.243,0.7106,1.0334,1.88
CELL-05,2026-04-10,mid,2131,1.361,0.6681,1.0297,2.19
CELL-05,2026-04-11,mid,1737,1.108,0.7934,1.1182,1.94
CELL-05,2026-04-12,mid,1777,0.993,0.8707,1.1587,2.06
CELL-05,2026-04-13,mid,1453,1.19,0.7545,1.0424,1.52
CELL-05,2026-04-14,mid,1328,1.068,0.7853,0.9954,1.32
CELL-05,2026-04-15,mid,1598,1.107,0.8087,1.0637,1.7
CELL-05,2026-04-16,mid,1779,1.003,0.7996,1.0493,1.87
CELL-05,2026-04-17,mid,1765,0.984,0.8163,1.0084,1.78
CELL-05,2026-04-18,mid,1733,1.211,0.7012,1.0279,1.78
CELL-05,2026-04-19,mid,1767,1.137,0.7406,0.9711,1.72
CELL-05,2026-04-20,mid,1426,1.137,0.6932,0.9306,1.33
CELL-05,2026-04-21,mid,1330,1.183,0.6386,0.9093,1.21
CELL-05,2026-04-22,mid,1784,1.184,0.7017,0.995,1.78
CELL-05,2026-04-23,mid,1995,1.158,0.6824,0.8981,1.79
CELL-05,2026-04-24,mid,1922,1.177,0.7315,1.0272,1.98
CELL-05,2026-04-25,mid,1679,1.221,0.7137,1.0138,1.7
CELL-05,2026-04-26,mid,1659,1.229,0.6364,0.8417,1.4
CELL-05,2026-04-27,mid,1450,1.125,0.7078,0.9647,1.4
CELL-05,2026-04-28,mid,1309,1.183,0.695,0.9628,1.26
CELL-05,2026-04-29,mid,1860,1.296,0.6411,0.8771,1.63
CELL-05,2026-04-30,mid,1864,1.302,0.6157,0.9032,1.68
CELL-05,2026-05-01,mid,1726,1.29,0.5966,0.8685,1.5
CELL-05,2026-05-02,mid,1823,1.36,0.5597,0.8239,1.5
CELL-05,2026-05-03,mid,1607,1.36,0.3043,0.4537,0.73
CELL-05,2026-05-04,mid,1433,1.05,0.7436,0.9067,1.3
CELL-05,2026-05-05,mid,1342,1.162,0.6478,0.8016,1.08
CELL-05,2026-05-06,mid,1801,1.031,0.7818,1.0184,1.83
CELL-05,2026-05-07,mid,1964,1.059,0.809,1.0502,2.06
CELL-05,2026-05-08,mid,1899,1.17,0.4153,0.566,1.07
CELL-05,2026-05-09,mid,1880,1.17,0.7418,1.0332,1.94
CELL-05,2026-05-10,mid,1731,1.13,0.7973,1.1295,1.96
CELL-05,2026-05-11,mid,1447,1.123,0.7877,1.0419,1.51
CELL-05,2026-05-12,mid,1408,1.095,0.7548,1.0267,1.45
CELL-05,2026-05-13,mid,1794,1.095,0.7923,1.0348,1.86
CELL-05,2026-05-14,mid,1854,1.116,0.7803,1.0252,1.9
CELL-05,2026-05-15,mid,1846,1.049,0.7995,1.0258,1.89
CELL-05,2026-05-16,mid,1838,1.049,0.768,0.9876,1.82
CELL-05,2026-05-17,mid,1802,1.049,0.7692,1.0032,1.81
CELL-05,2026-05-18,mid,1443,1.106,0.7398,0.9595,1.38
CELL-05,2026-05-19,mid,1360,1.068,0.7455,0.9035,1.23
CELL-05,2026-05-20,mid,1806,1.147,0.7105,0.9602,1.73
CELL-05,2026-05-21,mid,1757,1.147,0.7643,1.0788,1.9
CELL-05,2026-05-22,mid,2004,1.091,0.811,1.133,2.27
CELL-05,2026-05-23,mid,1741,1.171,0.7469,1.0209,1.78
CELL-05,2026-05-24,mid,1461,1.171,0.4206,0.5717,0.84
CELL-05,2026-05-25,mid,1406,1.052,0.7476,0.9239,1.3
CELL-05,2026-05-26,mid,1399,0.955,0.6572,0.7361,1.03
CELL-05,2026-05-27,mid,1861,1.055,0.7379,0.9111,1.7
CELL-05,2026-05-28,mid,1948,1.07,0.747,0.9232,1.8
CELL-05,2026-05-29,mid,1813,1.025,0.7862,0.9819,1.78
CELL-05,2026-05-30,mid,1737,1.234,0.706,0.9711,1.69
CELL-05,2026-05-31,mid,1707,1.443,0.5812,0.9564,1.63
CELL-05,2026-06-01,mid,1375,1.322,0.6479,0.9694,1.33
CELL-05,2026-06-02,mid,1450,1.385,0.5831,0.9012,1.31
CELL-05,2026-06-03,mid,1732,1.472,0.5857,0.9426,1.63
CELL-05,2026-06-04,mid,1900,1.269,0.6735,0.9646,1.83
CELL-05,2026-06-05,mid,1885,1.23,0.6789,0.9498,1.79
CELL-05,2026-06-06,mid,1687,1.23,0.6942,0.916,1.55
CELL-05,2026-06-07,mid,1759,1.23,0.69,0.9478,1.67
CELL-05,2026-06-08,mid,1286,1.249,0.6506,0.9525,1.23
CELL-05,2026-06-09,mid,1442,1.243,0.6761,0.9764,1.41
CELL-05,2026-06-10,mid,1709,1.346,0.7344,1.1173,1.91
CELL-05,2026-06-11,mid,1986,1.278,0.8801,1.5344,3.05
CELL-05,2026-06-12,mid,1947,1.478,0.7512,1.3309,2.59
CELL-05,2026-06-13,mid,1834,1.574,0.5291,0.8885,1.63
CELL-05,2026-06-14,mid,1728,1.346,0.6025,0.8989,1.55
CELL-05,2026-06-15,mid,1380,1.346,0.6141,0.9167,1.27
CELL-05,2026-06-16,mid,1254,1.346,0.5634,0.7681,0.96
CELL-05,2026-06-17,mid,1913,1.493,0.5601,0.9449,1.81
CELL-05,2026-06-18,mid,1933,1.387,0.6397,1.0332,2.0
CELL-05,2026-06-19,mid,1872,1.495,0.5209,0.8134,1.52
CELL-05,2026-06-20,mid,1833,1.23,0.6969,0.9738,1.79
CELL-05,2026-06-21,mid,1709,1.152,0.6914,0.9314,1.59
CELL-05,2026-06-22,mid,1447,1.152,0.6279,0.7623,1.1
CELL-05,2026-06-23,mid,1284,1.068,0.6969,0.835,1.07
CELL-05,2026-06-24,mid,1842,1.104,0.6635,0.8066,1.49
CELL-05,2026-06-25,mid,1863,1.096,0.7723,1.0282,1.92
CELL-05,2026-06-26,mid,1858,1.285,0.6763,0.9658,1.8
CELL-05,2026-06-27,mid,1927,1.287,0.7317,1.1199,2.16
CELL-05,2026-06-28,mid,1700,1.296,0.7171,1.0688,1.82
CELL-05,2026-06-29,mid,1474,1.366,0.6333,0.9732,1.43
CELL-05,2026-06-30,mid,1374,1.447,0.5285,0.8567,1.18
CELL-05,2026-07-01,mid,1765,1.447,0.5381,0.8283,1.46
CELL-05,2026-07-02,mid,1973,1.258,0.7131,1.0704,2.11
CELL-05,2026-07-03,mid,1901,1.175,0.7276,1.0337,1.97
CELL-05,2026-07-04,mid,1817,1.218,0.6728,0.9149,1.66
CELL-05,2026-07-05,mid,1843,1.281,0.6796,0.9627,1.77
CELL-05,2026-07-06,mid,1441,1.335,0.6189,0.8808,1.27
CELL-05,2026-07-07,mid,1374,1.249,0.6713,0.9821,1.35
CELL-05,2026-07-08,mid,1729,1.149,0.7739,1.0754,1.86
CELL-05,2026-07-09,mid,1743,1.149,0.7472,1.0273,1.79
CELL-05,2026-07-10,mid,1854,1.345,0.6975,1.0845,2.01
CELL-05,2026-07-11,mid,1771,1.402,0.6436,0.9961,1.76
CELL-05,2026-07-12,mid,1719,1.323,0.62,0.8908,1.53
CELL-05,2026-07-13,mid,1347,1.149,0.843,1.2582,1.7
CELL-05,2026-07-14,mid,1421,1.315,0.7492,1.2111,1.72
CELL-05,2026-07-15,mid,1789,1.198,0.6604,0.8563,1.53
CELL-05,2026-07-16,mid,1790,1.238,0.8557,1.4541,2.6
CELL-05,2026-07-17,mid,1942,1.38,0.7859,1.3313,2.59
CELL-05,2026-07-18,mid,1858,1.449,0.8061,1.4474,2.69
CELL-05,2026-07-19,mid,1727,1.592,0.4338,0.7549,1.3
CELL-05,2026-07-20,mid,1271,1.409,0.6024,0.9496,1.21
CELL-05,2026-07-21,mid,1323,1.512,0.4888,0.814,1.08
CELL-05,2026-07-22,mid,1906,1.351,0.6621,1.0045,1.92
CELL-05,2026-07-23,mid,1924,1.397,0.6687,1.0487,2.02
CELL-05,2026-07-24,mid,2061,1.484,0.6766,1.0924,2.25
CELL-05,2026-07-25,mid,1713,1.616,0.4931,0.8897,1.52
CELL-05,2026-07-26,mid,1690,1.521,0.581,0.9555,1.62
CELL-05,2026-07-27,mid,1466,1.457,0.6103,0.9884,1.45
CELL-05,2026-07-28,mid,1251,1.308,0.7301,1.1107,1.39
CELL-05,2026-07-29,mid,1947,1.585,0.5921,1.0222,1.99
CELL-05,2026-07-30,mid,1881,1.4,0.6757,1.0782,2.03
CELL-05,2026-07-31,mid,1905,1.4,0.631,1.001,1.91
CELL-05,2026-08-01,mid,1697,1.419,0.6144,0.9658,1.64
CELL-05,2026-08-02,mid,1766,1.627,0.4681,0.8077,1.43
CELL-05,2026-08-03,mid,1339,1.627,0.4214,0.7304,0.98
CELL-05,2026-08-04,mid,1271,1.449,0.5009,0.7785,0.99
CELL-05,2026-08-05,mid,1849,1.449,0.4663,0.7509,1.39
CELL-05,2026-08-06,mid,1964,1.192,0.677,0.9186,1.8
CELL-05,2026-08-07,mid,1949,1.419,0.536,0.7775,1.52
CELL-05,2026-08-08,mid,1762,1.419,0.5085,0.77,1.36
CELL-05,2026-08-09,mid,1730,1.191,0.6768,0.8408,1.46
CELL-05,2026-08-10,mid,1389,1.333,0.4973,0.7478,1.04
CELL-05,2026-08-11,mid,1258,1.08,0.6092,0.71,0.89
CELL-05,2026-08-12,mid,1644,1.073,0.7161,0.9261,1.52
CELL-05,2026-08-13,mid,1883,1.204,0.7048,0.9504,1.79
CELL-05,2026-08-14,mid,2030,1.072,0.776,0.989,2.01
CELL-05,2026-08-15,mid,1801,1.278,0.6748,0.9642,1.74
CELL-05,2026-08-16,mid,1762,1.424,0.5151,0.7984,1.41
CELL-05,2026-08-17,mid,1572,1.165,0.6401,0.8232,1.29
CELL-05,2026-08-18,mid,1255,0.965,0.7978,0.9462,1.19
CELL-05,2026-08-19,mid,1914,1.144,0.7245,0.9797,1.88
CELL-05,2026-08-20,mid,1980,1.283,0.7134,1.0695,2.12
CELL-05,2026-08-21,mid,2053,1.112,0.7622,1.0384,2.13
CELL-05,2026-08-22,mid,1949,1.344,0.64,0.9505,1.85
CELL-05,2026-08-23,mid,1672,1.506,0.5567,0.9203,1.54
CELL-05,2026-08-24,mid,1451,1.523,0.5047,0.8182,1.19
CELL-05,2026-08-25,mid,1374,1.106,0.7022,0.9121,1.25
CELL-05,2026-08-26,mid,1703,1.23,0.7449,1.0691,1.82
CELL-05,2026-08-27,mid,1766,1.138,0.8036,1.1573,2.04
CELL-05,2026-08-28,mid,1831,1.086,0.8315,1.1324,2.07
CELL-05,2026-08-29,mid,1826,1.082,0.8029,1.0526,1.92
CELL-05,2026-08-30,mid,1722,1.419,0.591,0.9171,1.58
CELL-05,2026-08-31,mid,1423,1.34,0.5921,0.8377,1.19
CELL-05,2026-09-01,mid,1428,1.307,0.628,0.9558,1.37
CELL-05,2026-09-02,mid,1900,1.232,0.7451,1.0636,2.02
CELL-05,2026-09-03,mid,1883,1.285,0.7369,1.1265,2.12
CELL-05,2026-09-04,mid,2017,1.266,0.7411,1.0906,2.2
CELL-05,2026-09-05,mid,1839,1.163,0.9008,1.4632,2.69
CELL-05,2026-09-06,mid,1739,1.27,0.7252,1.1346,1.97
CELL-05,2026-09-07,mid,1364,1.27,0.7618,1.1295,1.54
CELL-05,2026-09-08,mid,1424,1.241,0.5407,0.7225,1.03
CELL-05,2026-09-09,mid,1712,1.26,0.6216,0.8973,1.54
CELL-05,2026-09-10,mid,1872,1.139,0.8527,1.2487,2.34
CELL-05,2026-09-11,mid,1952,1.281,0.6443,0.9082,1.77
CELL-05,2026-09-12,mid,1799,1.469,0.496,0.79,1.42
CELL-05,2026-09-13,mid,1654,1.254,0.6103,0.8657,1.43
CELL-05,2026-09-14,mid,1381,1.254,0.6038,0.8115,1.12
CELL-05,2026-09-15,mid,1428,1.173,0.6699,0.9153,1.31
CELL-05,2026-09-16,mid,1793,1.146,0.7875,1.1317,2.03
CELL-05,2026-09-17,mid,1772,1.158,0.8002,1.1456,2.03
CELL-05,2026-09-18,mid,1881,1.43,0.6656,1.142,2.15
CELL-05,2026-09-19,mid,1698,1.27,0.677,0.9293,1.58
CELL-05,2026-09-20,mid,1687,1.376,0.5739,0.8113,1.37
CELL-05,2026-09-21,mid,1560,1.348,0.5772,0.8874,1.38
CELL-05,2026-09-22,mid,1344,1.198,0.698,0.9241,1.24
CELL-05,2026-09-23,mid,1737,1.195,0.698,0.9733,1.69
CELL-05,2026-09-24,mid,1865,1.306,0.597,0.8644,1.61
CELL-05,2026-09-25,mid,1913,0.981,0.8326,1.0366,1.98
CELL-05,2026-09-26,mid,1693,1.154,0.7463,0.9908,1.68
CELL-05,2026-09-27,mid,1694,1.122,0.738,0.9417,1.6
CELL-06,2026-04-01,thick,43867,0.964,0.9906,1.9608,86.02
CELL-06,2026-04-02,thick,48164,1.223,0.9768,2.0472,98.6
CELL-06,2026-04-03,thick,51073,1.223,0.9768,2.0719,105.82
CELL-06,2026-04-04,thick,48011,1.531,0.8968,1.8521,88.92
CELL-06,2026-04-05,thick,44085,1.736,0.7863,1.6408,72.34
CELL-06,2026-04-06,thick,35828,1.666,0.8324,1.739,62.31
CELL-06,2026-04-07,thick,32680,2.215,0.4902,1.1772,38.47
CELL-06,2026-04-08,thick,43614,1.763,0.8393,1.8436,80.41
CELL-06,2026-04-09,thick,52813,1.881,0.8157,1.8766,99.11
CELL-06,2026-04-10,thick,45455,1.852,0.8128,1.8284,83.11
CELL-06,2026-04-11,thick,44083,1.852,0.8339,1.9358,85.34
CELL-06,2026-04-12,thick,44831,1.852,0.832,1.9295,86.5
CELL-06,2026-04-13,thick,37427,2.169,0.7262,1.8286,68.44
CELL-06,2026-04-14,thick,32876,2.169,0.6999,1.7356,57.06
CELL-06,2026-04-15,thick,46031,1.846,0.837,1.935,89.07
CELL-06,2026-04-16,thick,47213,1.846,0.8352,1.9119,90.27
CELL-06,2026-04-17,thick,45762,1.823,0.8517,1.9725,90.27
CELL-06,2026-04-18,thick,44248,2.002,0.8371,2.0884,92.41
CELL-06,2026-04-19,thick,42563,2.002,0.8481,2.143,91.21
CELL-06,2026-04-20,thick,38566,1.821,0.8643,2.0105,77.54
CELL-06,2026-04-21,thick,36911,1.926,0.8478,2.0502,75.67
CELL-06,2026-04-22,thick,42069,1.926,0.8337,1.9809,83.33
CELL-06,2026-04-23,thick,53217,2.036,0.9385,2.7775,147.81
CELL-06,2026-04-24,thick,47171,2.316,0.8857,2.7051,127.6
CELL-06,2026-04-25,thick,46241,2.424,0.8646,2.7095,125.29
CELL-06,2026-04-26,thick,45976,2.721,0.4068,1.1689,53.74
CELL-06,2026-04-27,thick,37134,2.44,0.5056,1.312,48.72
CELL-06,2026-04-28,thick,32507,2.129,0.6627,1.5799,51.36
CELL-06,2026-04-29,thick,42272,1.735,0.8695,1.9655,83.09
CELL-06,2026-04-30,thick,49307,1.735,0.8826,2.0121,99.21
CELL-06,2026-05-01,thick,48070,2.036,0.7857,1.9225,92.42
CELL-06,2026-05-02,thick,43960,2.036,0.7815,1.9146,84.17
CELL-06,2026-05-03,thick,47730,2.036,0.7288,1.7155,81.88
CELL-06,2026-05-04,thick,36513,2.036,0.6876,1.6137,58.92
CELL-06,2026-05-05,thick,35134,1.757,0.8207,1.7715,62.24
CELL-06,2026-05-06,thick,41596,1.7,0.8706,1.9141,79.62
CELL-06,2026-05-07,thick,49870,1.838,0.8572,2.0163,100.55
CELL-06,2026-05-08,thick,43956,2.319,0.6442,1.6575,72.86
CELL-06,2026-05-09,thick,42963,2.167,0.6601,1.6018,68.82
CELL-06,2026-05-10,thick,40957,1.992,0.7738,1.8369,75.23
CELL-06,2026-05-11,thick,34260,1.992,0.7854,1.863,63.83
CELL-06,2026-05-12,thick,32010,1.914,0.7651,1.7415,55.74
CELL-06,2026-05-13,thick,44800,2.102,0.7309,1.7759,79.56
CELL-06,2026-05-14,thick,44539,2.172,0.7288,1.8176,80.95
CELL-06,2026-05-15,thick,52848,2.387,0.6501,1.7349,91.69
CELL-06,2026-05-16,thick,40481,2.122,0.6781,1.6326,66.09
CELL-06,2026-05-17,thick,45044,2.289,0.6308,1.618,72.88
CELL-06,2026-05-18,thick,35446,2.234,0.6366,1.5712,55.69
CELL-06,2026-05-19,thick,33553,2.451,0.6037,1.6173,54.27
CELL-06,2026-05-20,thick,43441,2.422,0.5591,1.462,63.51
CELL-06,2026-05-21,thick,43543,2.146,0.7433,1.8486,80.5
CELL-06,2026-05-22,thick,46057,2.098,0.6736,1.6008,73.73
CELL-06,2026-05-23,thick,45516,2.098,0.7326,1.7844,81.22
CELL-06,2026-05-24,thick,44054,2.426,0.6118,1.6469,72.55
CELL-06,2026-05-25,thick,39467,2.468,0.476,1.2374,48.83
CELL-06,2026-05-26,thick,33449,1.945,0.7084,1.5812,52.89
CELL-06,2026-05-27,thick,42177,1.854,0.8203,1.8542,78.21
CELL-06,2026-05-28,thick,43844,1.854,0.8479,1.9872,87.13
CELL-06,2026-05-29,thick,46945,1.699,0.8899,2.0223,94.94
CELL-06,2026-05-30,thick,41323,1.518,0.9453,2.135,88.22
CELL-06,2026-05-31,thick,43324,1.518,0.9276,2.0005,86.67
CELL-06,2026-06-01,thick,38569,1.822,0.7915,1.7345,66.9
CELL-06,2026-06-02,thick,32309,1.784,0.8097,1.7652,57.03
CELL-06,2026-06-03,thick,47837,2.224,0.6292,1.5429,73.81
CELL-06,2026-06-04,thick,48740,2.327,0.6349,1.6292,79.41
CELL-06,2026-06-05,thick,44732,1.963,0.7991,1.9054,85.24
CELL-06,2026-06-06,thick,47408,2.196,0.6686,1.6418,77.84
CELL-06,2026-06-07,thick,42509,2.196,0.6762,1.6649,70.77
CELL-06,2026-06-08,thick,37044,2.336,0.5852,1.4939,55.34
CELL-06,2026-06-09,thick,34425,2.118,0.6764,1.6185,55.72
CELL-06,2026-06-10,thick,42350,2.076,0.7169,1.7202,72.85
CELL-06,2026-06-11,thick,49980,2.514,0.5922,1.621,81.02
CELL-06,2026-06-12,thick,40253,2.152,0.7433,1.8656,75.1
CELL-06,2026-06-13,thick,49251,1.961,0.8168,1.98,97.52
CELL-06,2026-06-14,thick,43482,1.961,0.8461,2.0848,90.65
CELL-06,2026-06-15,thick,35728,2.419,0.3788,0.9873,35.28
CELL-06,2026-06-16,thick,35554,1.814,0.7407,1.5554,55.3
CELL-06,2026-06-17,thick,44647,1.745,0.8172,1.7386,77.63
CELL-06,2026-06-18,thick,48137,1.614,0.885,1.8802,90.51
CELL-06,2026-06-19,thick,47047,1.614,0.8986,1.9349,91.03
CELL-06,2026-06-20,thick,45360,1.898,0.7836,1.775,80.52
CELL-06,2026-06-21,thick,41130,2.169,0.6115,1.4564,59.9
CELL-06,2026-06-22,thick,35434,2.293,0.628,1.59,56.34
CELL-06,2026-06-23,thick,32842,2.281,0.6687,1.7142,56.3
CELL-06,2026-06-24,thick,40710,2.492,0.6108,1.676,68.23
CELL-06,2026-06-25,thick,46352,2.698,0.6038,1.7707,82.08
CELL-06,2026-06-26,thick,51296,2.698,0.5669,1.6638,85.35
CELL-06,2026-06-27,thick,45035,2.786,0.5321,1.5871,71.48
CELL-06,2026-06-28,thick,40387,2.786,0.4725,1.4055,56.77
CELL-06,2026-06-29,thick,35734,2.786,0.2,0.5658,20.22
CELL-06,2026-06-30,thick,33188,2.786,0.1737,0.4974,16.51
CELL-06,2026-07-01,thick,45392,1.978,0.3978,0.8288,37.62
CELL-06,2026-07-02,thick,47644,1.673,0.5288,0.9455,45.05
CELL-06,2026-07-03,thick,45769,1.525,0.6482,1.1132,50.95
CELL-06,2026-07-04,thick,48150,1.432,0.6786,1.1,52.97
CELL-06,2026-07-05,thick,40812,1.627,0.5803,1.0215,41.69
CELL-06,2026-07-06,thick,38882,1.627,0.5802,1.0236,39.8
CELL-06,2026-07-07,thick,33058,1.549,0.622,1.0699,35.37
CELL-06,2026-07-08,thick,43307,1.332,0.8327,1.3684,59.26
CELL-06,2026-07-09,thick,44673,1.573,0.7385,1.3583,60.68
CELL-06,2026-07-10,thick,49655,1.532,0.6645,1.1504,57.12
CELL-06,2026-07-11,thick,42106,1.339,0.7748,1.2325,51.9
CELL-06,2026-07-12,thick,40301,1.475,0.5013,0.8473,34.15
CELL-06,2026-07-13,thick,35335,1.48,0.6404,1.0546,37.26
CELL-06,2026-07-14,thick,33586,1.107,0.8584,1.2068,40.53
CELL-06,2026-07-15,thick,49179,1.064,0.8894,1.2626,62.1
CELL-06,2026-07-16,thick,49863,1.064,0.9319,1.4236,70.99
CELL-06,2026-07-17,thick,45370,1.305,0.8355,1.3621,61.8
CELL-06,2026-07-18,thick,44159,1.305,0.8419,1.3729,60.63
CELL-06,2026-07-19,thick,44131,1.438,0.7924,1.386,61.17
CELL-06,2026-07-20,thick,36630,1.526,0.7414,1.3218,48.42
CELL-06,2026-07-21,thick,31143,1.919,0.4326,0.8867,27.61
CELL-06,2026-07-22,thick,44305,1.735,0.6054,1.1573,51.28
CELL-06,2026-07-23,thick,43897,1.596,0.8675,1.7825,78.25
CELL-06,2026-07-24,thick,47352,1.628,0.8963,1.9718,93.37
CELL-06,2026-07-25,thick,45962,1.776,0.8788,2.0518,94.3
CELL-06,2026-07-26,thick,42942,1.991,0.5637,1.2128,52.08
CELL-06,2026-07-27,thick,36542,2.004,0.4986,1.0606,38.76
CELL-06,2026-07-28,thick,34263,1.648,0.6144,1.1211,38.41
CELL-06,2026-07-29,thick,44844,1.727,0.6905,1.3632,61.13
CELL-06,2026-07-30,thick,49398,1.627,0.7957,1.5618,77.15
CELL-06,2026-07-31,thick,46371,1.608,0.7698,1.4691,68.13
CELL-06,2026-08-01,thick,44681,1.755,0.6855,1.3797,61.65
CELL-06,2026-08-02,thick,39848,1.818,0.6448,1.2976,51.71
CELL-06,2026-08-03,thick,37255,1.818,0.5135,0.9891,36.85
CELL-06,2026-08-04,thick,32383,1.818,0.4411,0.8409,27.23
CELL-06,2026-08-05,thick,44298,1.818,0.5376,1.0535,46.67
CELL-06,2026-08-06,thick,47191,1.818,0.622,1.2605,59.49
CELL-06,2026-08-07,thick,51014,1.85,0.5283,1.0594,54.04
CELL-06,2026-08-08,thick,45403,1.775,0.5451,1.047,47.54
CELL-06,2026-08-09,thick,40665,1.658,0.8449,1.7813,72.44
CELL-06,2026-08-10,thick,35569,2.023,0.6893,1.5768,56.09
CELL-06,2026-08-11,thick,31095,1.757,0.4993,0.9386,29.18
CELL-06,2026-08-12,thick,43730,1.693,0.5815,1.0741,46.97
CELL-06,2026-08-13,thick,49222,1.511,0.6967,1.2017,59.15
CELL-06,2026-08-14,thick,49607,1.658,0.6575,1.2168,60.36
CELL-06,2026-08-15,thick,46871,1.604,0.6661,1.1909,55.82
CELL-06,2026-08-16,thick,40599,1.488,0.7035,1.196,48.56
CELL-06,2026-08-17,thick,34109,1.654,0.4982,0.8826,30.11
CELL-06,2026-08-18,thick,34804,1.654,0.4904,0.8688,30.24
CELL-06,2026-08-19,thick,45740,1.734,0.461,0.8492,38.84
CELL-06,2026-08-20,thick,47528,1.568,0.6631,1.1648,55.36
CELL-06,2026-08-21,thick,45440,1.977,0.4912,1.0402,47.27
CELL-06,2026-08-22,thick,47480,1.977,0.2531,0.5282,25.08
CELL-06,2026-08-23,thick,44967,1.412,0.7291,1.1897,53.5
CELL-06,2026-08-24,thick,39270,1.473,0.6993,1.1677,45.86
CELL-06,2026-08-25,thick,33483,1.416,0.7467,1.2201,40.85
CELL-06,2026-08-26,thick,42876,1.483,0.7344,1.2738,54.62
CELL-06,2026-08-27,thick,47871,1.363,0.7503,1.1849,56.72
CELL-06,2026-08-28,thick,49914,1.506,0.6388,1.0665,53.24
CELL-06,2026-08-29,thick,39644,1.366,0.6957,1.0849,43.01
CELL-06,2026-08-30,thick,44068,1.294,0.405,0.6329,27.89
CELL-06,2026-08-31,thick,35921,0.912,0.9606,1.3878,49.85
CELL-06,2026-09-01,thick,36014,1.015,0.9238,1.3295,47.88
CELL-06,2026-09-02,thick,49379,1.015,0.9292,1.3392,66.13
CELL-06,2026-09-03,thick,45066,1.015,0.9401,1.3922,62.74
CELL-06,2026-09-04,thick,46578,1.213,0.9151,1.5415,71.8
CELL-06,2026-09-05,thick,45302,1.414,0.8243,1.4363,65.07
CELL-06,2026-09-06,thick,42623,1.607,0.695,1.2756,54.37
CELL-06,2026-09-07,thick,39197,1.395,0.6843,1.0874,42.63
CELL-06,2026-09-08,thick,31631,1.285,0.6695,0.9666,30.58
CELL-06,2026-09-09,thick,48055,1.325,0.6832,1.0335,49.66
CELL-06,2026-09-10,thick,49315,1.269,0.8242,1.2879,63.51
CELL-06,2026-09-11,thick,50318,1.278,0.8686,1.4345,72.18
CELL-06,2026-09-12,thick,44129,1.163,0.8765,1.3323,58.79
CELL-06,2026-09-13,thick,42726,1.163,0.8598,1.2735,54.41
CELL-06,2026-09-14,thick,37677,1.529,0.6736,1.1611,43.75
CELL-06,2026-09-15,thick,32363,1.529,0.6649,1.1253,36.42
CELL-06,2026-09-16,thick,39713,1.498,0.6592,1.1121,44.16
CELL-06,2026-09-17,thick,45389,1.498,0.6654,1.1169,50.69
CELL-06,2026-09-18,thick,50153,1.477,0.6902,1.1567,58.01
CELL-06,2026-09-19,thick,44239,1.229,0.8481,1.3188,58.34
CELL-06,2026-09-20,thick,42424,1.161,0.8746,1.3216,56.07
CELL-06,2026-09-21,thick,36125,1.562,0.6758,1.184,42.77
CELL-06,2026-09-22,thick,33516,1.406,0.7204,1.1827,39.64
CELL-06,2026-09-23,thick,46011,1.416,0.7637,1.2766,58.74
CELL-06,2026-09-24,thick,48956,1.574,0.666,1.1676,57.16
CELL-06,2026-09-25,thick,51895,1.574,0.7237,1.3241,68.72
CELL-06,2026-09-26,thick,46752,1.792,0.608,1.1944,55.84
CELL-06,2026-09-27,thick,45501,1.446,0.8974,1.7519,79.71
CELL-07,2026-04-01,thick,143217,1.178,0.795,1.1972,171.46
CELL-07,2026-04-02,thick,157478,1.178,0.8301,1.3129,206.75
CELL-07,2026-04-03,thick,148654,1.422,0.7278,1.245,185.07
CELL-07,2026-04-04,thick,150508,1.412,0.7599,1.3269,199.71
CELL-07,2026-04-05,thick,138437,1.412,0.7677,1.3401,185.52
CELL-07,2026-04-06,thick,119264,2.025,0.5414,1.1929,142.27
CELL-07,2026-04-07,thick,107077,1.747,0.3097,0.6128,65.62
CELL-07,2026-04-08,thick,150571,1.6,0.6732,1.2593,189.61
CELL-07,2026-04-09,thick,143841,1.641,0.6239,1.1512,165.59
CELL-07,2026-04-10,thick,168379,1.469,0.6949,1.1962,201.42
CELL-07,2026-04-11,thick,152139,1.312,0.7231,1.1355,172.75
CELL-07,2026-04-12,thick,130699,1.496,0.6076,1.0146,132.6
CELL-07,2026-04-13,thick,113237,1.496,0.6607,1.1251,127.4
CELL-07,2026-04-14,thick,119920,1.294,0.7269,1.1256,134.98
CELL-07,2026-04-15,thick,139897,1.295,0.7216,1.1157,156.09
CELL-07,2026-04-16,thick,148103,1.399,0.7175,1.196,177.13
CELL-07,2026-04-17,thick,163139,1.519,0.6598,1.1518,187.91
CELL-07,2026-04-18,thick,145200,1.634,0.6233,1.1558,167.82
CELL-07,2026-04-19,thick,134246,2.068,0.5122,1.143,153.44
CELL-07,2026-04-20,thick,120785,2.375,0.4232,1.0477,126.54
CELL-07,2026-04-21,thick,103230,2.33,0.399,0.9723,100.37
CELL-07,2026-04-22,thick,152499,2.193,0.4837,1.1256,171.65
CELL-07,2026-04-23,thick,147047,2.55,0.3307,0.8686,127.72
CELL-07,2026-04-24,thick,156107,2.55,0.389,1.0382,162.07
CELL-07,2026-04-25,thick,138118,2.904,0.2816,0.8312,114.8
CELL-07,2026-04-26,thick,132102,2.18,0.4154,0.9461,124.99
CELL-07,2026-04-27,thick,112981,1.877,0.5726,1.1799,133.3
CELL-07,2026-04-28,thick,110925,1.972,0.4867,1.0271,113.93
CELL-07,2026-04-29,thick,146049,2.14,0.4014,0.8958,130.83
CELL-07,2026-04-30,thick,134246,2.14,0.2191,0.4731,63.51
CELL-07,2026-05-01,thick,152217,2.17,0.434,0.9963,151.65
CELL-07,2026-05-02,thick,154332,2.155,0.4765,1.0966,169.24
CELL-07,2026-05-03,thick,139963,2.22,0.4143,0.9616,134.59
CELL-07,2026-05-04,thick,112508,1.881,0.4932,0.9947,111.91
CELL-07,2026-05-05,thick,115906,1.896,0.4574,0.9266,107.39
CELL-07,2026-05-06,thick,140328,1.995,0.5158,1.1071,155.36
CELL-07,2026-05-07,thick,157173,2.187,0.4267,0.9757,153.36
CELL-07,2026-05-08,thick,166377,2.233,0.3958,0.9206,153.17
CELL-07,2026-05-09,thick,139929,2.016,0.4457,0.9492,132.83
CELL-07,2026-05-10,thick,126193,1.913,0.4854,0.9957,125.64
CELL-07,2026-05-11,thick,125421,2.089,0.4025,0.88,110.37
CELL-07,2026-05-12,thick,111990,2.326,0.3191,0.765,85.67
CELL-07,2026-05-13,thick,158701,1.86,0.5384,1.0834,171.93
CELL-07,2026-05-14,thick,158293,1.96,0.5824,1.2691,200.89
CELL-07,2026-05-15,thick,151131,1.96,0.5627,1.2155,183.69
CELL-07,2026-05-16,thick,141608,1.998,0.4995,1.0729,151.93
CELL-07,2026-05-17,thick,140519,2.267,0.4457,1.078,151.47
CELL-07,2026-05-18,thick,119083,1.744,0.5785,1.122,133.61
CELL-07,2026-05-19,thick,119472,1.744,0.5004,0.9461,113.04
CELL-07,2026-05-20,thick,147383,1.744,0.5642,1.0838,159.73
CELL-07,2026-05-21,thick,159279,1.365,0.7227,1.1827,188.38
CELL-07,2026-05-22,thick,151239,1.447,0.7131,1.2299,186.01
CELL-07,2026-05-23,thick,136811,1.507,0.7256,1.3164,180.11
CELL-07,2026-05-24,thick,130174,1.702,0.594,1.1245,146.38
CELL-07,2026-05-25,thick,112237,1.64,0.5827,1.0603,119.0
CELL-07,2026-05-26,thick,112857,1.519,0.5777,0.9704,109.52
CELL-07,2026-05-27,thick,151148,1.174,0.8,1.2106,182.98
CELL-07,2026-05-28,thick,151892,1.418,0.7405,1.273,193.36
CELL-07,2026-05-29,thick,150924,1.593,0.6976,1.3108,197.83
CELL-07,2026-05-30,thick,160646,2.164,0.4935,1.1542,185.42
CELL-07,2026-05-31,thick,135190,2.164,0.4068,0.908,122.76
CELL-07,2026-06-01,thick,116096,1.863,0.4787,0.9564,111.03
CELL-07,2026-06-02,thick,106062,1.892,0.4704,0.9526,101.04
CELL-07,2026-06-03,thick,146977,1.862,0.5121,1.0239,150.49
CELL-07,2026-06-04,thick,155950,1.839,0.5389,1.0759,167.78
CELL-07,2026-06-05,thick,156683,1.884,0.5729,1.193,186.92
CELL-07,2026-06-06,thick,164686,1.795,0.5434,1.0617,174.84
CELL-07,2026-06-07,thick,142495,2.036,0.4389,0.944,134.52
CELL-07,2026-06-08,thick,124560,1.983,0.4415,0.9284,115.64
CELL-07,2026-06-09,thick,104349,1.973,0.4762,0.9969,104.03
CELL-07,2026-06-10,thick,164284,1.973,0.4911,1.04,170.86
CELL-07,2026-06-11,thick,146869,2.096,0.4491,0.9975,146.5
CELL-07,2026-06-12,thick,163147,2.096,0.5095,1.1535,188.2
CELL-07,2026-06-13,thick,141119,2.181,0.5099,1.2,169.34
CELL-07,2026-06-14,thick,142905,1.962,0.5247,1.1239,160.61
CELL-07,2026-06-15,thick,103848,1.438,0.7071,1.2038,125.02
CELL-07,2026-06-16,thick,107527,1.438,0.686,1.149,123.55
CELL-07,2026-06-17,thick,135145,1.438,0.6529,1.0727,144.98
CELL-07,2026-06-18,thick,169700,1.63,0.5931,1.0755,182.52
CELL-07,2026-06-19,thick,154305,1.63,0.6637,1.253,193.35
CELL-07,2026-06-20,thick,142395,1.564,0.6557,1.1762,167.48
CELL-07,2026-06-21,thick,138046,1.564,0.6496,1.163,160.55
CELL-07,2026-06-22,thick,119624,1.491,0.6382,1.0724,128.29
CELL-07,2026-06-23,thick,105034,1.375,0.6682,1.0588,111.21
CELL-07,2026-06-24,thick,146269,1.219,0.7687,1.165,170.41
CELL-07,2026-06-25,thick,154221,1.502,0.6763,1.1738,181.03
CELL-07,2026-06-26,thick,155128,1.457,0.738,1.3005,201.75
CELL-07,2026-06-27,thick,153707,1.73,0.6698,1.3302,204.46
CELL-07,2026-06-28,thick,140094,1.73,0.706,1.4444,202.35
CELL-07,2026-06-29,thick,123505,1.748,0.5869,1.1325,139.87
CELL-07,2026-06-30,thick,112444,1.748,0.5554,1.0624,119.46
CELL-07,2026-07-01,thick,146730,1.75,0.5776,1.1151,163.61
CELL-07,2026-07-02,thick,157042,1.555,0.6904,1.2544,196.99
CELL-07,2026-07-03,thick,162611,1.63,0.6623,1.2406,201.74
CELL-07,2026-07-04,thick,139826,1.505,0.6657,1.1521,161.1
CELL-07,2026-07-05,thick,141033,1.543,0.2953,0.5251,74.06
CELL-07,2026-07-06,thick,116066,1.365,0.7399,1.2204,141.64
CELL-07,2026-07-07,thick,104744,1.743,0.6388,1.2641,132.41
CELL-07,2026-07-08,thick,141447,2.009,0.5119,1.1085,156.8
CELL-07,2026-07-09,thick,154926,2.021,0.6035,1.3619,211.0
CELL-07,2026-07-10,thick,152173,2.021,0.5098,1.1046,168.09
CELL-07,2026-07-11,thick,143728,2.021,0.5051,1.0994,158.01
CELL-07,2026-07-12,thick,144983,2.509,0.3736,0.9699,140.63
CELL-07,2026-07-13,thick,112333,2.548,0.3249,0.8491,95.38
CELL-07,2026-07-14,thick,112847,2.247,0.364,0.8486,95.77
CELL-07,2026-07-15,thick,142747,2.169,0.3706,0.8341,119.06
CELL-07,2026-07-16,thick,145680,1.569,0.5351,0.9025,131.48
CELL-07,2026-07-17,thick,163409,1.714,0.6017,1.1523,188.3
CELL-07,2026-07-18,thick,146418,1.982,0.4487,0.9447,138.32
CELL-07,2026-07-19,thick,134821,1.962,0.4405,0.9079,122.41
CELL-07,2026-07-20,thick,118474,2.114,0.3684,0.8106,96.03
CELL-07,2026-07-21,thick,116073,1.936,0.414,0.8344,96.85
CELL-07,2026-07-22,thick,161685,1.799,0.5139,0.999,161.53
CELL-07,2026-07-23,thick,159063,1.742,0.5526,1.0517,167.29
CELL-07,2026-07-24,thick,157275,1.742,0.6013,1.1657,183.34
CELL-07,2026-07-25,thick,156477,1.804,0.5887,1.1723,183.44
CELL-07,2026-07-26,thick,133789,1.688,0.5924,1.1153,149.21
CELL-07,2026-07-27,thick,125630,1.577,0.6069,1.0744,134.97
CELL-07,2026-07-28,thick,103720,1.662,0.5436,0.9906,102.74
CELL-07,2026-07-29,thick,152501,1.422,0.6966,1.1604,176.97
CELL-07,2026-07-30,thick,154856,1.702,0.5366,0.9931,153.78
CELL-07,2026-07-31,thick,141800,1.648,0.6222,1.1527,163.45
CELL-07,2026-08-01,thick,143626,1.932,0.4717,0.9741,139.9
CELL-07,2026-08-02,thick,151351,1.951,0.4561,0.944,142.87
CELL-07,2026-08-03,thick,114237,1.942,0.3642,0.7309,83.5
CELL-07,2026-08-04,thick,112157,1.916,0.3502,0.6909,77.49
CELL-07,2026-08-05,thick,151602,1.573,0.6341,1.1277,170.96
CELL-07,2026-08-06,thick,153080,1.719,0.4329,0.7855,120.25
CELL-07,2026-08-07,thick,158916,1.574,0.555,0.9597,152.52
CELL-07,2026-08-08,thick,146997,1.531,0.6423,1.1195,164.56
CELL-07,2026-08-09,thick,158731,1.791,0.5462,1.0628,168.69
CELL-07,2026-08-10,thick,125671,1.851,0.5206,1.0431,131.08
CELL-07,2026-08-11,thick,101772,2.255,0.3856,0.9144,93.06
CELL-07,2026-08-12,thick,142731,1.93,0.4684,0.9571,136.61
CELL-07,2026-08-13,thick,154051,1.794,0.5018,0.9731,149.91
CELL-07,2026-08-14,thick,146197,1.463,0.7226,1.2666,185.18
CELL-07,2026-08-15,thick,151802,1.602,0.825,1.7459,265.03
CELL-07,2026-08-16,thick,125159,1.939,0.7512,1.7823,223.07
CELL-07,2026-08-17,thick,123489,1.873,0.6873,1.5054,185.9
CELL-07,2026-08-18,thick,109603,1.873,0.4818,0.9692,106.23
CELL-07,2026-08-19,thick,134878,2.2,0.4163,0.9616,129.7
CELL-07,2026-08-20,thick,157010,1.743,0.5639,1.0859,170.5
CELL-07,2026-08-21,thick,157667,1.972,0.5093,1.0841,170.92
CELL-07,2026-08-22,thick,134968,1.626,0.6312,1.1554,155.94
CELL-07,2026-08-23,thick,148174,1.662,0.5742,1.0624,157.43
CELL-07,2026-08-24,thick,111867,1.485,0.5924,0.9807,109.71
CELL-07,2026-08-25,thick,116370,1.42,0.6475,1.0527,122.51
CELL-07,2026-08-26,thick,154679,1.483,0.6681,1.1437,176.9
CELL-07,2026-08-27,thick,164251,1.616,0.5751,1.0253,168.41
CELL-07,2026-08-28,thick,148247,1.761,0.535,1.0171,150.78
CELL-07,2026-08-29,thick,136847,2.051,0.3664,0.7796,106.69
CELL-07,2026-08-30,thick,140602,1.85,0.4348,0.8459,118.94
CELL-07,2026-08-31,thick,112887,1.968,0.4343,0.8986,101.45
CELL-07,2026-09-01,thick,103094,1.578,0.5617,0.9805,101.08
CELL-07,2026-09-02,thick,154254,1.578,0.6136,1.0903,168.19
CELL-07,2026-09-03,thick,166389,1.604,0.5675,1.0025,166.8
CELL-07,2026-09-04,thick,150450,1.561,0.6065,1.0572,159.06
CELL-07,2026-09-05,thick,137046,1.81,0.5491,1.0889,149.23
CELL-07,2026-09-06,thick,132481,1.863,0.5419,1.1093,146.96
CELL-07,2026-09-07,thick,109411,2.216,0.3906,0.8955,97.98
CELL-07,2026-09-08,thick,103134,2.207,0.3947,0.9106,93.92
CELL-07,2026-09-09,thick,153226,2.164,0.4873,1.1194,171.52
CELL-07,2026-09-10,thick,152271,2.063,0.4863,1.0822,164.79
CELL-07,2026-09-11,thick,152230,1.984,0.5626,1.2298,187.21
CELL-07,2026-09-12,thick,140510,2.172,0.4392,1.0101,141.93
CELL-07,2026-09-13,thick,131752,1.79,0.5208,1.0063,132.58
CELL-07,2026-09-14,thick,112795,1.608,0.5685,0.9987,112.65
CELL-07,2026-09-15,thick,113529,2.016,0.3978,0.8351,94.81
CELL-07,2026-09-16,thick,140771,1.868,0.4916,0.9892,139.26
CELL-07,2026-09-17,thick,161770,1.74,0.5578,1.0659,172.42
CELL-07,2026-09-18,thick,156515,1.478,0.6607,1.1147,174.47
CELL-07,2026-09-19,thick,155418,1.804,0.568,1.127,175.16
CELL-07,2026-09-20,thick,142908,2.074,0.381,0.8226,117.55
CELL-07,2026-09-21,thick,119397,2.09,0.203,0.4442,53.04
CELL-07,2026-09-22,thick,126956,1.583,0.6205,1.104,140.15
CELL-07,2026-09-23,thick,148183,1.509,0.7137,1.2856,190.5
CELL-07,2026-09-24,thick,165968,1.518,0.6886,1.2264,203.55
CELL-07,2026-09-25,thick,148449,1.699,0.6061,1.1481,170.44
CELL-07,2026-09-26,thick,154975,1.861,0.5443,1.1093,171.91
CELL-07,2026-09-27,thick,140402,1.861,0.4746,0.9453,132.72
CELL-08,2026-04-01,thick,60315,0.867,0.9964,1.8056,108.9
CELL-08,2026-04-02,thick,66775,1.097,0.9796,1.6902,112.86
CELL-08,2026-04-03,thick,61606,1.375,0.9426,1.7556,108.16
CELL-08,2026-04-04,thick,63249,1.884,0.7075,1.4847,93.91
CELL-08,2026-04-05,thick,57101,1.642,0.7823,1.4838,84.73
CELL-08,2026-04-06,thick,50669,1.871,0.6759,1.39,70.43
CELL-08,2026-04-07,thick,43240,2.094,0.5527,1.2269,53.05
CELL-08,2026-04-08,thick,56330,2.1,0.6239,1.4133,79.61
CELL-08,2026-04-09,thick,61426,2.139,0.6242,1.4301,87.85
CELL-08,2026-04-10,thick,58851,2.301,0.5705,1.4061,82.75
CELL-08,2026-04-11,thick,58821,2.105,0.709,1.6693,98.19
CELL-08,2026-04-12,thick,55632,2.105,0.5963,1.3522,75.23
CELL-08,2026-04-13,thick,46622,2.125,0.5195,1.1666,54.39
CELL-08,2026-04-14,thick,43621,1.66,0.7492,1.4163,61.78
CELL-08,2026-04-15,thick,57663,1.66,0.771,1.4583,84.09
CELL-08,2026-04-16,thick,67082,1.582,0.8955,1.7817,119.52
CELL-08,2026-04-17,thick,66326,1.833,0.7805,1.6429,108.97
CELL-08,2026-04-18,thick,60246,1.868,0.7442,1.5784,95.09
CELL-08,2026-04-19,thick,62085,1.804,0.7869,1.6332,101.4
CELL-08,2026-04-20,thick,48565,2.32,0.4756,1.1569,56.19
CELL-08,2026-04-21,thick,47621,2.155,0.5426,1.2325,58.69
CELL-08,2026-04-22,thick,60861,2.155,0.5948,1.3694,83.35
CELL-08,2026-04-23,thick,68353,2.155,0.6374,1.4898,101.83
CELL-08,2026-04-24,thick,61836,2.329,0.5738,1.4373,88.88
CELL-08,2026-04-25,thick,59463,2.435,0.5295,1.3681,81.35
CELL-08,2026-04-26,thick,56516,2.805,0.3179,0.9072,51.27
CELL-08,2026-04-27,thick,50740,2.695,0.3742,1.0512,53.34
CELL-08,2026-04-28,thick,46056,2.34,0.4461,1.0871,50.07
CELL-08,2026-04-29,thick,62334,2.443,0.434,1.1058,68.93
CELL-08,2026-04-30,thick,63719,2.356,0.6327,1.6136,102.82
CELL-08,2026-05-01,thick,73989,1.91,0.8573,1.9912,147.33
CELL-08,2026-05-02,thick,63055,1.91,0.7497,1.63,102.78
CELL-08,2026-05-03,thick,59108,2.243,0.5651,1.358,80.27
CELL-08,2026-05-04,thick,49914,2.408,0.4654,1.1746,58.63
CELL-08,2026-05-05,thick,47434,1.956,0.6693,1.4407,68.34
CELL-08,2026-05-06,thick,62713,2.1,0.7506,1.7893,112.21
CELL-08,2026-05-07,thick,68291,2.098,0.6817,1.5785,107.8
CELL-08,2026-05-08,thick,65960,1.816,0.7656,1.5909,104.94
CELL-08,2026-05-09,thick,58331,1.816,0.7746,1.6149,94.2
CELL-08,2026-05-10,thick,60307,1.816,0.7995,1.6824,101.46
CELL-08,2026-05-11,thick,46824,2.096,0.579,1.2937,60.58
CELL-08,2026-05-12,thick,43174,2.028,0.2498,0.5476,23.64
CELL-08,2026-05-13,thick,63878,1.587,0.8775,1.7234,110.09
CELL-08,2026-05-14,thick,62540,1.779,0.7612,1.5435,96.53
CELL-08,2026-05-15,thick,63833,1.974,0.6892,1.5012,95.83
CELL-08,2026-05-16,thick,60728,1.974,0.7245,1.6115,97.86
CELL-08,2026-05-17,thick,62036,1.826,0.7856,1.6457,102.09
CELL-08,2026-05-18,thick,45912,1.789,0.8729,1.93,88.61
CELL-08,2026-05-19,thick,44128,1.789,0.8466,1.8295,80.73
CELL-08,2026-05-20,thick,61469,2.017,0.7492,1.706,104.87
CELL-08,2026-05-21,thick,62592,1.949,0.8258,1.9016,119.02
CELL-08,2026-05-22,thick,60359,2.066,0.7279,1.6794,101.37
CELL-08,2026-05-23,thick,56875,2.515,0.5054,1.3382,76.11
CELL-08,2026-05-24,thick,58777,2.493,0.5432,1.4468,85.04
CELL-08,2026-05-25,thick,48276,2.483,0.4552,1.1751,56.73
CELL-08,2026-05-26,thick,45945,2.278,0.4679,1.1147,51.21
CELL-08,2026-05-27,thick,59040,2.206,0.599,1.4141,83.49
CELL-08,2026-05-28,thick,63438,2.219,0.5703,1.3517,85.75
CELL-08,2026-05-29,thick,66648,2.537,0.413,1.0928,72.83
CELL-08,2026-05-30,thick,66560,2.537,0.4527,1.1972,79.69
CELL-08,2026-05-31,thick,54517,2.041,0.6483,1.4436,78.7
CELL-08,2026-06-01,thick,48402,2.041,0.6882,1.5595,75.48
CELL-08,2026-06-02,thick,45831,1.811,0.7836,1.6395,75.14
CELL-08,2026-06-03,thick,64654,2.246,0.6363,1.5592,100.81
CELL-08,2026-06-04,thick,65338,2.315,0.6865,1.7545,114.64
CELL-08,2026-06-05,thick,63489,2.304,0.6415,1.6093,102.17
CELL-08,2026-06-06,thick,62084,2.596,0.494,1.3385,83.1
CELL-08,2026-06-07,thick,53195,2.163,0.633,1.4935,79.45
CELL-08,2026-06-08,thick,51096,1.762,0.7511,1.5076,77.03
CELL-08,2026-06-09,thick,46857,2.032,0.6225,1.3797,64.65
CELL-08,2026-06-10,thick,60186,2.055,0.6096,1.3571,81.68
CELL-08,2026-06-11,thick,69651,2.136,0.565,1.2911,89.93
CELL-08,2026-06-12,thick,61881,1.972,0.7006,1.5357,95.03
CELL-08,2026-06-13,thick,62103,2.134,0.6016,1.3831,85.9
CELL-08,2026-06-14,thick,58307,2.099,0.321,0.7218,42.09
CELL-08,2026-06-15,thick,48318,1.703,0.8098,1.6174,78.15
CELL-08,2026-06-16,thick,44450,1.784,0.6693,1.3172,58.55
CELL-08,2026-06-17,thick,63065,2.144,0.6289,1.4581,91.96
CELL-08,2026-06-18,thick,64016,2.451,0.485,1.2476,79.87
CELL-08,2026-06-19,thick,68551,2.11,0.6538,1.483,101.66
CELL-08,2026-06-20,thick,61069,2.072,0.7869,1.8822,114.95
CELL-08,2026-06-21,thick,52513,2.379,0.5846,1.4851,77.99
CELL-08,2026-06-22,thick,49134,2.451,0.5142,1.3254,65.12
CELL-08,2026-06-23,thick,43829,2.181,0.5877,1.3768,60.34
CELL-08,2026-06-24,thick,59834,2.287,0.6299,1.5574,93.19
CELL-08,2026-06-25,thick,65770,2.102,0.7515,1.7935,117.96
CELL-08,2026-06-26,thick,64220,1.989,0.8218,1.9356,124.31
CELL-08,2026-06-27,thick,64693,2.3,0.6045,1.495,96.72
CELL-08,2026-06-28,thick,56450,2.176,0.646,1.5355,86.68
CELL-08,2026-06-29,thick,48908,2.01,0.6972,1.555,76.05
CELL-08,2026-06-30,thick,43817,2.01,0.6002,1.2975,56.86
CELL-08,2026-07-01,thick,61175,1.673,0.8611,1.7528,107.23
CELL-08,2026-07-02,thick,63831,1.717,0.888,1.9063,121.68
CELL-08,2026-07-03,thick,69385,2.051,0.7506,1.7479,121.28
CELL-08,2026-07-04,thick,56624,2.188,0.674,1.6239,91.95
CELL-08,2026-07-05,thick,53925,2.369,0.6727,1.7621,95.02
CELL-08,2026-07-06,thick,54015,2.771,0.3743,1.0723,57.92
CELL-08,2026-07-07,thick,44433,2.279,0.4966,1.1829,52.56
CELL-08,2026-07-08,thick,60897,1.902,0.7396,1.5778,96.08
CELL-08,2026-07-09,thick,64565,1.598,0.8328,1.5746,101.67
CELL-08,2026-07-10,thick,65299,1.611,0.8838,1.773,115.78
CELL-08,2026-07-11,thick,66294,1.72,0.8607,1.801,119.4
CELL-08,2026-07-12,thick,57707,1.72,0.8658,1.825,105.32
CELL-08,2026-07-13,thick,49242,1.934,0.8328,1.9104,94.07
CELL-08,2026-07-14,thick,43792,2.58,0.4323,1.1544,50.55
CELL-08,2026-07-15,thick,64695,2.501,0.538,1.4383,93.05
CELL-08,2026-07-16,thick,68254,2.712,0.4479,1.2602,86.01
CELL-08,2026-07-17,thick,59639,2.248,0.6326,1.5451,92.15
CELL-08,2026-07-18,thick,57809,2.129,0.7222,1.7242,99.67
CELL-08,2026-07-19,thick,54827,2.217,0.4917,1.1391,62.45
CELL-08,2026-07-20,thick,48936,2.095,0.6295,1.4248,69.72
CELL-08,2026-07-21,thick,43578,2.095,0.6642,1.5279,66.59
CELL-08,2026-07-22,thick,58165,1.758,0.8334,1.742,101.33
CELL-08,2026-07-23,thick,61569,1.896,0.6971,1.4569,89.7
CELL-08,2026-07-24,thick,65149,2.048,0.6867,1.5643,101.91
CELL-08,2026-07-25,thick,63687,2.048,0.712,1.6313,103.89
CELL-08,2026-07-26,thick,56797,2.097,0.708,1.646,93.49
CELL-08,2026-07-27,thick,46104,2.547,0.4506,1.1893,54.83
CELL-08,2026-07-28,thick,43783,2.232,0.5321,1.2564,55.01
CELL-08,2026-07-29,thick,63485,2.234,0.6234,1.5196,96.47
CELL-08,2026-07-30,thick,62539,2.051,0.7424,1.7258,107.93
CELL-08,2026-07-31,thick,67540,2.304,0.8745,2.4957,168.56
CELL-08,2026-08-01,thick,63466,2.677,0.7208,2.1688,137.64
CELL-08,2026-08-02,thick,56684,2.677,0.3681,1.0117,57.35
CELL-08,2026-08-03,thick,52435,2.307,0.4513,1.09,57.15
CELL-08,2026-08-04,thick,43468,1.947,0.6693,1.4277,62.06
CELL-08,2026-08-05,thick,64118,2.217,0.5925,1.3961,89.51
CELL-08,2026-08-06,thick,70235,2.229,0.5544,1.3091,91.95
CELL-08,2026-08-07,thick,62666,2.229,0.6338,1.5255,95.59
CELL-08,2026-08-08,thick,56278,2.33,0.5665,1.4112,79.42
CELL-08,2026-08-09,thick,63365,2.137,0.6159,1.4264,90.39
CELL-08,2026-08-10,thick,48328,2.19,0.5536,1.2872,62.21
CELL-08,2026-08-11,thick,44370,2.066,0.5329,1.1639,51.64
CELL-08,2026-08-12,thick,57099,2.066,0.6485,1.4604,83.39
CELL-08,2026-08-13,thick,63003,2.257,0.6126,1.4924,94.02
CELL-08,2026-08-14,thick,62031,2.252,0.7041,1.7715,109.89
CELL-08,2026-08-15,thick,65001,2.331,0.7093,1.8434,119.82
CELL-08,2026-08-16,thick,56698,2.331,0.5688,1.4205,80.54
CELL-08,2026-08-17,thick,47169,2.331,0.5294,1.2869,60.7
CELL-08,2026-08-18,thick,43295,2.421,0.4256,1.0799,46.75
CELL-08,2026-08-19,thick,61537,2.16,0.6705,1.5923,97.98
CELL-08,2026-08-20,thick,60194,2.21,0.713,1.7562,105.72
CELL-08,2026-08-21,thick,69835,2.493,0.5301,1.4057,98.16
CELL-08,2026-08-22,thick,59028,2.493,0.5672,1.4909,88.01
CELL-08,2026-08-23,thick,57167,2.511,0.4711,1.2454,71.2
CELL-08,2026-08-24,thick,48992,2.58,0.1949,0.5042,24.7
CELL-08,2026-08-25,thick,44594,1.97,0.4376,0.8846,39.45
CELL-08,2026-08-26,thick,62790,1.982,0.5248,1.1022,69.21
CELL-08,2026-08-27,thick,59584,1.884,0.6583,1.3401,79.85
CELL-08,2026-08-28,thick,65612,2.45,0.3669,0.922,60.5
CELL-08,2026-08-29,thick,57507,2.207,0.5181,1.2235,70.36
CELL-08,2026-08-30,thick,56509,2.387,0.3634,0.8862,50.08
CELL-08,2026-08-31,thick,46610,2.37,0.3255,0.8,37.29
CELL-08,2026-09-01,thick,43868,1.74,0.6596,1.2594,55.25
CELL-08,2026-09-02,thick,63046,1.847,0.6712,1.3631,85.94
CELL-08,2026-09-03,thick,65658,1.912,0.6404,1.3227,86.85
CELL-08,2026-09-04,thick,63501,1.755,0.7825,1.5712,99.77
CELL-08,2026-09-05,thick,56091,1.755,0.789,1.6072,90.15
CELL-08,2026-09-06,thick,51968,1.815,0.7248,1.4762,76.72
CELL-08,2026-09-07,thick,54306,1.977,0.4528,0.9343,50.74
CELL-08,2026-09-08,thick,47292,1.977,0.4621,0.9418,44.54
CELL-08,2026-09-09,thick,61443,1.748,0.6145,1.1611,71.34
CELL-08,2026-09-10,thick,64892,1.45,0.8355,1.4394,93.4
CELL-08,2026-09-11,thick,70355,1.45,0.8251,1.4095,99.17
CELL-08,2026-09-12,thick,60705,1.45,0.7769,1.3032,79.11
CELL-08,2026-09-13,thick,61233,1.45,0.8065,1.3669,83.7
CELL-08,2026-09-14,thick,47111,1.577,0.7268,1.2765,60.14
CELL-08,2026-09-15,thick,46903,1.776,0.6202,1.196,56.09
CELL-08,2026-09-16,thick,67340,1.86,0.7082,1.4674,98.82
CELL-08,2026-09-17,thick,58532,2.336,0.5441,1.347,78.84
CELL-08,2026-09-18,thick,64215,2.057,0.642,1.444,92.73
CELL-08,2026-09-19,thick,63515,2.504,0.3002,0.7643,48.54
CELL-08,2026-09-20,thick,57656,2.504,0.2675,0.6781,39.1
CELL-08,2026-09-21,thick,48578,2.359,0.2789,0.6645,32.28
CELL-08,2026-09-22,thick,44009,2.218,0.3284,0.7404,32.59
CELL-08,2026-09-23,thick,57944,1.889,0.5736,1.1638,67.43
CELL-08,2026-09-24,thick,63128,1.759,0.6721,1.2981,81.95
CELL-08,2026-09-25,thick,65732,1.602,0.7327,1.3166,86.54
CELL-08,2026-09-26,thick,58313,1.881,0.4857,0.9588,55.91
CELL-08,2026-09-27,thick,60532,2.097,0.3899,0.8432,51.04
CELL-09,2026-04-01,thin,247,0.507,0.9997,1.1948,0.3
CELL-09,2026-04-02,thin,291,0.507,1.0,1.223,0.36
CELL-09,2026-04-03,thin,291,0.689,0.9993,1.2523,0.37
CELL-09,2026-04-04,thin,256,0.919,0.9662,1.2475,0.32
CELL-09,2026-04-05,thin,265,1.043,0.928,1.2199,0.32
CELL-09,2026-04-06,thin,215,1.52,0.4546,0.6261,0.14
CELL-09,2026-04-07,thin,205,1.584,0.3969,0.6587,0.14
CELL-09,2026-04-08,thin,270,1.685,0.2844,0.5045,0.14
CELL-09,2026-04-09,thin,317,1.388,0.6169,0.9165,0.29
CELL-09,2026-04-10,thin,284,1.408,0.6677,0.9893,0.28
CELL-09,2026-04-11,thin,289,1.408,0.9513,1.8242,0.53
CELL-09,2026-04-12,thin,247,1.757,0.7543,1.4747,0.37
CELL-09,2026-04-13,thin,215,2.13,0.5567,0.9774,0.21
CELL-09,2026-04-14,thin,199,2.25,0.1592,0.351,0.07
CELL-09,2026-04-15,thin,276,1.964,0.1747,0.4467,0.12
CELL-09,2026-04-16,thin,278,1.952,0.1179,0.3227,0.09
CELL-09,2026-04-17,thin,271,1.952,0.2404,0.4664,0.13
CELL-09,2026-04-18,thin,271,1.639,0.3411,0.573,0.16
CELL-09,2026-04-19,thin,265,1.565,0.4678,0.7677,0.2
CELL-09,2026-04-20,thin,213,1.565,0.416,0.5951,0.13
CELL-09,2026-04-21,thin,202,1.538,0.5353,0.7378,0.15
CELL-09,2026-04-22,thin,272,1.544,0.5843,0.942,0.26
CELL-09,2026-04-23,thin,289,1.579,0.571,0.9409,0.27
CELL-09,2026-04-24,thin,288,1.662,0.4627,0.7708,0.22
CELL-09,2026-04-25,thin,255,1.753,0.3362,0.5453,0.14
CELL-09,2026-04-26,thin,262,1.594,0.4903,0.7991,0.21
CELL-09,2026-04-27,thin,201,1.594,0.4874,0.8397,0.17
CELL-09,2026-04-28,thin,195,1.594,0.4939,0.9624,0.19
CELL-09,2026-04-29,thin,270,1.548,0.6358,1.0897,0.29
CELL-09,2026-04-30,thin,276,1.58,0.6048,1.0313,0.29
CELL-09,2026-05-01,thin,279,1.72,0.4813,0.8097,0.23
CELL-09,2026-05-02,thin,257,1.516,0.6276,1.0028,0.26
CELL-09,2026-05-03,thin,245,1.645,0.4721,0.7486,0.18
CELL-09,2026-05-04,thin,200,1.713,0.336,0.5085,0.1
CELL-09,2026-05-05,thin,209,1.713,0.1874,0.3506,0.07
CELL-09,2026-05-06,thin,248,1.713,0.277,0.5165,0.13
CELL-09,2026-05-07,thin,278,1.771,0.2748,0.5749,0.16
CELL-09,2026-05-08,thin,302,1.592,0.4186,0.6591,0.2
CELL-09,2026-05-09,thin,275,1.63,0.4844,0.8587,0.24
CELL-09,2026-05-10,thin,274,1.529,0.4493,0.5871,0.16
CELL-09,2026-05-11,thin,224,1.315,0.4961,0.7386,0.17
CELL-09,2026-05-12,thin,203,1.534,0.3638,0.6105,0.12
CELL-09,2026-05-13,thin,266,1.48,0.5665,0.7895,0.21
CELL-09,2026-05-14,thin,275,1.48,0.5851,0.8436,0.23
CELL-09,2026-05-15,thin,269,1.41,0.6259,0.9458,0.25
CELL-09,2026-05-16,thin,275,1.335,0.691,0.8503,0.23
CELL-09,2026-05-17,thin,268,1.335,0.7465,1.1307,0.3
CELL-09,2026-05-18,thin,222,1.764,0.4754,0.822,0.18
CELL-09,2026-05-19,thin,229,1.641,0.5881,0.9679,0.22
CELL-09,2026-05-20,thin,276,1.72,0.4673,0.7942,0.22
CELL-09,2026-05-21,thin,281,1.37,0.7497,1.1793,0.33
CELL-09,2026-05-22,thin,273,1.429,0.7442,1.1453,0.31
CELL-09,2026-05-23,thin,238,1.577,0.5966,0.8899,0.21
CELL-09,2026-05-24,thin,261,1.909,0.2552,0.5474,0.14
CELL-09,2026-05-25,thin,207,1.639,0.3963,0.5608,0.12
CELL-09,2026-05-26,thin,201,1.307,0.4879,0.7603,0.15
CELL-09,2026-05-27,thin,287,1.434,0.5167,0.7951,0.23
CELL-09,2026-05-28,thin,285,1.353,0.6396,0.9221,0.26
CELL-09,2026-05-29,thin,297,1.581,0.5041,0.8852,0.26
CELL-09,2026-05-30,thin,274,1.43,0.5888,0.9126,0.25
CELL-09,2026-05-31,thin,260,1.65,0.4732,0.7533,0.2
CELL-09,2026-06-01,thin,216,1.408,0.5344,0.7918,0.17
CELL-09,2026-06-02,thin,190,1.488,0.5956,0.9812,0.19
CELL-09,2026-06-03,thin,277,1.49,0.6663,1.1265,0.31
CELL-09,2026-06-04,thin,285,1.63,0.5334,0.8535,0.24
CELL-09,2026-06-05,thin,276,1.45,0.5404,0.8758,0.24
CELL-09,2026-06-06,thin,276,1.45,0.5656,0.8048,0.22
CELL-09,2026-06-07,thin,251,1.668,0.3378,0.5757,0.14
CELL-09,2026-06-08,thin,215,1.615,0.3788,0.578,0.12
CELL-09,2026-06-09,thin,197,1.595,0.4158,0.6387,0.13
CELL-09,2026-06-10,thin,254,1.515,0.4313,0.7164,0.18
CELL-09,2026-06-11,thin,295,1.288,0.6917,0.9105,0.27
CELL-09,2026-06-12,thin,267,1.334,0.6133,0.7649,0.2
CELL-09,2026-06-13,thin,275,1.4,0.5605,0.9408,0.26
CELL-09,2026-06-14,thin,252,1.4,0.592,0.8668,0.22
CELL-09,2026-06-15,thin,216,1.514,0.3413,0.5661,0.12
CELL-09,2026-06-16,thin,206,1.224,0.6328,0.7987,0.17
CELL-09,2026-06-17,thin,277,1.318,0.7595,1.0779,0.3
CELL-09,2026-06-18,thin,262,1.268,0.7335,0.9997,0.26
CELL-09,2026-06-19,thin,275,1.431,0.6739,0.9312,0.26
CELL-09,2026-06-20,thin,269,1.459,0.658,0.9347,0.25
CELL-09,2026-06-21,thin,253,1.478,0.4668,0.7068,0.18
CELL-09,2026-06-22,thin,233,1.478,0.4863,0.767,0.18
CELL-09,2026-06-23,thin,205,1.525,0.3148,0.582,0.12
CELL-09,2026-06-24,thin,279,1.469,0.5041,0.7197,0.2
CELL-09,2026-06-25,thin,262,1.469,0.5487,0.8309,0.22
CELL-09,2026-06-26,thin,283,1.556,0.3112,0.5189,0.15
CELL-09,2026-06-27,thin,274,1.497,0.4356,0.7262,0.2
CELL-09,2026-06-28,thin,251,1.547,0.3586,0.5744,0.14
CELL-09,2026-06-29,thin,210,1.307,0.4931,0.6965,0.15
CELL-09,2026-06-30,thin,189,1.307,0.5181,0.5906,0.11
CELL-09,2026-07-01,thin,253,1.197,0.7569,0.9931,0.25
CELL-09,2026-07-02,thin,275,1.383,0.6383,0.8847,0.24
CELL-09,2026-07-03,thin,297,1.463,0.589,0.8527,0.25
CELL-09,2026-07-04,thin,269,1.604,0.3984,0.6927,0.19
CELL-09,2026-07-05,thin,255,1.604,0.4878,0.8288,0.21
CELL-09,2026-07-06,thin,223,1.604,0.4052,0.6431,0.14
CELL-09,2026-07-07,thin,212,1.604,0.3357,0.6117,0.13
CELL-09,2026-07-08,thin,270,1.358,0.4788,0.711,0.19
CELL-09,2026-07-09,thin,291,1.219,0.6914,0.9119,0.27
CELL-09,2026-07-10,thin,278,1.377,0.677,1.0532,0.29
CELL-09,2026-07-11,thin,285,1.455,0.5772,0.994,0.28
CELL-09,2026-07-12,thin,257,1.523,0.4501,0.7816,0.2
CELL-09,2026-07-13,thin,222,1.428,0.5974,0.8266,0.18
CELL-09,2026-07-14,thin,216,1.568,0.3654,0.7361,0.16
CELL-09,2026-07-15,thin,288,1.331,0.7596,0.9845,0.28
CELL-09,2026-07-16,thin,285,1.425,0.6612,1.0086,0.29
CELL-09,2026-07-17,thin,294,1.205,0.8306,1.1956,0.35
CELL-09,2026-07-18,thin,257,1.5,0.721,1.0906,0.28
CELL-09,2026-07-19,thin,287,1.5,0.6714,0.9955,0.29
CELL-09,2026-07-20,thin,219,1.779,0.2763,0.5975,0.13
CELL-09,2026-07-21,thin,198,1.779,0.3792,0.5805,0.12
CELL-09,2026-07-22,thin,278,1.473,0.7078,1.1677,0.33
CELL-09,2026-07-23,thin,272,1.875,0.4324,0.9171,0.25
CELL-09,2026-07-24,thin,270,1.766,0.4931,0.8096,0.22
CELL-09,2026-07-25,thin,262,1.834,0.3201,0.7593,0.2
CELL-09,2026-07-26,thin,258,1.834,0.3264,0.566,0.15
CELL-09,2026-07-27,thin,233,1.368,0.6998,1.1034,0.26
CELL-09,2026-07-28,thin,195,1.266,0.9897,1.6482,0.32
CELL-09,2026-07-29,thin,291,1.527,0.8757,1.7572,0.51
CELL-09,2026-07-30,thin,303,2.033,0.6403,1.571,0.48
CELL-09,2026-07-31,thin,250,2.09,0.2319,0.5147,0.13
CELL-09,2026-08-01,thin,272,1.859,0.2592,0.5914,0.16
CELL-09,2026-08-02,thin,262,1.583,0.3678,0.628,0.16
CELL-09,2026-08-03,thin,221,1.683,0.339,0.6004,0.13
CELL-09,2026-08-04,thin,194,1.492,0.554,0.9161,0.18
CELL-09,2026-08-05,thin,270,1.673,0.4172,0.7819,0.21
CELL-09,2026-08-06,thin,294,1.535,0.6967,1.188,0.35
CELL-09,2026-08-07,thin,284,1.554,0.6803,1.1935,0.34
CELL-09,2026-08-08,thin,267,1.658,0.4568,0.9102,0.24
CELL-09,2026-08-09,thin,243,1.448,0.667,0.9851,0.24
CELL-09,2026-08-10,thin,212,1.856,0.3705,0.624,0.13
CELL-09,2026-08-11,thin,200,1.55,0.5905,0.9514,0.19
CELL-09,2026-08-12,thin,256,1.55,0.5157,0.8547,0.22
CELL-09,2026-08-13,thin,285,1.631,0.5188,0.7273,0.21
CELL-09,2026-08-14,thin,279,1.38,0.7077,1.0793,0.3
CELL-09,2026-08-15,thin,272,1.38,0.5858,0.9475,0.26
CELL-09,2026-08-16,thin,258,1.38,0.6135,0.7964,0.21
CELL-09,2026-08-17,thin,207,1.209,0.7808,1.162,0.24
CELL-09,2026-08-18,thin,196,1.46,0.3876,0.6336,0.12
CELL-09,2026-08-19,thin,267,1.349,0.481,0.6188,0.17
CELL-09,2026-08-20,thin,291,1.484,0.5454,0.8684,0.25
CELL-09,2026-08-21,thin,276,1.35,0.7852,1.2026,0.33
CELL-09,2026-08-22,thin,269,1.481,0.7183,1.1376,0.31
CELL-09,2026-08-23,thin,260,1.851,0.3497,0.6761,0.18
CELL-09,2026-08-24,thin,228,1.538,0.5545,0.8395,0.19
CELL-09,2026-08-25,thin,200,1.42,0.5992,0.8587,0.17
CELL-09,2026-08-26,thin,250,1.42,0.7254,1.1266,0.28
CELL-09,2026-08-27,thin,285,1.809,0.4113,0.7033,0.2
CELL-09,2026-08-28,thin,291,1.856,0.4572,0.7883,0.23
CELL-09,2026-08-29,thin,272,1.825,0.3558,0.7599,0.21
CELL-09,2026-08-30,thin,237,1.825,0.355,0.713,0.17
CELL-09,2026-08-31,thin,210,1.683,0.3622,0.6723,0.14
CELL-09,2026-09-01,thin,196,1.335,0.6871,0.8825,0.17
CELL-09,2026-09-02,thin,269,1.43,0.6116,0.9403,0.25
CELL-09,2026-09-03,thin,277,1.43,0.6279,1.0449,0.29
CELL-09,2026-09-04,thin,301,1.333,0.7841,1.1522,0.35
CELL-09,2026-09-05,thin,261,1.517,0.6205,1.0933,0.29
CELL-09,2026-09-06,thin,245,1.81,0.481,0.7703,0.19
CELL-09,2026-09-07,thin,230,1.882,0.2577,0.4975,0.11
CELL-09,2026-09-08,thin,197,1.722,0.3126,0.53,0.1
CELL-09,2026-09-09,thin,278,1.502,0.4658,0.6832,0.19
CELL-09,2026-09-10,thin,270,1.502,0.555,0.9202,0.25
CELL-09,2026-09-11,thin,273,1.344,0.7293,1.0104,0.28
CELL-09,2026-09-12,thin,291,1.495,0.5044,0.8532,0.25
CELL-09,2026-09-13,thin,280,1.353,0.4809,0.7337,0.21
CELL-09,2026-09-14,thin,227,1.353,0.6322,0.9486,0.22
CELL-09,2026-09-15,thin,203,1.29,0.6413,0.811,0.17
CELL-09,2026-09-16,thin,253,1.355,0.5442,0.752,0.19
CELL-09,2026-09-17,thin,283,1.274,0.6764,0.9998,0.28
CELL-09,2026-09-18,thin,274,1.201,0.7707,1.0587,0.29
CELL-09,2026-09-19,thin,261,1.211,0.8278,1.0992,0.29
CELL-09,2026-09-20,thin,257,1.211,0.8512,1.2231,0.31
CELL-09,2026-09-21,thin,217,1.271,0.7966,1.2254,0.27
CELL-09,2026-09-22,thin,211,1.373,0.6025,1.004,0.21
CELL-09,2026-09-23,thin,267,1.228,0.7581,1.1243,0.3
CELL-09,2026-09-24,thin,260,1.31,0.7692,1.154,0.3
CELL-09,2026-09-25,thin,277,1.58,0.5957,0.9256,0.26
CELL-09,2026-09-26,thin,257,1.742,0.4389,0.855,0.22
CELL-09,2026-09-27,thin,265,1.404,0.3565,0.5467,0.15
CELL-10,2026-04-01,thick,387754,0.598,0.9987,1.2246,474.86
CELL-10,2026-04-02,thick,435727,0.818,0.9778,1.1548,503.18
CELL-10,2026-04-03,thick,416713,1.17,0.7709,1.009,420.46
CELL-10,2026-04-04,thick,408472,1.29,0.5555,0.7571,309.25
CELL-10,2026-04-05,thick,384425,1.361,0.5635,0.8121,312.2
CELL-10,2026-04-06,thick,326252,1.44,0.4612,0.6876,224.35
CELL-10,2026-04-07,thick,301826,1.44,0.4627,0.6897,208.18
CELL-10,2026-04-08,thick,396583,1.459,0.5013,0.7638,302.91
CELL-10,2026-04-09,thick,444349,1.459,0.5256,0.8065,358.38
CELL-10,2026-04-10,thick,413721,1.459,0.7198,1.1498,475.68
CELL-10,2026-04-11,thick,393404,1.663,0.5039,0.8737,343.73
CELL-10,2026-04-12,thick,360900,1.911,0.2338,0.4553,164.31
CELL-10,2026-04-13,thick,309146,1.991,0.1347,0.2683,82.95
CELL-10,2026-04-14,thick,319163,1.629,0.3693,0.6211,198.23
CELL-10,2026-04-15,thick,369310,1.435,0.551,0.832,307.25
CELL-10,2026-04-16,thick,426804,1.765,0.1456,0.2635,112.45
CELL-10,2026-04-17,thick,426946,1.75,0.356,0.6379,272.36
CELL-10,2026-04-18,thick,446401,1.466,0.5311,0.8189,365.55
CELL-10,2026-04-19,thick,372831,1.72,0.374,0.6606,246.29
CELL-10,2026-04-20,thick,335311,1.72,0.278,0.4857,162.87
CELL-10,2026-04-21,thick,289832,1.41,0.5281,0.78,226.08
CELL-10,2026-04-22,thick,398340,1.275,0.7979,1.1482,457.38
CELL-10,2026-04-23,thick,438006,1.632,0.6405,1.1183,489.83
CELL-10,2026-04-24,thick,454974,1.694,0.5912,1.0668,485.39
CELL-10,2026-04-25,thick,378951,1.673,0.5134,0.9002,341.13
CELL-10,2026-04-26,thick,367146,1.83,0.2431,0.45,165.22
CELL-10,2026-04-27,thick,326210,1.849,0.1972,0.367,119.71
CELL-10,2026-04-28,thick,291313,1.597,0.376,0.615,179.15
CELL-10,2026-04-29,thick,404073,1.357,0.6444,0.9392,379.52
CELL-10,2026-04-30,thick,455997,1.418,0.6359,0.9674,441.12
CELL-10,2026-05-01,thick,441743,1.615,0.5906,1.0123,447.18
CELL-10,2026-05-02,thick,397458,1.615,0.5019,0.848,337.04
CELL-10,2026-05-03,thick,369588,1.507,0.5263,0.8312,307.19
CELL-10,2026-05-04,thick,328533,1.528,0.5034,0.8013,263.27
CELL-10,2026-05-05,thick,292471,1.528,0.4641,0.7353,215.05
CELL-10,2026-05-06,thick,396559,1.408,0.6605,1.0059,398.89
CELL-10,2026-05-07,thick,421197,1.546,0.8338,1.49,627.58
CELL-10,2026-05-08,thick,420344,1.773,0.7248,1.4121,593.57
CELL-10,2026-05-09,thick,412116,1.773,0.3956,0.72,296.74
CELL-10,2026-05-10,thick,385888,2.042,0.2988,0.6196,239.08
CELL-10,2026-05-11,thick,312372,2.19,0.1572,0.3461,108.1
CELL-10,2026-05-12,thick,310338,1.972,0.2605,0.5217,161.89
CELL-10,2026-05-13,thick,385477,2.011,0.2545,0.5178,199.6
CELL-10,2026-05-14,thick,397555,1.786,0.3515,0.6453,256.55
CELL-10,2026-05-15,thick,398594,1.782,0.3759,0.6878,274.16
CELL-10,2026-05-16,thick,397189,1.596,0.4199,0.6959,276.42
CELL-10,2026-05-17,thick,371126,1.555,0.332,0.5281,195.99
CELL-10,2026-05-18,thick,340090,1.349,0.5965,0.8523,289.85
CELL-10,2026-05-19,thick,292902,1.349,0.5356,0.7577,221.92
CELL-10,2026-05-20,thick,408797,1.487,0.6198,0.9853,402.8
CELL-10,2026-05-21,thick,424529,1.614,0.5256,0.8886,377.25
CELL-10,2026-05-22,thick,426614,1.804,0.3727,0.691,294.78
CELL-10,2026-05-23,thick,395584,1.331,0.771,1.1505,455.13
CELL-10,2026-05-24,thick,353944,1.331,0.6356,0.9083,321.49
CELL-10,2026-05-25,thick,304734,1.338,0.5408,0.7625,232.35
CELL-10,2026-05-26,thick,319446,1.338,0.6007,0.8555,273.28
CELL-10,2026-05-27,thick,385766,1.369,0.6051,0.8831,340.65
CELL-10,2026-05-28,thick,408047,1.369,0.5772,0.8364,341.31
CELL-10,2026-05-29,thick,389778,1.477,0.5611,0.8801,343.03
CELL-10,2026-05-30,thick,388237,1.611,0.4308,0.7142,277.27
CELL-10,2026-05-31,thick,376721,1.729,0.4301,0.7682,289.38
CELL-10,2026-06-01,thick,332615,1.806,0.2913,0.5355,178.1
CELL-10,2026-06-02,thick,288591,1.422,0.5992,0.9049,261.13
CELL-10,2026-06-03,thick,383371,1.563,0.6177,1.0336,396.27
CELL-10,2026-06-04,thick,442698,1.654,0.5461,0.9519,421.38
CELL-10,2026-06-05,thick,379829,1.654,0.506,0.8745,332.15
CELL-10,2026-06-06,thick,428436,2.012,0.2463,0.5001,214.28
CELL-10,2026-06-07,thick,427243,1.734,0.3094,0.5482,234.23
CELL-10,2026-06-08,thick,320385,1.506,0.4359,0.6841,219.16
CELL-10,2026-06-09,thick,304301,1.506,0.4579,0.7146,217.45
CELL-10,2026-06-10,thick,396150,1.506,0.4947,0.7782,308.27
CELL-10,2026-06-11,thick,400017,1.514,0.5296,0.8393,335.73
CELL-10,2026-06-12,thick,397930,1.581,0.5429,0.9049,360.07
CELL-10,2026-06-13,thick,378297,1.486,0.4724,0.7287,275.68
CELL-10,2026-06-14,thick,377199,1.387,0.6462,0.9657,364.28
CELL-10,2026-06-15,thick,340539,1.514,0.504,0.7979,271.71
CELL-10,2026-06-16,thick,293208,1.6,0.5165,0.8677,254.43
CELL-10,2026-06-17,thick,358138,1.6,0.464,0.7716,276.35
CELL-10,2026-06-18,thick,409293,1.6,0.472,0.7834,320.62
CELL-10,2026-06-19,thick,390023,1.912,0.2243,0.4326,168.74
CELL-10,2026-06-20,thick,385215,2.214,0.1135,0.2536,97.67
CELL-10,2026-06-21,thick,389124,2.214,0.1076,0.2404,93.54
CELL-10,2026-06-22,thick,321292,1.694,0.2825,0.4906,157.62
CELL-10,2026-06-23,thick,315189,1.812,0.205,0.3768,118.78
CELL-10,2026-06-24,thick,423371,1.957,0.1322,0.2584,109.38
CELL-10,2026-06-25,thick,404131,1.902,0.1995,0.3833,154.9
CELL-10,2026-06-26,thick,435892,1.894,0.6977,1.4446,629.7
CELL-10,2026-06-27,thick,408601,2.026,0.6169,1.3345,545.27
CELL-10,2026-06-28,thick,401843,2.23,0.1007,0.2268,91.14
CELL-10,2026-06-29,thick,305887,1.72,0.3563,0.6296,192.58
CELL-10,2026-06-30,thick,284910,1.752,0.3971,0.7152,203.76
CELL-10,2026-07-01,thick,383038,1.851,0.333,0.6314,241.84
CELL-10,2026-07-02,thick,430553,1.494,0.5974,0.9503,409.14
CELL-10,2026-07-03,thick,407701,1.59,0.8601,1.6079,655.53
CELL-10,2026-07-04,thick,415994,2.033,0.4587,0.9693,403.22
CELL-10,2026-07-05,thick,370530,1.891,0.1864,0.3529,130.75
CELL-10,2026-07-06,thick,309603,1.425,0.5763,0.8707,269.56
CELL-10,2026-07-07,thick,283311,1.469,0.4659,0.7114,201.56
CELL-10,2026-07-08,thick,392833,1.721,0.3275,0.5759,226.22
CELL-10,2026-07-09,thick,473184,1.498,0.4877,0.7644,361.72
CELL-10,2026-07-10,thick,409510,1.434,0.5284,0.7969,326.34
CELL-10,2026-07-11,thick,378472,1.442,0.5483,0.8308,314.42
CELL-10,2026-07-12,thick,370896,1.487,0.5852,0.9242,342.76
CELL-10,2026-07-13,thick,313243,1.563,0.5026,0.8252,258.48
CELL-10,2026-07-14,thick,290941,1.439,0.5084,0.7644,222.38
CELL-10,2026-07-15,thick,419809,1.351,0.7013,1.031,432.81
CELL-10,2026-07-16,thick,420710,1.458,0.669,1.051,442.18
CELL-10,2026-07-17,thick,470106,1.672,0.4482,0.7762,364.88
CELL-10,2026-07-18,thick,401736,1.534,0.6195,1.0155,407.96
CELL-10,2026-07-19,thick,396559,1.735,0.7966,1.5595,618.42
CELL-10,2026-07-20,thick,320178,2.028,0.57,1.2284,393.3
CELL-10,2026-07-21,thick,307817,2.028,0.5511,1.1824,363.96
CELL-10,2026-07-22,thick,355234,1.921,0.2352,0.4606,163.61
CELL-10,2026-07-23,thick,428908,1.572,0.4823,0.7867,337.44
CELL-10,2026-07-24,thick,388216,1.492,0.5211,0.8185,317.77
CELL-10,2026-07-25,thick,390175,1.829,0.3424,0.6432,250.97
CELL-10,2026-07-26,thick,368607,1.775,0.2891,0.5257,193.79
CELL-10,2026-07-27,thick,306490,1.615,0.3923,0.6538,200.37
CELL-10,2026-07-28,thick,293862,1.383,0.3376,0.4916,144.47
CELL-10,2026-07-29,thick,408208,1.383,0.6151,0.9096,371.29
CELL-10,2026-07-30,thick,397863,1.565,0.5559,0.9189,365.59
CELL-10,2026-07-31,thick,410975,1.565,0.5475,0.9028,371.05
CELL-10,2026-08-01,thick,424864,1.8,0.3997,0.7413,314.96
CELL-10,2026-08-02,thick,400938,1.855,0.4466,0.858,344.02
CELL-10,2026-08-03,thick,319430,1.855,0.39,0.7428,237.28
CELL-10,2026-08-04,thick,292253,1.769,0.4036,0.7339,214.5
CELL-10,2026-08-05,thick,415653,1.965,0.2868,0.5716,237.58
CELL-10,2026-08-06,thick,410471,1.767,0.7863,1.5606,640.57
CELL-10,2026-08-07,thick,398369,2.174,0.5532,1.27,505.91
CELL-10,2026-08-08,thick,393259,2.205,0.1637,0.362,142.37
CELL-10,2026-08-09,thick,387426,1.945,0.2383,0.4693,181.83
CELL-10,2026-08-10,thick,308674,1.698,0.386,0.676,208.65
CELL-10,2026-08-11,thick,278805,1.698,0.3008,0.5232,145.87
CELL-10,2026-08-12,thick,388140,1.835,0.2779,0.5174,200.84
CELL-10,2026-08-13,thick,398852,1.751,0.2753,0.4872,194.34
CELL-10,2026-08-14,thick,402559,1.675,0.3985,0.6904,277.94
CELL-10,2026-08-15,thick,434363,1.731,0.3263,0.5756,250.02
CELL-10,2026-08-16,thick,367926,1.792,0.3062,0.5653,208.0
CELL-10,2026-08-17,thick,343224,1.537,0.4179,0.6646,228.12
CELL-10,2026-08-18,thick,312931,1.374,0.671,0.9953,311.47
CELL-10,2026-08-19,thick,399784,1.3,0.8164,1.2131,484.96
CELL-10,2026-08-20,thick,408470,1.645,0.5754,1.0031,409.73
CELL-10,2026-08-21,thick,378748,1.759,0.422,0.7681,290.92
CELL-10,2026-08-22,thick,396868,1.727,0.3438,0.6063,240.62
CELL-10,2026-08-23,thick,367773,1.767,0.3639,0.6593,242.49
CELL-10,2026-08-24,thick,309320,1.723,0.4249,0.7514,232.42
CELL-10,2026-08-25,thick,310467,1.485,0.4907,0.7594,235.78
CELL-10,2026-08-26,thick,385605,1.4,0.64,0.9589,369.77
CELL-10,2026-08-27,thick,433229,1.516,0.5143,0.8173,354.07
CELL-10,2026-08-28,thick,411451,1.442,0.6698,1.0445,429.75
CELL-10,2026-08-29,thick,404444,1.594,0.5491,0.9217,372.77
CELL-10,2026-08-30,thick,371027,1.586,0.4637,0.7659,284.16
CELL-10,2026-08-31,thick,318811,1.586,0.3936,0.6407,204.25
CELL-10,2026-09-01,thick,313610,1.432,0.4998,0.7436,233.2
CELL-10,2026-09-02,thick,421638,1.432,0.581,0.8804,371.19
CELL-10,2026-09-03,thick,419047,1.487,0.5076,0.7913,331.58
CELL-10,2026-09-04,thick,412165,1.459,0.5629,0.8668,357.27
CELL-10,2026-09-05,thick,379820,1.779,0.3734,0.6818,258.97
CELL-10,2026-09-06,thick,394479,1.542,0.4739,0.7601,299.83
CELL-10,2026-09-07,thick,362179,1.414,0.7084,1.0957,396.85
CELL-10,2026-09-08,thick,281238,1.937,0.2414,0.4735,133.18
CELL-10,2026-09-09,thick,391238,1.885,0.3099,0.5948,232.69
CELL-10,2026-09-10,thick,417984,1.7,0.5613,1.0121,423.05
CELL-10,2026-09-11,thick,435982,1.7,0.4456,0.7818,340.87
CELL-10,2026-09-12,thick,400790,1.768,0.2992,0.5403,216.53
CELL-10,2026-09-13,thick,360566,1.81,0.2384,0.4371,157.62
CELL-10,2026-09-14,thick,307459,1.842,0.2341,0.4375,134.52
CELL-10,2026-09-15,thick,294867,1.877,0.2268,0.4272,125.98
CELL-10,2026-09-16,thick,394871,1.851,0.2891,0.546,215.6
CELL-10,2026-09-17,thick,445574,1.648,0.4279,0.7309,325.66
CELL-10,2026-09-18,thick,385040,1.606,0.4385,0.7287,280.6
CELL-10,2026-09-19,thick,390503,1.704,0.5273,0.9397,366.95
CELL-10,2026-09-20,thick,397164,1.73,0.425,0.7605,302.03
CELL-10,2026-09-21,thick,306190,1.804,0.2443,0.445,136.26
CELL-10,2026-09-22,thick,296175,1.554,0.4744,0.7684,227.57
CELL-10,2026-09-23,thick,416329,1.25,0.7749,1.085,451.73
CELL-10,2026-09-24,thick,415912,1.209,0.8528,1.2082,502.49
CELL-10,2026-09-25,thick,396567,1.692,0.5036,0.8945,354.74
CELL-10,2026-09-26,thick,402173,1.771,0.4667,0.8578,345.0
CELL-10,2026-09-27,thick,403183,1.845,0.4528,0.8691,350.41
CELL-11,2026-04-01,thick,35062,0.697,0.9747,1.0846,38.03
CELL-11,2026-04-02,thick,38493,0.921,0.9177,1.1342,43.66
CELL-11,2026-04-03,thick,38359,1.197,0.7275,1.0045,38.53
CELL-11,2026-04-04,thick,34925,1.232,0.6488,0.8745,30.54
CELL-11,2026-04-05,thick,34890,1.408,0.5049,0.7557,26.37
CELL-11,2026-04-06,thick,28209,1.221,0.7042,0.9735,27.46
CELL-11,2026-04-07,thick,27806,1.221,0.6857,0.9442,26.25
CELL-11,2026-04-08,thick,35225,1.006,0.8399,1.0384,36.58
CELL-11,2026-04-09,thick,39333,1.073,0.8777,1.1993,47.17
CELL-11,2026-04-10,thick,37640,1.179,0.7701,1.055,39.71
CELL-11,2026-04-11,thick,35667,1.179,0.7322,0.9853,35.14
CELL-11,2026-04-12,thick,35777,1.315,0.6359,0.9314,33.32
CELL-11,2026-04-13,thick,25959,1.126,0.3822,0.5015,13.02
CELL-11,2026-04-14,thick,27762,0.994,0.8148,0.9711,26.96
CELL-11,2026-04-15,thick,34197,1.126,0.7708,1.0194,34.86
CELL-11,2026-04-16,thick,35389,1.348,0.6336,0.9331,33.02
CELL-11,2026-04-17,thick,37012,1.534,0.5168,0.8499,31.46
CELL-11,2026-04-18,thick,38165,1.425,0.5816,0.8974,34.25
CELL-11,2026-04-19,thick,33239,1.356,0.6331,0.9527,31.67
CELL-11,2026-04-20,thick,30135,1.332,0.6522,0.9659,29.11
CELL-11,2026-04-21,thick,25918,1.332,0.6661,0.9806,25.41
CELL-11,2026-04-22,thick,35037,1.564,0.5685,0.9572,33.54
CELL-11,2026-04-23,thick,37883,1.564,0.5939,1.0156,38.47
CELL-11,2026-04-24,thick,40233,1.695,0.5219,0.9519,38.3
CELL-11,2026-04-25,thick,33141,1.759,0.5526,1.0397,34.46
CELL-11,2026-04-26,thick,35107,1.604,0.6107,1.0758,37.77
CELL-11,2026-04-27,thick,28843,2.029,0.2876,0.5883,16.97
CELL-11,2026-04-28,thick,27554,2.029,0.2427,0.5001,13.78
CELL-11,2026-04-29,thick,33207,1.595,0.4785,0.8073,26.81
CELL-11,2026-04-30,thick,37177,1.509,0.5063,0.8205,30.5
CELL-11,2026-05-01,thick,38131,1.529,0.5449,0.9004,34.33
CELL-11,2026-05-02,thick,37138,1.493,0.5721,0.9245,34.34
CELL-11,2026-05-03,thick,35105,1.464,0.4623,0.7105,24.94
CELL-11,2026-05-04,thick,26826,1.011,0.7552,0.8858,23.76
CELL-11,2026-05-05,thick,27508,1.011,0.7968,0.9539,26.24
CELL-11,2026-05-06,thick,33837,1.196,0.7158,0.9827,33.25
CELL-11,2026-05-07,thick,38336,1.402,0.6579,1.0137,38.86
CELL-11,2026-05-08,thick,40175,1.402,0.6185,0.9456,37.99
CELL-11,2026-05-09,thick,37393,1.402,0.5693,0.87,32.53
CELL-11,2026-05-10,thick,33895,1.402,0.5915,0.8974,30.42
CELL-11,2026-05-11,thick,27871,1.553,0.5195,0.8576,23.9
CELL-11,2026-05-12,thick,28311,1.519,0.501,0.8109,22.96
CELL-11,2026-05-13,thick,35475,1.519,0.4807,0.7774,27.58
CELL-11,2026-05-14,thick,40768,1.496,0.5331,0.84,34.25
CELL-11,2026-05-15,thick,34873,1.579,0.4313,0.7121,24.83
CELL-11,2026-05-16,thick,35700,1.618,0.5055,0.8686,31.01
CELL-11,2026-05-17,thick,35423,1.482,0.5425,0.8631,30.57
CELL-11,2026-05-18,thick,26606,1.474,0.4886,0.7477,19.89
CELL-11,2026-05-19,thick,26909,1.456,0.436,0.674,18.14
CELL-11,2026-05-20,thick,35325,1.2,0.7452,1.0319,36.45
CELL-11,2026-05-21,thick,35575,1.316,0.6198,0.9044,32.18
CELL-11,2026-05-22,thick,37630,1.309,0.6118,0.8692,32.71
CELL-11,2026-05-23,thick,36194,1.536,0.5184,0.8483,30.7
CELL-11,2026-05-24,thick,36150,1.732,0.4541,0.8168,29.53
CELL-11,2026-05-25,thick,30866,1.379,0.5859,0.8625,26.62
CELL-11,2026-05-26,thick,28702,1.313,0.7152,1.0634,30.52
CELL-11,2026-05-27,thick,34848,1.313,0.6833,1.0054,35.04
CELL-11,2026-05-28,thick,36849,1.339,0.6646,0.9825,36.21
CELL-11,2026-05-29,thick,36796,1.451,0.5993,0.9406,34.61
CELL-11,2026-05-30,thick,32679,1.609,0.4066,0.6967,22.77
CELL-11,2026-05-31,thick,33261,1.391,0.5614,0.8424,28.02
CELL-11,2026-06-01,thick,27323,1.432,0.5962,0.9296,25.4
CELL-11,2026-06-02,thick,27534,1.225,0.7204,1.0041,27.65
CELL-11,2026-06-03,thick,34906,1.277,0.7026,1.0084,35.2
CELL-11,2026-06-04,thick,37809,1.538,0.5752,0.962,36.37
CELL-11,2026-06-05,thick,39876,1.529,0.4944,0.7989,31.86
CELL-11,2026-06-06,thick,36147,1.409,0.5719,0.8707,31.47
CELL-11,2026-06-07,thick,34919,1.51,0.4498,0.7081,24.73
CELL-11,2026-06-08,thick,30551,1.608,0.3968,0.669,20.44
CELL-11,2026-06-09,thick,24573,1.513,0.5239,0.8359,20.54
CELL-11,2026-06-10,thick,34963,1.86,0.3366,0.6464,22.6
CELL-11,2026-06-11,thick,40196,1.504,0.2313,0.3667,14.74
CELL-11,2026-06-12,thick,36317,1.362,0.7542,1.1905,43.24
CELL-11,2026-06-13,thick,36235,1.717,0.4253,0.7631,27.65
CELL-11,2026-06-14,thick,32843,1.79,0.3459,0.6452,21.19
CELL-11,2026-06-15,thick,28024,1.488,0.5746,0.916,25.67
CELL-11,2026-06-16,thick,25552,1.488,0.5725,0.9237,23.6
CELL-11,2026-06-17,thick,37880,1.488,0.6065,0.989,37.46
CELL-11,2026-06-18,thick,37813,1.488,0.4907,0.776,29.34
CELL-11,2026-06-19,thick,37721,1.345,0.5655,0.8192,30.9
CELL-11,2026-06-20,thick,38911,1.414,0.5465,0.823,32.02
CELL-11,2026-06-21,thick,32801,1.218,0.6016,0.7974,26.16
CELL-11,2026-06-22,thick,31484,1.361,0.491,0.7014,22.08
CELL-11,2026-06-23,thick,25978,1.118,0.4403,0.547,14.21
CELL-11,2026-06-24,thick,35823,0.992,0.8304,1.0011,35.86
CELL-11,2026-06-25,thick,39752,1.144,0.7668,1.0275,40.84
CELL-11,2026-06-26,thick,36724,1.218,0.7157,0.9897,36.34
CELL-11,2026-06-27,thick,36561,1.218,0.7027,0.9687,35.42
CELL-11,2026-06-28,thick,33836,1.304,0.7286,1.0884,36.83
CELL-11,2026-06-29,thick,29356,1.403,0.6152,0.9338,27.41
CELL-11,2026-06-30,thick,25403,1.548,0.5172,0.8506,21.61
CELL-11,2026-07-01,thick,36666,1.548,0.5163,0.8427,30.9
CELL-11,2026-07-02,thick,36968,1.548,0.5466,0.9053,33.47
CELL-11,2026-07-03,thick,37324,1.594,0.4039,0.668,24.93
CELL-11,2026-07-04,thick,37209,1.377,0.5571,0.8207,30.54
CELL-11,2026-07-05,thick,35196,1.258,0.618,0.8573,30.17
CELL-11,2026-07-06,thick,27900,1.258,0.5615,0.7462,20.82
CELL-11,2026-07-07,thick,26527,1.258,0.5612,0.7711,20.45
CELL-11,2026-07-08,thick,35732,1.465,0.4741,0.7361,26.3
CELL-11,2026-07-09,thick,41461,1.465,0.5621,0.8803,36.5
CELL-11,2026-07-10,thick,36559,1.659,0.4641,0.8123,29.7
CELL-11,2026-07-11,thick,34526,1.53,0.4958,0.7956,27.47
CELL-11,2026-07-12,thick,33815,1.53,0.4686,0.7538,25.49
CELL-11,2026-07-13,thick,27076,1.53,0.4118,0.6621,17.93
CELL-11,2026-07-14,thick,24937,1.437,0.5289,0.804,20.05
CELL-11,2026-07-15,thick,36067,1.437,0.5823,0.9022,32.54
CELL-11,2026-07-16,thick,38240,1.538,0.5224,0.8547,32.69
CELL-11,2026-07-17,thick,37194,1.447,0.6033,0.9461,35.19
CELL-11,2026-07-18,thick,33559,1.563,0.4269,0.6892,23.13
CELL-11,2026-07-19,thick,37714,1.563,0.3363,0.5331,20.11
CELL-11,2026-07-20,thick,30907,1.431,0.4485,0.6621,20.46
CELL-11,2026-07-21,thick,26929,1.263,0.5268,0.7067,19.03
CELL-11,2026-07-22,thick,38510,1.285,0.6251,0.8808,33.92
CELL-11,2026-07-23,thick,38745,1.104,0.7648,0.9941,38.52
CELL-11,2026-07-24,thick,34894,1.105,0.7675,0.9938,34.68
CELL-11,2026-07-25,thick,34161,1.558,0.514,0.8576,29.3
CELL-11,2026-07-26,thick,39890,1.592,0.4539,0.7616,30.38
CELL-11,2026-07-27,thick,29206,1.592,0.4465,0.739,21.58
CELL-11,2026-07-28,thick,25730,1.393,0.5803,0.8715,22.42
CELL-11,2026-07-29,thick,35168,1.587,0.4273,0.7061,24.83
CELL-11,2026-07-30,thick,37302,1.689,0.338,0.5745,21.43
CELL-11,2026-07-31,thick,40933,1.326,0.5935,0.851,34.83
CELL-11,2026-08-01,thick,36905,1.326,0.6179,0.8921,32.92
CELL-11,2026-08-02,thick,34254,1.313,0.625,0.9132,31.28
CELL-11,2026-08-03,thick,29021,1.288,0.5962,0.838,24.32
CELL-11,2026-08-04,thick,28070,1.306,0.5041,0.6971,19.57
CELL-11,2026-08-05,thick,38012,1.526,0.4692,0.744,28.28
CELL-11,2026-08-06,thick,35904,1.577,0.4052,0.6635,23.82
CELL-11,2026-08-07,thick,35784,1.246,0.6614,0.9179,32.85
CELL-11,2026-08-08,thick,35491,1.437,0.5049,0.7682,27.26
CELL-11,2026-08-09,thick,33944,1.296,0.5786,0.8169,27.73
CELL-11,2026-08-10,thick,27680,1.24,0.552,0.7453,20.63
CELL-11,2026-08-11,thick,26314,1.24,0.612,0.8316,21.88
CELL-11,2026-08-12,thick,36424,1.337,0.6205,0.9049,32.96
CELL-11,2026-08-13,thick,37757,1.38,0.6305,0.9543,36.03
CELL-11,2026-08-14,thick,36567,1.336,0.7051,1.0786,39.44
CELL-11,2026-08-15,thick,34279,1.392,0.6557,1.0218,35.03
CELL-11,2026-08-16,thick,33591,1.532,0.4717,0.7588,25.49
CELL-11,2026-08-17,thick,26347,1.386,0.5002,0.7401,19.5
CELL-11,2026-08-18,thick,27804,1.235,0.5795,0.7753,21.56
CELL-11,2026-08-19,thick,36917,1.1,0.8485,1.152,42.53
CELL-11,2026-08-20,thick,34665,1.528,0.5792,0.9687,33.58
CELL-11,2026-08-21,thick,36869,1.386,0.7117,1.1208,41.32
CELL-11,2026-08-22,thick,36028,1.698,0.479,0.8593,30.96
CELL-11,2026-08-23,thick,33543,1.378,0.6809,1.0427,34.98
CELL-11,2026-08-24,thick,28850,1.599,0.5547,0.953,27.5
CELL-11,2026-08-25,thick,26461,1.765,0.3936,0.7242,19.16
CELL-11,2026-08-26,thick,36403,1.628,0.5121,0.8916,32.46
CELL-11,2026-08-27,thick,39374,1.577,0.5575,0.9524,37.5
CELL-11,2026-08-28,thick,36377,1.52,0.6003,0.994,36.16
CELL-11,2026-08-29,thick,35598,1.672,0.511,0.9014,32.09
CELL-11,2026-08-30,thick,33318,1.578,0.5288,0.8917,29.71
CELL-11,2026-08-31,thick,29348,1.467,0.5989,0.9571,28.09
CELL-11,2026-09-01,thick,26998,1.467,0.4805,0.7437,20.08
CELL-11,2026-09-02,thick,36650,1.358,0.4592,0.6669,24.44
CELL-11,2026-09-03,thick,36097,1.238,0.5359,0.7117,25.69
CELL-11,2026-09-04,thick,35648,1.541,0.4791,0.7761,27.67
CELL-11,2026-09-05,thick,36821,1.595,0.5447,0.9324,34.33
CELL-11,2026-09-06,thick,35489,1.875,0.4082,0.7928,28.14
CELL-11,2026-09-07,thick,27756,1.893,0.3116,0.6245,17.33
CELL-11,2026-09-08,thick,26538,1.893,0.3534,0.6815,18.09
CELL-11,2026-09-09,thick,35841,1.547,0.5476,0.9005,32.28
CELL-11,2026-09-10,thick,38070,1.588,0.529,0.8904,33.9
CELL-11,2026-09-11,thick,39584,1.439,0.5389,0.8264,32.71
CELL-11,2026-09-12,thick,38588,1.218,0.686,0.94,36.27
CELL-11,2026-09-13,thick,32889,1.423,0.5244,0.7989,26.27
CELL-11,2026-09-14,thick,30507,1.423,0.5086,0.7724,23.56
CELL-11,2026-09-15,thick,30932,1.303,0.5483,0.7606,23.53
CELL-11,2026-09-16,thick,35904,1.144,0.7152,0.9274,33.3
CELL-11,2026-09-17,thick,37771,1.144,0.724,0.9378,35.42
CELL-11,2026-09-18,thick,35504,1.246,0.6788,0.9505,33.75
CELL-11,2026-09-19,thick,36953,1.324,0.7068,1.0657,39.38
CELL-11,2026-09-20,thick,36695,1.324,0.5164,0.7349,26.97
CELL-11,2026-09-21,thick,31156,1.15,0.6315,0.8056,25.1
CELL-11,2026-09-22,thick,26434,1.247,0.6637,0.9137,24.15
CELL-11,2026-09-23,thick,35920,1.225,0.2915,0.3935,14.14
CELL-11,2026-09-24,thick,39203,1.009,0.828,1.0171,39.87
CELL-11,2026-09-25,thick,38469,1.06,0.7805,0.9787,37.65
CELL-11,2026-09-26,thick,35363,1.153,0.7339,0.9704,34.32
CELL-11,2026-09-27,thick,35508,1.496,0.5134,0.8165,28.99
CELL-12,2026-04-01,mid,4664,0.352,0.9384,0.5489,2.56
CELL-12,2026-04-02,mid,4890,0.459,0.8846,0.5584,2.73
CELL-12,2026-04-03,mid,4746,0.54,0.9236,0.765,3.63
CELL-12,2026-04-04,mid,4722,0.54,0.9146,0.7494,3.54
CELL-12,2026-04-05,mid,4355,0.615,0.8931,0.7584,3.3
CELL-12,2026-04-06,mid,3815,0.806,0.4883,0.4173,1.59
CELL-12,2026-04-07,mid,3492,0.855,0.4,0.3582,1.25
CELL-12,2026-04-08,mid,4677,0.68,0.5906,0.4191,1.96
CELL-12,2026-04-09,mid,4680,0.68,0.6651,0.5113,2.39
CELL-12,2026-04-10,mid,5176,0.68,0.6744,0.5262,2.72
CELL-12,2026-04-11,mid,4688,0.683,0.6657,0.4942,2.32
CELL-12,2026-04-12,mid,4622,0.887,0.5263,0.4994,2.31
CELL-12,2026-04-13,mid,3803,1.116,0.2614,0.3037,1.16
CELL-12,2026-04-14,mid,3552,1.116,0.2297,0.2564,0.91
CELL-12,2026-04-15,mid,4835,1.116,0.2195,0.2507,1.21
CELL-12,2026-04-16,mid,4939,1.116,0.288,0.3256,1.61
CELL-12,2026-04-17,mid,4832,0.85,0.4987,0.4559,2.2
CELL-12,2026-04-18,mid,5027,0.917,0.3724,0.3505,1.76
CELL-12,2026-04-19,mid,4286,0.87,0.4183,0.3841,1.65
CELL-12,2026-04-20,mid,3945,0.851,0.4712,0.42,1.66
CELL-12,2026-04-21,mid,3346,0.813,0.4914,0.424,1.42
CELL-12,2026-04-22,mid,5366,0.766,0.5349,0.4615,2.48
CELL-12,2026-04-23,mid,5053,0.79,0.5574,0.4855,2.45
CELL-12,2026-04-24,mid,4877,0.687,0.6705,0.5312,2.59
CELL-12,2026-04-25,mid,4836,0.803,0.5415,0.4758,2.3
CELL-12,2026-04-26,mid,4184,0.803,0.5259,0.4537,1.9
CELL-12,2026-04-27,mid,3919,0.74,0.5829,0.4716,1.85
CELL-12,2026-04-28,mid,3707,0.648,0.6031,0.4369,1.62
CELL-12,2026-04-29,mid,4584,0.648,0.6405,0.4613,2.11
CELL-12,2026-04-30,mid,5317,0.658,0.6853,0.5124,2.72
CELL-12,2026-05-01,mid,5093,0.712,0.6084,0.492,2.51
CELL-12,2026-05-02,mid,5199,0.612,0.7428,0.5468,2.84
CELL-12,2026-05-03,mid,4407,0.613,0.7204,0.5105,2.25
CELL-12,2026-05-04,mid,3805,0.744,0.6039,0.486,1.85
CELL-12,2026-05-05,mid,3994,0.868,0.462,0.432,1.73
CELL-12,2026-05-06,mid,4785,0.818,0.4649,0.4144,1.98
CELL-12,2026-05-07,mid,5186,0.799,0.4889,0.4192,2.17
CELL-12,2026-05-08,mid,5123,0.799,0.5522,0.5019,2.57
CELL-12,2026-05-09,mid,4309,0.844,0.4797,0.4177,1.8
CELL-12,2026-05-10,mid,4470,0.844,0.4057,0.3576,1.6
CELL-12,2026-05-11,mid,3857,0.668,0.5667,0.417,1.61
CELL-12,2026-05-12,mid,3779,0.668,0.6085,0.4399,1.66
CELL-12,2026-05-13,mid,4662,0.726,0.6079,0.4861,2.27
CELL-12,2026-05-14,mid,5103,0.717,0.5856,0.4571,2.33
CELL-12,2026-05-15,mid,4755,0.724,0.6038,0.472,2.24
CELL-12,2026-05-16,mid,4764,0.724,0.6082,0.4832,2.3
CELL-12,2026-05-17,mid,4272,0.558,0.7815,0.5312,2.27
CELL-12,2026-05-18,mid,3983,0.602,0.7426,0.5297,2.11
CELL-12,2026-05-19,mid,3941,0.589,0.7629,0.5172,2.04
CELL-12,2026-05-20,mid,5114,0.599,0.7452,0.5252,2.69
CELL-12,2026-05-21,mid,4827,0.74,0.5693,0.4711,2.27
CELL-12,2026-05-22,mid,4645,0.621,0.7437,0.5578,2.59
CELL-12,2026-05-23,mid,4456,0.621,0.7027,0.5073,2.26
CELL-12,2026-05-24,mid,4486,0.657,0.6342,0.4725,2.12
CELL-12,2026-05-25,mid,4035,0.744,0.5367,0.4136,1.67
CELL-12,2026-05-26,mid,3442,0.579,0.7226,0.4842,1.67
CELL-12,2026-05-27,mid,4786,0.684,0.5574,0.4163,1.99
CELL-12,2026-05-28,mid,5268,0.708,0.5808,0.4529,2.39
CELL-12,2026-05-29,mid,4487,0.604,0.7647,0.5449,2.45
CELL-12,2026-05-30,mid,4924,0.603,0.7352,0.5274,2.6
CELL-12,2026-05-31,mid,4922,0.657,0.6705,0.5054,2.49
CELL-12,2026-06-01,mid,3676,0.685,0.6184,0.474,1.74
CELL-12,2026-06-02,mid,3272,0.687,0.5951,0.4357,1.43
CELL-12,2026-06-03,mid,4415,0.624,0.6881,0.4789,2.11
CELL-12,2026-06-04,mid,5557,0.782,0.577,0.4854,2.7
CELL-12,2026-06-05,mid,5139,0.848,0.5178,0.4834,2.48
CELL-12,2026-06-06,mid,4757,1.041,0.6001,0.6721,3.2
CELL-12,2026-06-07,mid,4204,1.026,0.3437,0.3673,1.54
CELL-12,2026-06-08,mid,3963,1.026,0.2595,0.2843,1.13
CELL-12,2026-06-09,mid,3640,1.026,0.2359,0.2512,0.91
CELL-12,2026-06-10,mid,4620,0.953,0.3747,0.3717,1.72
CELL-12,2026-06-11,mid,4956,0.816,0.2376,0.2105,1.04
CELL-12,2026-06-12,mid,4857,0.671,0.745,0.5806,2.82
CELL-12,2026-06-13,mid,4796,0.659,0.7295,0.5498,2.64
CELL-12,2026-06-14,mid,4979,0.709,0.5984,0.4668,2.32
CELL-12,2026-06-15,mid,3810,0.708,0.5329,0.4021,1.53
CELL-12,2026-06-16,mid,3318,0.801,0.4673,0.3799,1.26
CELL-12,2026-06-17,mid,4442,0.84,0.4927,0.4344,1.93
CELL-12,2026-06-18,mid,4967,0.84,0.5173,0.4773,2.37
CELL-12,2026-06-19,mid,5091,0.84,0.4477,0.3783,1.93
CELL-12,2026-06-20,mid,4878,0.708,0.2801,0.2211,1.08
CELL-12,2026-06-21,mid,4529,0.654,0.6147,0.4356,1.97
CELL-12,2026-06-22,mid,4043,0.614,0.669,0.4512,1.82
CELL-12,2026-06-23,mid,3364,0.604,0.6649,0.4571,1.54
CELL-12,2026-06-24,mid,4752,0.564,0.7464,0.4972,2.36
CELL-12,2026-06-25,mid,4692,0.564,0.7831,0.5297,2.49
CELL-12,2026-06-26,mid,4993,0.728,0.6537,0.5309,2.65
CELL-12,2026-06-27,mid,4772,0.664,0.7255,0.5567,2.66
CELL-12,2026-06-28,mid,4817,0.664,0.7064,0.5476,2.64
CELL-12,2026-06-29,mid,3806,0.678,0.7204,0.5764,2.19
CELL-12,2026-06-30,mid,3619,0.604,0.7299,0.5241,1.9
CELL-12,2026-07-01,mid,4419,0.604,0.7305,0.5158,2.28
CELL-12,2026-07-02,mid,4675,0.642,0.7546,0.5816,2.72
CELL-12,2026-07-03,mid,4623,0.643,0.721,0.5473,2.53
CELL-12,2026-07-04,mid,4579,0.719,0.6586,0.5333,2.44
CELL-12,2026-07-05,mid,4401,0.828,0.52,0.4518,1.99
CELL-12,2026-07-06,mid,3546,0.828,0.4942,0.4367,1.55
CELL-12,2026-07-07,mid,3467,0.873,0.4325,0.3953,1.37
CELL-12,2026-07-08,mid,4999,0.873,0.4493,0.4081,2.04
CELL-12,2026-07-09,mid,5023,0.873,0.4659,0.446,2.24
CELL-12,2026-07-10,mid,4858,0.708,0.6987,0.5511,2.68
CELL-12,2026-07-11,mid,5075,0.708,0.6459,0.5107,2.59
CELL-12,2026-07-12,mid,4537,0.725,0.5984,0.4814,2.18
CELL-12,2026-07-13,mid,3821,0.707,0.5766,0.4336,1.66
CELL-12,2026-07-14,mid,3927,0.707,0.5258,0.4181,1.64
CELL-12,2026-07-15,mid,4818,0.738,0.5496,0.4297,2.07
CELL-12,2026-07-16,mid,5095,0.702,0.8314,0.7583,3.86
CELL-12,2026-07-17,mid,5143,0.713,0.7026,0.5679,2.92
CELL-12,2026-07-18,mid,4935,0.708,0.6865,0.5452,2.69
CELL-12,2026-07-19,mid,4868,0.703,0.66,0.5281,2.57
CELL-12,2026-07-20,mid,3981,0.703,0.6612,0.5408,2.15
CELL-12,2026-07-21,mid,3257,0.841,0.4923,0.4371,1.42
CELL-12,2026-07-22,mid,4671,0.759,0.6651,0.5535,2.59
CELL-12,2026-07-23,mid,4978,0.979,0.3917,0.3928,1.96
CELL-12,2026-07-24,mid,5171,0.767,0.5468,0.4682,2.42
CELL-12,2026-07-25,mid,5079,0.736,0.6455,0.5294,2.69
CELL-12,2026-07-26,mid,4541,0.746,0.5999,0.4972,2.26
CELL-12,2026-07-27,mid,3938,0.746,0.6234,0.4848,1.91
CELL-12,2026-07-28,mid,3793,0.805,0.5086,0.4499,1.71
CELL-12,2026-07-29,mid,4736,0.826,0.5157,0.4667,2.21
CELL-12,2026-07-30,mid,4597,0.863,0.6347,0.6058,2.79
CELL-12,2026-07-31,mid,5239,0.968,0.5382,0.5533,2.9
CELL-12,2026-08-01,mid,4792,1.119,0.3982,0.4779,2.29
CELL-12,2026-08-02,mid,4312,1.119,0.418,0.4774,2.06
CELL-12,2026-08-03,mid,3834,1.029,0.4201,0.4695,1.8
CELL-12,2026-08-04,mid,3390,1.12,0.3616,0.4085,1.39
CELL-12,2026-08-05,mid,4339,0.768,0.7474,0.6887,2.99
CELL-12,2026-08-06,mid,5224,0.818,0.6894,0.6477,3.38
CELL-12,2026-08-07,mid,5279,0.844,0.7098,0.7019,3.71
CELL-12,2026-08-08,mid,4910,0.844,0.6921,0.6679,3.28
CELL-12,2026-08-09,mid,4420,0.768,0.7236,0.6579,2.91
CELL-12,2026-08-10,mid,4316,0.799,0.6747,0.6225,2.69
CELL-12,2026-08-11,mid,3723,0.825,0.6338,0.5862,2.18
CELL-12,2026-08-12,mid,4516,0.814,0.7197,0.6557,2.96
CELL-12,2026-08-13,mid,5078,0.814,0.6802,0.6333,3.22
CELL-12,2026-08-14,mid,5079,0.852,0.6486,0.6335,3.22
CELL-12,2026-08-15,mid,4611,0.913,0.545,0.5629,2.6
CELL-12,2026-08-16,mid,4501,0.873,0.6272,0.6345,2.86
CELL-12,2026-08-17,mid,3809,0.861,0.5612,0.5258,2.0
CELL-12,2026-08-18,mid,3575,0.789,0.5924,0.4969,1.78
CELL-12,2026-08-19,mid,4618,0.789,0.6292,0.5475,2.53
CELL-12,2026-08-20,mid,4880,0.752,0.7109,0.6109,2.98
CELL-12,2026-08-21,mid,5240,0.964,0.5951,0.6305,3.3
CELL-12,2026-08-22,mid,4857,0.94,0.6489,0.6947,3.37
CELL-12,2026-08-23,mid,4367,1.072,0.5174,0.6045,2.64
CELL-12,2026-08-24,mid,3925,1.072,0.4433,0.5108,2.01
CELL-12,2026-08-25,mid,3667,0.91,0.5464,0.5241,1.92
CELL-12,2026-08-26,mid,4793,0.849,0.6808,0.6651,3.19
CELL-12,2026-08-27,mid,4464,0.987,0.3815,0.3902,1.74
CELL-12,2026-08-28,mid,5293,0.909,0.4235,0.3974,2.1
CELL-12,2026-08-29,mid,4176,0.909,0.5775,0.5602,2.34
CELL-12,2026-08-30,mid,4399,0.849,0.6316,0.6004,2.64
CELL-12,2026-08-31,mid,3567,0.927,0.5482,0.5606,2.0
CELL-12,2026-09-01,mid,3697,0.868,0.5423,0.5238,1.94
CELL-12,2026-09-02,mid,4635,0.952,0.5427,0.5639,2.61
CELL-12,2026-09-03,mid,5165,0.982,0.5057,0.5149,2.66
CELL-12,2026-09-04,mid,5018,0.939,0.5429,0.5465,2.74
CELL-12,2026-09-05,mid,4669,0.762,0.7267,0.6538,3.05
CELL-12,2026-09-06,mid,4279,0.829,0.6322,0.6058,2.59
CELL-12,2026-09-07,mid,3657,0.925,0.4785,0.4715,1.72
CELL-12,2026-09-08,mid,3890,0.882,0.5514,0.5183,2.02
CELL-12,2026-09-09,mid,4718,0.836,0.6034,0.5644,2.66
CELL-12,2026-09-10,mid,4923,0.838,0.6077,0.5459,2.69
CELL-12,2026-09-11,mid,5090,0.815,0.5948,0.5433,2.77
CELL-12,2026-09-12,mid,4695,0.815,0.6994,0.6531,3.07
CELL-12,2026-09-13,mid,4630,0.935,0.6022,0.6068,2.81
CELL-12,2026-09-14,mid,3746,0.902,0.5782,0.5684,2.13
CELL-12,2026-09-15,mid,3374,0.997,0.5048,0.5379,1.81
CELL-12,2026-09-16,mid,4706,0.997,0.5378,0.6019,2.83
CELL-12,2026-09-17,mid,5446,0.975,0.5499,0.5735,3.12
CELL-12,2026-09-18,mid,4943,1.059,0.4486,0.5104,2.52
CELL-12,2026-09-19,mid,5517,1.068,0.5114,0.5857,3.23
CELL-12,2026-09-20,mid,4603,1.16,0.4712,0.567,2.61
CELL-12,2026-09-21,mid,3794,1.015,0.5094,0.5144,1.95
CELL-12,2026-09-22,mid,3588,0.971,0.544,0.5942,2.13
CELL-12,2026-09-23,mid,4616,0.971,0.5541,0.5876,2.71
CELL-12,2026-09-24,mid,5055,0.962,0.5903,0.6138,3.1
CELL-12,2026-09-25,mid,5592,0.962,0.5042,0.53,2.96
CELL-12,2026-09-26,mid,4737,1.076,0.4835,0.5574,2.64
CELL-12,2026-09-27,mid,4279,0.974,0.4931,0.5247,2.25
CELL-13,2026-04-01,thick,92982,0.236,0.998,0.5173,48.1
CELL-13,2026-04-02,thick,100546,0.286,0.9938,0.5154,51.82
CELL-13,2026-04-03,thick,101894,0.329,0.9805,0.4987,50.81
CELL-13,2026-04-04,thick,91580,0.329,0.9831,0.5156,47.22
CELL-13,2026-04-05,thick,99535,0.432,0.9298,0.5226,52.02
CELL-13,2026-04-06,thick,79018,0.432,0.9321,0.5295,41.84
CELL-13,2026-04-07,thick,78212,0.531,0.8127,0.4973,38.9
CELL-13,2026-04-08,thick,101711,0.681,0.5425,0.3881,39.47
CELL-13,2026-04-09,thick,102409,0.706,0.5091,0.3792,38.84
CELL-13,2026-04-10,thick,97516,0.571,0.7329,0.4635,45.2
CELL-13,2026-04-11,thick,102128,0.697,0.4273,0.307,31.35
CELL-13,2026-04-12,thick,87394,0.645,0.4399,0.291,25.43
CELL-13,2026-04-13,thick,72891,0.645,0.3656,0.2403,17.52
CELL-13,2026-04-14,thick,70612,0.592,0.5278,0.3227,22.79
CELL-13,2026-04-15,thick,101125,0.592,0.561,0.3519,35.59
CELL-13,2026-04-16,thick,103359,0.573,0.5587,0.3398,35.12
CELL-13,2026-04-17,thick,106233,0.567,0.602,0.3633,38.59
CELL-13,2026-04-18,thick,99038,0.567,0.6246,0.3792,37.55
CELL-13,2026-04-19,thick,87476,0.831,0.2692,0.2273,19.88
CELL-13,2026-04-20,thick,80815,0.723,0.3605,0.2651,21.42
CELL-13,2026-04-21,thick,77590,0.715,0.3865,0.2839,22.03
CELL-13,2026-04-22,thick,95482,0.728,0.4705,0.3563,34.02
CELL-13,2026-04-23,thick,100029,0.65,0.6255,0.4351,43.52
CELL-13,2026-04-24,thick,105711,0.65,0.5598,0.3859,40.79
CELL-13,2026-04-25,thick,94182,0.71,0.4294,0.3175,29.91
CELL-13,2026-04-26,thick,90216,0.658,0.4934,0.3359,30.3
CELL-13,2026-04-27,thick,80990,0.653,0.5612,0.3866,31.31
CELL-13,2026-04-28,thick,75985,0.653,0.2888,0.1972,14.99
CELL-13,2026-04-29,thick,96226,0.651,0.6324,0.4424,42.57
CELL-13,2026-04-30,thick,100536,0.651,0.7153,0.5123,51.5
CELL-13,2026-05-01,thick,103202,0.786,0.4548,0.3678,37.95
CELL-13,2026-05-02,thick,99348,0.74,0.4986,0.3849,38.24
CELL-13,2026-05-03,thick,89887,0.876,0.2726,0.24,21.57
CELL-13,2026-05-04,thick,75531,0.72,0.551,0.4151,31.35
CELL-13,2026-05-05,thick,70582,0.825,0.2417,0.2029,14.32
CELL-13,2026-05-06,thick,99608,0.761,0.349,0.2716,27.05
CELL-13,2026-05-07,thick,106056,0.727,0.2069,0.1564,16.58
CELL-13,2026-05-08,thick,106837,0.727,0.5138,0.3892,41.58
CELL-13,2026-05-09,thick,95439,0.647,0.8888,0.7123,67.98
CELL-13,2026-05-10,thick,89819,0.788,0.7284,0.6364,57.17
CELL-13,2026-05-11,thick,72365,0.788,0.446,0.364,26.34
CELL-13,2026-05-12,thick,66346,1.175,0.0902,0.109,7.23
CELL-13,2026-05-13,thick,95889,1.035,0.1074,0.1098,10.53
CELL-13,2026-05-14,thick,109391,0.958,0.1828,0.1752,19.16
CELL-13,2026-05-15,thick,100922,0.811,0.3427,0.2837,28.64
CELL-13,2026-05-16,thick,101753,0.811,0.3587,0.2965,30.17
CELL-13,2026-05-17,thick,92876,0.811,0.3909,0.3261,30.29
CELL-13,2026-05-18,thick,79878,0.811,0.3078,0.2548,20.36
CELL-13,2026-05-19,thick,71520,0.77,0.3718,0.2968,21.22
CELL-13,2026-05-20,thick,91214,0.708,0.4495,0.3307,30.16
CELL-13,2026-05-21,thick,99297,0.572,0.7096,0.4463,44.31
CELL-13,2026-05-22,thick,94693,0.635,0.6034,0.4082,38.65
CELL-13,2026-05-23,thick,99262,0.676,0.6754,0.4952,49.16
CELL-13,2026-05-24,thick,93569,0.825,0.4479,0.385,36.03
CELL-13,2026-05-25,thick,80680,0.784,0.3695,0.2967,23.94
CELL-13,2026-05-26,thick,70331,0.857,0.2661,0.2276,16.01
CELL-13,2026-05-27,thick,93095,0.769,0.4106,0.329,30.62
CELL-13,2026-05-28,thick,99959,0.833,0.4823,0.4182,41.81
CELL-13,2026-05-29,thick,103578,0.892,0.3538,0.3244,33.6
CELL-13,2026-05-30,thick,96557,0.732,0.2946,0.224,21.63
CELL-13,2026-05-31,thick,92585,0.732,0.4218,0.3219,29.8
CELL-13,2026-06-01,thick,74102,0.732,0.3683,0.2732,20.24
CELL-13,2026-06-02,thick,73959,0.732,0.4314,0.3285,24.3
CELL-13,2026-06-03,thick,101435,0.732,0.4281,0.3254,33.0
CELL-13,2026-06-04,thick,104482,0.723,0.4471,0.3345,34.95
CELL-13,2026-06-05,thick,97500,0.791,0.3524,0.286,27.88
CELL-13,2026-06-06,thick,95062,0.791,0.4226,0.3435,32.65
CELL-13,2026-06-07,thick,91052,0.69,0.62,0.4549,41.42
CELL-13,2026-06-08,thick,81169,0.841,0.3132,0.2683,21.78
CELL-13,2026-06-09,thick,71882,0.771,0.3604,0.2822,20.28
CELL-13,2026-06-10,thick,94018,0.747,0.3619,0.2774,26.08
CELL-13,2026-06-11,thick,100212,0.774,0.334,0.2621,26.27
CELL-13,2026-06-12,thick,113069,0.767,0.3747,0.2967,33.54
CELL-13,2026-06-13,thick,92653,0.767,0.4158,0.3288,30.47
CELL-13,2026-06-14,thick,89677,0.711,0.4653,0.342,30.67
CELL-13,2026-06-15,thick,77639,0.892,0.2102,0.1898,14.74
CELL-13,2026-06-16,thick,73754,0.763,0.2964,0.2307,17.02
CELL-13,2026-06-17,thick,99167,0.763,0.4077,0.32,31.73
CELL-13,2026-06-18,thick,97230,0.729,0.4717,0.3566,34.67
CELL-13,2026-06-19,thick,106248,0.7,0.5259,0.3873,41.14
CELL-13,2026-06-20,thick,102259,0.874,0.3323,0.2942,30.08
CELL-13,2026-06-21,thick,90058,0.874,0.2712,0.241,21.7
CELL-13,2026-06-22,thick,77514,0.918,0.2288,0.211,16.36
CELL-13,2026-06-23,thick,69103,0.731,0.4709,0.3584,24.77
CELL-13,2026-06-24,thick,95914,0.734,0.4269,0.3255,31.22
CELL-13,2026-06-25,thick,97994,0.724,0.4438,0.3315,32.49
CELL-13,2026-06-26,thick,99887,0.791,0.3136,0.252,25.18
CELL-13,2026-06-27,thick,96794,0.708,0.4985,0.3657,35.4
CELL-13,2026-06-28,thick,96094,0.762,0.4379,0.3455,33.2
CELL-13,2026-06-29,thick,79593,0.762,0.3222,0.2496,19.87
CELL-13,2026-06-30,thick,75422,0.615,0.5296,0.3428,25.85
CELL-13,2026-07-01,thick,95086,0.612,0.5933,0.3873,36.83
CELL-13,2026-07-02,thick,100709,0.7,0.4339,0.3143,31.65
CELL-13,2026-07-03,thick,96792,0.58,0.6028,0.3737,36.17
CELL-13,2026-07-04,thick,85677,0.582,0.6836,0.4349,37.27
CELL-13,2026-07-05,thick,83770,0.624,0.5663,0.3749,31.41
CELL-13,2026-07-06,thick,72566,0.605,0.5978,0.3873,28.1
CELL-13,2026-07-07,thick,67501,0.67,0.5349,0.375,25.32
CELL-13,2026-07-08,thick,97251,0.699,0.4899,0.357,34.72
CELL-13,2026-07-09,thick,105486,0.796,0.3546,0.2874,30.32
CELL-13,2026-07-10,thick,111129,0.747,0.3886,0.2954,32.83
CELL-13,2026-07-11,thick,93364,0.761,0.4818,0.3809,35.56
CELL-13,2026-07-12,thick,88768,0.761,0.4464,0.3541,31.43
CELL-13,2026-07-13,thick,71052,0.793,0.397,0.3246,23.06
CELL-13,2026-07-14,thick,72718,0.768,0.473,0.3809,27.7
CELL-13,2026-07-15,thick,94915,0.628,0.7358,0.5094,48.35
CELL-13,2026-07-16,thick,97529,0.847,0.3729,0.3231,31.51
CELL-13,2026-07-17,thick,102456,0.655,0.6175,0.4302,44.08
CELL-13,2026-07-18,thick,95590,0.683,0.5255,0.3756,35.9
CELL-13,2026-07-19,thick,91755,0.683,0.544,0.39,35.79
CELL-13,2026-07-20,thick,85096,0.822,0.2842,0.2364,20.12
CELL-13,2026-07-21,thick,78753,0.823,0.297,0.2488,19.59
CELL-13,2026-07-22,thick,90659,0.656,0.4815,0.3285,29.78
CELL-13,2026-07-23,thick,100116,0.65,0.5397,0.3702,37.07
CELL-13,2026-07-24,thick,100530,0.753,0.4613,0.3584,36.03
CELL-13,2026-07-25,thick,92545,0.753,0.4123,0.3215,29.75
CELL-13,2026-07-26,thick,85580,0.746,0.3339,0.2554,21.86
CELL-13,2026-07-27,thick,65996,0.631,0.5595,0.3739,24.67
CELL-13,2026-07-28,thick,70365,0.644,0.5363,0.3632,25.56
CELL-13,2026-07-29,thick,98844,0.772,0.3591,0.2845,28.12
CELL-13,2026-07-30,thick,101880,0.818,0.3642,0.3062,31.19
CELL-13,2026-07-31,thick,89718,0.79,0.4537,0.3688,33.09
CELL-13,2026-08-01,thick,91929,0.79,0.3605,0.2933,26.97
CELL-13,2026-08-02,thick,90765,0.703,0.5759,0.431,39.12
CELL-13,2026-08-03,thick,70547,0.646,0.5956,0.4056,28.61
CELL-13,2026-08-04,thick,71597,0.869,0.2993,0.2664,19.08
CELL-13,2026-08-05,thick,92586,0.687,0.5436,0.3903,36.14
CELL-13,2026-08-06,thick,113112,0.627,0.6406,0.432,48.86
CELL-13,2026-08-07,thick,96891,0.659,0.5885,0.4132,40.04
CELL-13,2026-08-08,thick,96512,0.747,0.4741,0.3683,35.55
CELL-13,2026-08-09,thick,91219,0.692,0.5549,0.4075,37.17
CELL-13,2026-08-10,thick,73801,0.668,0.6318,0.4501,33.22
CELL-13,2026-08-11,thick,70213,0.648,0.6766,0.4748,33.34
CELL-13,2026-08-12,thick,96740,0.703,0.648,0.4894,47.34
CELL-13,2026-08-13,thick,105989,0.724,0.5183,0.3944,41.8
CELL-13,2026-08-14,thick,90715,0.724,0.5512,0.4193,38.04
CELL-13,2026-08-15,thick,93800,0.775,0.4397,0.3518,33.0
CELL-13,2026-08-16,thick,101556,0.749,0.4968,0.3869,39.29
CELL-13,2026-08-17,thick,81490,0.775,0.425,0.3385,27.59
CELL-13,2026-08-18,thick,73324,0.817,0.3751,0.3109,22.8
CELL-13,2026-08-19,thick,102958,0.851,0.3472,0.3008,30.97
CELL-13,2026-08-20,thick,103703,0.767,0.4291,0.3401,35.27
CELL-13,2026-08-21,thick,100947,0.767,0.4636,0.3686,37.21
CELL-13,2026-08-22,thick,100902,0.651,0.5985,0.4162,41.99
CELL-13,2026-08-23,thick,93961,0.651,0.4523,0.305,28.66
CELL-13,2026-08-24,thick,78476,0.685,0.4547,0.3229,25.34
CELL-13,2026-08-25,thick,73919,0.698,0.4476,0.3231,23.88
CELL-13,2026-08-26,thick,87390,0.698,0.5768,0.4307,37.64
CELL-13,2026-08-27,thick,95304,0.76,0.3501,0.2733,26.05
CELL-13,2026-08-28,thick,100279,0.713,0.2071,0.1515,15.2
CELL-13,2026-08-29,thick,99543,0.619,0.6174,0.4108,40.9
CELL-13,2026-08-30,thick,93836,0.649,0.6287,0.4384,41.14
CELL-13,2026-08-31,thick,72160,0.591,0.6692,0.4277,30.87
CELL-13,2026-09-01,thick,74963,0.727,0.4937,0.3744,28.06
CELL-13,2026-09-02,thick,96103,0.738,0.5127,0.3953,37.99
CELL-13,2026-09-03,thick,92388,0.728,0.5547,0.425,39.27
CELL-13,2026-09-04,thick,103817,0.847,0.6352,0.5817,60.39
CELL-13,2026-09-05,thick,89671,0.958,0.5512,0.5524,49.54
CELL-13,2026-09-06,thick,99780,1.247,0.0806,0.1011,10.09
CELL-13,2026-09-07,thick,75950,0.997,0.1561,0.1581,12.01
CELL-13,2026-09-08,thick,74737,0.779,0.3178,0.2529,18.9
CELL-13,2026-09-09,thick,94099,0.779,0.3443,0.2749,25.87
CELL-13,2026-09-10,thick,99968,0.701,0.419,0.3054,30.53
CELL-13,2026-09-11,thick,95470,0.743,0.364,0.2806,26.79
CELL-13,2026-09-12,thick,93061,0.789,0.2704,0.2164,20.14
CELL-13,2026-09-13,thick,95104,0.734,0.3714,0.2826,26.88
CELL-13,2026-09-14,thick,72053,0.709,0.3265,0.2388,17.21
CELL-13,2026-09-15,thick,78061,0.775,0.3331,0.2635,20.57
CELL-13,2026-09-16,thick,98545,0.706,0.5315,0.3938,38.8
CELL-13,2026-09-17,thick,102259,0.68,0.6654,0.4905,50.16
CELL-13,2026-09-18,thick,106496,0.68,0.5611,0.4027,42.89
CELL-13,2026-09-19,thick,97187,0.795,0.4019,0.3289,31.97
CELL-13,2026-09-20,thick,88530,0.82,0.2964,0.2448,21.67
CELL-13,2026-09-21,thick,76085,0.75,0.3569,0.2721,20.7
CELL-13,2026-09-22,thick,74218,0.816,0.3195,0.2643,19.61
CELL-13,2026-09-23,thick,101886,0.78,0.338,0.268,27.3
CELL-13,2026-09-24,thick,92416,0.717,0.3924,0.2893,26.74
CELL-13,2026-09-25,thick,98354,0.71,0.4267,0.3116,30.65
CELL-13,2026-09-26,thick,98192,0.705,0.431,0.312,30.63
CELL-13,2026-09-27,thick,99324,0.595,0.5154,0.3211,31.9
CELL-14,2026-04-01,thin,576,0.938,0.9927,2.2351,1.29
CELL-14,2026-04-02,thin,572,0.938,0.9888,2.7534,1.58
CELL-14,2026-04-03,thin,594,1.031,0.9964,2.6012,1.55
CELL-14,2026-04-04,thin,556,1.215,0.9904,2.7818,1.55
CELL-14,2026-04-05,thin,538,1.347,0.9889,2.8449,1.53
CELL-14,2026-04-06,thin,432,1.7,0.9132,2.5568,1.11
CELL-14,2026-04-07,thin,397,2.004,0.9042,2.6432,1.05
CELL-14,2026-04-08,thin,556,2.528,0.7316,2.2026,1.23
CELL-14,2026-04-09,thin,618,3.23,0.5948,2.2377,1.38
CELL-14,2026-04-10,thin,581,2.916,0.7182,2.5721,1.49
CELL-14,2026-04-11,thin,535,3.502,0.5548,2.2692,1.22
CELL-14,2026-04-12,thin,552,3.502,0.518,2.0165,1.11
CELL-14,2026-04-13,thin,485,3.626,0.5023,1.9096,0.93
CELL-14,2026-04-14,thin,430,3.63,0.5489,2.1213,0.91
CELL-14,2026-04-15,thin,564,3.584,0.5594,2.0932,1.18
CELL-14,2026-04-16,thin,562,3.503,0.642,2.578,1.45
CELL-14,2026-04-17,thin,567,3.235,0.7588,2.9243,1.66
CELL-14,2026-04-18,thin,564,3.435,0.6887,2.7684,1.56
CELL-14,2026-04-19,thin,563,4.436,0.5038,2.2065,1.24
CELL-14,2026-04-20,thin,443,4.339,0.3949,2.0247,0.9
CELL-14,2026-04-21,thin,443,4.339,0.4132,2.1317,0.95
CELL-14,2026-04-22,thin,560,4.339,0.4385,2.0839,1.17
CELL-14,2026-04-23,thin,574,4.138,0.4238,1.8376,1.06
CELL-14,2026-04-24,thin,602,4.138,0.4335,2.0431,1.23
CELL-14,2026-04-25,thin,532,4.138,0.4336,1.9568,1.04
CELL-14,2026-04-26,thin,534,3.384,0.5104,1.939,1.04
CELL-14,2026-04-27,thin,447,3.384,0.5749,2.065,0.92
CELL-14,2026-04-28,thin,446,3.352,0.6143,2.2083,0.98
CELL-14,2026-04-29,thin,551,3.352,0.6768,2.5666,1.42
CELL-14,2026-04-30,thin,573,3.399,0.6368,2.371,1.36
CELL-14,2026-05-01,thin,566,3.38,0.5749,2.2991,1.3
CELL-14,2026-05-02,thin,576,3.38,0.5863,2.1853,1.26
CELL-14,2026-05-03,thin,530,3.718,0.3258,1.3646,0.72
CELL-14,2026-05-04,thin,417,3.218,0.4303,1.5574,0.65
CELL-14,2026-05-05,thin,433,2.832,0.7149,2.4117,1.05
CELL-14,2026-05-06,thin,598,3.153,0.698,2.4244,1.45
CELL-14,2026-05-07,thin,597,3.556,0.6161,2.4072,1.44
CELL-14,2026-05-08,thin,593,3.408,0.745,2.8042,1.66
CELL-14,2026-05-09,thin,547,3.366,0.7012,2.7444,1.5
CELL-14,2026-05-10,thin,510,3.966,0.4321,1.8542,0.95
CELL-14,2026-05-11,thin,401,4.031,0.4701,1.757,0.71
CELL-14,2026-05-12,thin,411,4.422,0.4972,2.1126,0.87
CELL-14,2026-05-13,thin,550,3.824,0.5706,2.3973,1.32
CELL-14,2026-05-14,thin,614,3.933,0.5491,2.0545,1.26
CELL-14,2026-05-15,thin,552,4.271,0.4925,2.3271,1.29
CELL-14,2026-05-16,thin,573,3.8,0.6651,2.8084,1.61
CELL-14,2026-05-17,thin,548,4.174,0.5311,2.4383,1.34
CELL-14,2026-05-18,thin,427,3.603,0.556,2.1408,0.92
CELL-14,2026-05-19,thin,401,3.056,0.6657,2.2886,0.92
CELL-14,2026-05-20,thin,558,3.558,0.6045,2.4981,1.39
CELL-14,2026-05-21,thin,613,3.163,0.7434,2.8078,1.72
CELL-14,2026-05-22,thin,569,4.041,0.5131,2.1694,1.23
CELL-14,2026-05-23,thin,568,3.785,0.5421,2.4827,1.41
CELL-14,2026-05-24,thin,499,3.514,0.6202,2.6446,1.32
CELL-14,2026-05-25,thin,490,3.227,0.6029,2.5119,1.23
CELL-14,2026-05-26,thin,426,3.211,0.6283,2.2564,0.96
CELL-14,2026-05-27,thin,597,3.235,0.6578,2.4777,1.48
CELL-14,2026-05-28,thin,587,4.253,0.4362,2.014,1.18
CELL-14,2026-05-29,thin,574,3.928,0.4595,2.2103,1.27
CELL-14,2026-05-30,thin,556,3.928,0.4879,2.1778,1.21
CELL-14,2026-05-31,thin,529,4.996,0.3192,1.8038,0.96
CELL-14,2026-06-01,thin,429,3.997,0.4085,2.0442,0.88
CELL-14,2026-06-02,thin,426,3.997,0.4835,1.9167,0.82
CELL-14,2026-06-03,thin,574,3.997,0.474,1.8969,1.09
CELL-14,2026-06-04,thin,601,3.604,0.5743,2.1578,1.3
CELL-14,2026-06-05,thin,584,3.557,0.5964,2.3899,1.4
CELL-14,2026-06-06,thin,604,3.66,0.6167,2.4684,1.49
CELL-14,2026-06-07,thin,511,3.56,0.4147,1.771,0.91
CELL-14,2026-06-08,thin,438,3.509,0.5445,2.0615,0.9
CELL-14,2026-06-09,thin,441,3.509,0.615,2.424,1.07
CELL-14,2026-06-10,thin,607,3.124,0.7204,2.6885,1.63
CELL-14,2026-06-11,thin,588,3.712,0.5582,2.3558,1.39
CELL-14,2026-06-12,thin,586,3.484,0.5997,2.4422,1.43
CELL-14,2026-06-13,thin,526,3.36,0.6435,2.4009,1.26
CELL-14,2026-06-14,thin,539,3.643,0.5116,2.0476,1.1
CELL-14,2026-06-15,thin,411,3.643,0.5171,1.9162,0.79
CELL-14,2026-06-16,thin,429,3.374,0.5676,2.2721,0.98
CELL-14,2026-06-17,thin,552,3.903,0.5667,2.4737,1.37
CELL-14,2026-06-18,thin,588,4.015,0.5162,2.1845,1.29
CELL-14,2026-06-19,thin,562,4.015,0.4884,2.1983,1.24
CELL-14,2026-06-20,thin,569,4.045,0.5029,2.2221,1.27
CELL-14,2026-06-21,thin,516,4.045,0.488,2.2984,1.19
CELL-14,2026-06-22,thin,434,4.524,0.438,2.2338,0.97
CELL-14,2026-06-23,thin,379,4.34,0.4453,2.0699,0.78
CELL-14,2026-06-24,thin,522,4.34,0.4441,2.3392,1.22
CELL-14,2026-06-25,thin,600,3.873,0.6422,2.8426,1.71
CELL-14,2026-06-26,thin,550,4.216,0.6162,2.6663,1.47
CELL-14,2026-06-27,thin,572,4.216,0.5171,2.2181,1.27
CELL-14,2026-06-28,thin,580,3.962,0.5294,2.2818,1.32
CELL-14,2026-06-29,thin,483,4.031,0.4542,2.3357,1.13
CELL-14,2026-06-30,thin,405,3.817,0.483,1.7342,0.7
CELL-14,2026-07-01,thin,633,3.817,0.448,1.7889,1.13
CELL-14,2026-07-02,thin,613,3.532,0.5898,2.2872,1.4
CELL-14,2026-07-03,thin,592,3.078,0.6903,2.546,1.51
CELL-14,2026-07-04,thin,538,2.914,0.6944,2.3624,1.27
CELL-14,2026-07-05,thin,575,2.917,0.6872,2.5257,1.45
CELL-14,2026-07-06,thin,433,3.134,0.6576,2.4082,1.04
CELL-14,2026-07-07,thin,409,2.802,0.7525,2.6208,1.07
CELL-14,2026-07-08,thin,557,2.706,0.8233,2.8403,1.58
CELL-14,2026-07-09,thin,543,2.642,0.8302,2.8471,1.55
CELL-14,2026-07-10,thin,601,3.107,0.7354,2.751,1.66
CELL-14,2026-07-11,thin,549,3.063,0.7319,2.4859,1.37
CELL-14,2026-07-12,thin,520,3.604,0.5523,2.2939,1.19
CELL-14,2026-07-13,thin,431,3.796,0.5449,2.299,0.99
CELL-14,2026-07-14,thin,411,4.069,0.5791,2.5391,1.04
CELL-14,2026-07-15,thin,585,4.769,0.3769,2.0011,1.17
CELL-14,2026-07-16,thin,576,4.201,0.4792,2.073,1.2
CELL-14,2026-07-17,thin,585,4.635,0.3873,2.169,1.27
CELL-14,2026-07-18,thin,538,4.252,0.5385,2.2366,1.2
CELL-14,2026-07-19,thin,497,3.533,0.6154,2.4536,1.22
CELL-14,2026-07-20,thin,443,3.533,0.6127,2.2456,0.99
CELL-14,2026-07-21,thin,416,3.533,0.5959,2.1594,0.9
CELL-14,2026-07-22,thin,593,3.465,0.6364,2.3061,1.37
CELL-14,2026-07-23,thin,554,3.546,0.6057,2.7747,1.54
CELL-14,2026-07-24,thin,662,3.227,0.8992,4.1087,2.72
CELL-14,2026-07-25,thin,570,3.719,0.7882,3.6899,2.1
CELL-14,2026-07-26,thin,531,3.712,0.6346,2.564,1.36
CELL-14,2026-07-27,thin,443,4.276,0.5038,2.2664,1.01
CELL-14,2026-07-28,thin,383,4.1,0.4904,2.4135,0.93
CELL-14,2026-07-29,thin,534,3.876,0.5476,2.2599,1.21
CELL-14,2026-07-30,thin,616,3.477,0.7037,2.9205,1.8
CELL-14,2026-07-31,thin,518,3.882,0.6174,2.6624,1.38
CELL-14,2026-08-01,thin,588,3.363,0.6921,2.8609,1.68
CELL-14,2026-08-02,thin,530,3.815,0.6316,2.8069,1.49
CELL-14,2026-08-03,thin,448,4.154,0.4871,2.1706,0.97
CELL-14,2026-08-04,thin,422,3.774,0.5239,2.2767,0.96
CELL-14,2026-08-05,thin,556,3.536,0.6027,2.3018,1.28
CELL-14,2026-08-06,thin,619,3.431,0.5511,2.0823,1.29
CELL-14,2026-08-07,thin,608,3.936,0.5253,2.3846,1.45
CELL-14,2026-08-08,thin,602,3.563,0.5854,2.4274,1.46
CELL-14,2026-08-09,thin,502,3.589,0.621,2.3952,1.2
CELL-14,2026-08-10,thin,447,3.921,0.4282,2.1791,0.98
CELL-14,2026-08-11,thin,393,3.908,0.3997,1.6539,0.65
CELL-14,2026-08-12,thin,552,3.635,0.531,2.2803,1.26
CELL-14,2026-08-13,thin,570,3.852,0.6299,2.5435,1.45
CELL-14,2026-08-14,thin,594,4.295,0.5125,2.5419,1.51
CELL-14,2026-08-15,thin,606,4.276,0.5054,2.2918,1.39
CELL-14,2026-08-16,thin,521,3.567,0.5979,2.4585,1.28
CELL-14,2026-08-17,thin,451,3.567,0.8149,3.3516,1.51
CELL-14,2026-08-18,thin,399,3.884,0.695,3.0829,1.23
CELL-14,2026-08-19,thin,536,3.379,0.8032,3.4654,1.86
CELL-14,2026-08-20,thin,619,3.049,0.7271,2.7222,1.69
CELL-14,2026-08-21,thin,622,3.208,0.6672,2.5292,1.58
CELL-14,2026-08-22,thin,555,3.643,0.5465,2.2604,1.25
CELL-14,2026-08-23,thin,553,3.059,0.6624,2.2451,1.24
CELL-14,2026-08-24,thin,447,3.306,0.6045,2.2977,1.03
CELL-14,2026-08-25,thin,428,3.988,0.3871,1.5748,0.67
CELL-14,2026-08-26,thin,571,4.387,0.4362,1.9399,1.11
CELL-14,2026-08-27,thin,550,4.714,0.3688,1.7532,0.96
CELL-14,2026-08-28,thin,660,3.887,0.2797,1.1338,0.75
CELL-14,2026-08-29,thin,560,3.568,0.3611,1.2076,0.68
CELL-14,2026-08-30,thin,509,3.008,0.4563,1.5616,0.8
CELL-14,2026-08-31,thin,448,2.569,0.5661,1.5101,0.68
CELL-14,2026-09-01,thin,394,2.592,0.5593,1.5914,0.63
CELL-14,2026-09-02,thin,586,2.592,0.6454,1.8662,1.09
CELL-14,2026-09-03,thin,604,2.708,0.6517,1.9935,1.2
CELL-14,2026-09-04,thin,602,3.097,0.5397,1.707,1.03
CELL-14,2026-09-05,thin,547,3.076,0.5406,1.9258,1.05
CELL-14,2026-09-06,thin,535,3.472,0.4346,1.4615,0.78
CELL-14,2026-09-07,thin,448,3.472,0.3525,1.4087,0.63
CELL-14,2026-09-08,thin,455,3.23,0.4104,1.3732,0.63
CELL-14,2026-09-09,thin,559,3.357,0.5073,1.8636,1.04
CELL-14,2026-09-10,thin,605,3.357,0.4813,1.5873,0.96
CELL-14,2026-09-11,thin,639,3.539,0.3825,1.5,0.96
CELL-14,2026-09-12,thin,575,3.362,0.3928,1.5376,0.89
CELL-14,2026-09-13,thin,496,2.718,0.5825,1.7224,0.86
CELL-14,2026-09-14,thin,463,2.718,0.5099,1.4678,0.68
CELL-14,2026-09-15,thin,399,2.179,0.6463,1.4063,0.56
CELL-14,2026-09-16,thin,545,2.466,0.6271,1.7291,0.94
CELL-14,2026-09-17,thin,574,2.776,0.5548,1.7227,0.99
CELL-14,2026-09-18,thin,622,2.408,0.7126,2.038,1.27
CELL-14,2026-09-19,thin,568,2.212,0.686,1.7955,1.02
CELL-14,2026-09-20,thin,499,2.588,0.5712,1.7997,0.9
CELL-14,2026-09-21,thin,464,2.588,0.5074,1.4682,0.68
CELL-14,2026-09-22,thin,413,2.534,0.5544,1.3979,0.58
CELL-14,2026-09-23,thin,600,2.623,0.5516,1.7296,1.04
CELL-14,2026-09-24,thin,587,2.66,0.537,1.7277,1.01
CELL-14,2026-09-25,thin,611,2.575,0.5282,1.5971,0.98
CELL-14,2026-09-26,thin,564,2.72,0.5531,1.6223,0.92
CELL-14,2026-09-27,thin,579,2.998,0.6815,2.4188,1.4
CELL-15,2026-04-01,thick,95919,0.804,0.8686,0.9507,91.19
CELL-15,2026-04-02,thick,100139,0.934,0.7466,0.8473,84.85
CELL-15,2026-04-03,thick,106669,0.958,0.9078,1.2834,136.9
CELL-15,2026-04-04,thick,99000,1.169,0.8187,1.2353,122.29
CELL-15,2026-04-05,thick,98640,1.169,0.6461,0.8549,84.33
CELL-15,2026-04-06,thick,80834,1.496,0.4655,0.7449,60.21
CELL-15,2026-04-07,thick,77713,1.27,0.5441,0.7567,58.81
CELL-15,2026-04-08,thick,91306,1.113,0.7158,0.9459,86.37
CELL-15,2026-04-09,thick,100353,1.214,0.6656,0.9337,93.7
CELL-15,2026-04-10,thick,102881,1.148,0.691,0.9178,94.42
CELL-15,2026-04-11,thick,102564,1.302,0.5208,0.7407,75.97
CELL-15,2026-04-12,thick,94844,1.432,0.4444,0.6752,64.04
CELL-15,2026-04-13,thick,81087,1.235,0.5759,0.7941,64.39
CELL-15,2026-04-14,thick,79364,1.235,0.5628,0.7689,61.02
CELL-15,2026-04-15,thick,103158,1.123,0.709,0.9443,97.41
CELL-15,2026-04-16,thick,109113,1.123,0.7127,0.9451,103.13
CELL-15,2026-04-17,thick,105186,1.127,0.7042,0.9387,98.74
CELL-15,2026-04-18,thick,102254,0.914,0.8221,0.9727,99.47
CELL-15,2026-04-19,thick,98173,1.155,0.6604,0.8775,86.14
CELL-15,2026-04-20,thick,80128,1.054,0.74,0.9348,74.9
CELL-15,2026-04-21,thick,72603,0.863,0.7981,0.8739,63.45
CELL-15,2026-04-22,thick,99491,1.1,0.7427,0.9842,97.92
CELL-15,2026-04-23,thick,107909,1.105,0.6942,0.8961,96.7
CELL-15,2026-04-24,thick,103336,1.078,0.7317,0.9481,97.97
CELL-15,2026-04-25,thick,94439,1.163,0.7252,1.006,95.01
CELL-15,2026-04-26,thick,102964,1.163,0.7161,0.9854,101.46
CELL-15,2026-04-27,thick,76017,1.376,0.5443,0.8194,62.29
CELL-15,2026-04-28,thick,70647,1.23,0.6338,0.8906,62.92
CELL-15,2026-04-29,thick,105596,1.261,0.6122,0.8703,91.9
CELL-15,2026-04-30,thick,106606,1.069,0.7647,1.0076,107.41
CELL-15,2026-05-01,thick,108866,1.053,0.7495,0.9596,104.47
CELL-15,2026-05-02,thick,100381,1.196,0.6563,0.8911,89.45
CELL-15,2026-05-03,thick,99327,1.155,0.6871,0.9307,92.45
CELL-15,2026-05-04,thick,75315,1.195,0.6691,0.9217,69.42
CELL-15,2026-05-05,thick,71694,1.195,0.6519,0.8949,64.16
CELL-15,2026-05-06,thick,93604,1.002,0.772,0.962,90.05
CELL-15,2026-05-07,thick,99093,1.151,0.6981,0.9481,93.95
CELL-15,2026-05-08,thick,103413,0.982,0.8381,1.0797,111.65
CELL-15,2026-05-09,thick,106517,0.894,0.8475,1.0003,106.55
CELL-15,2026-05-10,thick,89310,1.026,0.7774,0.9902,88.43
CELL-15,2026-05-11,thick,82335,1.064,0.6973,0.8731,71.89
CELL-15,2026-05-12,thick,79540,1.159,0.6369,0.8338,66.32
CELL-15,2026-05-13,thick,109922,1.159,0.6312,0.8327,91.53
CELL-15,2026-05-14,thick,97557,1.1,0.7147,0.9287,90.6
CELL-15,2026-05-15,thick,105004,1.165,0.6681,0.9061,95.14
CELL-15,2026-05-16,thick,97865,1.229,0.6316,0.8818,86.3
CELL-15,2026-05-17,thick,91845,1.102,0.6638,0.8419,77.32
CELL-15,2026-05-18,thick,83222,0.971,0.6878,0.7801,64.92
CELL-15,2026-05-19,thick,75340,0.899,0.7623,0.8396,63.26
CELL-15,2026-05-20,thick,100683,0.813,0.8955,1.0418,104.89
CELL-15,2026-05-21,thick,112495,0.913,0.8543,1.0406,117.06
CELL-15,2026-05-22,thick,109059,0.859,0.8805,1.0487,114.37
CELL-15,2026-05-23,thick,93875,0.944,0.8145,0.9853,92.5
CELL-15,2026-05-24,thick,88386,1.027,0.7478,0.9278,82.01
CELL-15,2026-05-25,thick,78353,0.981,0.7546,0.9036,70.8
CELL-15,2026-05-26,thick,70034,1.009,0.7078,0.8411,58.91
CELL-15,2026-05-27,thick,96860,1.009,0.7359,0.8949,86.68
CELL-15,2026-05-28,thick,111281,0.961,0.7767,0.9254,102.98
CELL-15,2026-05-29,thick,104864,0.961,0.8069,0.9849,103.28
CELL-15,2026-05-30,thick,97688,1.108,0.7723,1.0524,102.81
CELL-15,2026-05-31,thick,97604,1.249,0.6557,0.9522,92.94
CELL-15,2026-06-01,thick,71386,1.226,0.5974,0.8198,58.52
CELL-15,2026-06-02,thick,81382,1.218,0.5977,0.8182,66.59
CELL-15,2026-06-03,thick,110606,1.218,0.5817,0.7864,86.98
CELL-15,2026-06-04,thick,104319,1.228,0.5915,0.8145,84.97
CELL-15,2026-06-05,thick,109581,1.085,0.7543,0.9952,109.05
CELL-15,2026-06-06,thick,96885,1.081,0.7623,1.0097,97.83
CELL-15,2026-06-07,thick,82471,1.096,0.7779,1.0549,87.0
CELL-15,2026-06-08,thick,75955,1.182,0.6534,0.8845,67.18
CELL-15,2026-06-09,thick,76541,1.121,0.6773,0.8808,67.42
CELL-15,2026-06-10,thick,93543,1.145,0.713,0.9654,90.31
CELL-15,2026-06-11,thick,107064,1.012,0.441,0.5372,57.52
CELL-15,2026-06-12,thick,101695,1.012,0.7751,0.9713,98.78
CELL-15,2026-06-13,thick,103860,1.051,0.769,0.9956,103.4
CELL-15,2026-06-14,thick,98949,0.983,0.7684,0.927,91.73
CELL-15,2026-06-15,thick,79616,1.078,0.6534,0.81,64.49
CELL-15,2026-06-16,thick,78978,1.118,0.623,0.79,62.39
CELL-15,2026-06-17,thick,103493,0.97,0.754,0.8971,92.84
CELL-15,2026-06-18,thick,103541,0.944,0.7693,0.8917,92.32
CELL-15,2026-06-19,thick,98848,0.944,0.7981,0.9494,93.85
CELL-15,2026-06-20,thick,95175,0.835,0.8759,1.0073,95.87
CELL-15,2026-06-21,thick,95472,0.999,0.8192,1.0552,100.74
CELL-15,2026-06-22,thick,84311,1.04,0.7968,1.0506,88.58
CELL-15,2026-06-23,thick,72177,1.089,0.8841,1.3455,97.12
CELL-15,2026-06-24,thick,94960,1.113,0.7341,0.9897,93.98
CELL-15,2026-06-25,thick,94624,0.996,0.7714,0.9448,89.41
CELL-15,2026-06-26,thick,95368,1.163,0.7366,1.0292,98.15
CELL-15,2026-06-27,thick,91012,1.163,0.7132,0.9758,88.81
CELL-15,2026-06-28,thick,99545,1.08,0.7454,0.9764,97.2
CELL-15,2026-06-29,thick,85232,1.104,0.7599,1.0214,87.06
CELL-15,2026-06-30,thick,77213,1.046,0.7258,0.9032,69.74
CELL-15,2026-07-01,thick,98618,1.066,0.7451,0.9532,94.01
CELL-15,2026-07-02,thick,90856,1.028,0.4983,0.5494,49.92
CELL-15,2026-07-03,thick,96756,0.927,0.5771,0.5802,56.14
CELL-15,2026-07-04,thick,100262,0.843,0.8775,1.0198,102.24
CELL-15,2026-07-05,thick,105169,0.803,0.9081,1.067,112.22
CELL-15,2026-07-06,thick,78273,0.947,0.7883,0.9406,73.63
CELL-15,2026-07-07,thick,78723,0.866,0.8073,0.8943,70.41
CELL-15,2026-07-08,thick,100514,1.085,0.7517,0.9825,98.75
CELL-15,2026-07-09,thick,99465,1.213,0.7134,1.0262,102.07
CELL-15,2026-07-10,thick,106500,1.098,0.7646,1.0359,110.32
CELL-15,2026-07-11,thick,91170,1.268,0.6358,0.922,84.06
CELL-15,2026-07-12,thick,88966,1.207,0.6349,0.8761,77.95
CELL-15,2026-07-13,thick,77509,1.131,0.6503,0.8376,64.92
CELL-15,2026-07-14,thick,74682,1.19,0.6666,0.9106,68.01
CELL-15,2026-07-15,thick,94475,1.161,0.7728,1.1075,104.63
CELL-15,2026-07-16,thick,109322,1.297,0.5823,0.8353,91.32
CELL-15,2026-07-17,thick,101172,1.201,0.8473,1.3476,136.34
CELL-15,2026-07-18,thick,92888,1.234,0.8002,1.254,116.49
CELL-15,2026-07-19,thick,93618,1.201,0.8454,1.3432,125.75
CELL-15,2026-07-20,thick,79942,1.192,0.6442,0.877,70.11
CELL-15,2026-07-21,thick,76246,1.314,0.568,0.8271,63.06
CELL-15,2026-07-22,thick,94897,1.072,0.7411,0.9531,90.44
CELL-15,2026-07-23,thick,106995,0.911,0.8303,0.9806,104.92
CELL-15,2026-07-24,thick,100642,0.961,0.782,0.9363,94.23
CELL-15,2026-07-25,thick,96210,0.927,0.8442,1.0309,99.18
CELL-15,2026-07-26,thick,93360,0.966,0.8067,0.9928,92.69
CELL-15,2026-07-27,thick,77426,1.074,0.6881,0.8653,67.0
CELL-15,2026-07-28,thick,74593,1.132,0.6292,0.8131,60.65
CELL-15,2026-07-29,thick,94624,1.132,0.7034,0.9345,88.43
CELL-15,2026-07-30,thick,110725,1.101,0.7336,0.9707,107.48
CELL-15,2026-07-31,thick,98317,1.053,0.777,1.0218,100.46
CELL-15,2026-08-01,thick,100060,0.948,0.8244,1.0188,101.94
CELL-15,2026-08-02,thick,93316,0.948,0.7767,0.9216,86.0
CELL-15,2026-08-03,thick,79419,1.178,0.6073,0.7994,63.48
CELL-15,2026-08-04,thick,76693,1.048,0.6732,0.8234,63.15
CELL-15,2026-08-05,thick,100206,1.048,0.7422,0.9405,94.24
CELL-15,2026-08-06,thick,92568,1.048,0.7237,0.908,84.06
CELL-15,2026-08-07,thick,103101,1.004,0.712,0.8419,86.8
CELL-15,2026-08-08,thick,102460,1.113,0.7087,0.9323,95.53
CELL-15,2026-08-09,thick,95059,0.93,0.8213,0.9847,93.61
CELL-15,2026-08-10,thick,84572,1.02,0.7578,0.9461,80.02
CELL-15,2026-08-11,thick,70654,1.02,0.712,0.8611,60.84
CELL-15,2026-08-12,thick,96237,1.02,0.7784,0.984,94.7
CELL-15,2026-08-13,thick,100180,1.111,0.7114,0.9319,93.35
CELL-15,2026-08-14,thick,104149,1.157,0.735,1.0159,105.8
CELL-15,2026-08-15,thick,104005,1.244,0.6707,0.9607,99.92
CELL-15,2026-08-16,thick,102481,1.562,0.4812,0.8057,82.57
CELL-15,2026-08-17,thick,79308,1.204,0.6249,0.8553,67.83
CELL-15,2026-08-18,thick,78193,1.243,0.6212,0.8678,67.86
CELL-15,2026-08-19,thick,100257,1.235,0.6635,0.9471,94.95
CELL-15,2026-08-20,thick,99163,1.151,0.7425,1.0352,102.65
CELL-15,2026-08-21,thick,110475,1.082,0.5263,0.6068,67.04
CELL-15,2026-08-22,thick,105990,0.977,0.5838,0.6192,65.63
CELL-15,2026-08-23,thick,91292,0.985,0.8148,1.0311,94.13
CELL-15,2026-08-24,thick,79767,1.044,0.6799,0.8245,65.77
CELL-15,2026-08-25,thick,76498,1.238,0.6278,0.8779,67.16
CELL-15,2026-08-26,thick,97019,1.12,0.7171,0.9507,92.24
CELL-15,2026-08-27,thick,100226,1.173,0.6752,0.9143,91.64
CELL-15,2026-08-28,thick,108636,0.986,0.7654,0.9263,100.63
CELL-15,2026-08-29,thick,104284,1.16,0.8435,1.2905,134.58
CELL-15,2026-08-30,thick,92060,1.16,0.8025,1.1796,108.6
CELL-15,2026-08-31,thick,74284,1.274,0.7111,1.083,80.45
CELL-15,2026-09-01,thick,80044,1.282,0.5438,0.7624,61.03
CELL-15,2026-09-02,thick,107814,1.282,0.6129,0.8859,95.51
CELL-15,2026-09-03,thick,95774,1.408,0.5181,0.8005,76.66
CELL-15,2026-09-04,thick,97056,1.507,0.5375,0.8859,85.99
CELL-15,2026-09-05,thick,91954,1.194,0.6322,0.8535,78.48
CELL-15,2026-09-06,thick,88085,1.194,0.5904,0.7808,68.77
CELL-15,2026-09-07,thick,81779,1.015,0.6901,0.8198,67.04
CELL-15,2026-09-08,thick,77440,1.075,0.7052,0.8905,68.96
CELL-15,2026-09-09,thick,99870,1.075,0.7656,1.0147,101.34
CELL-15,2026-09-10,thick,101562,1.022,0.7741,0.9816,99.69
CELL-15,2026-09-11,thick,107398,1.257,0.6235,0.8839,94.93
CELL-15,2026-09-12,thick,101156,1.302,0.6182,0.9056,91.61
CELL-15,2026-09-13,thick,94618,1.276,0.5883,0.8301,78.55
CELL-15,2026-09-14,thick,78583,1.276,0.5728,0.8117,63.79
CELL-15,2026-09-15,thick,69794,1.276,0.5608,0.7871,54.94
CELL-15,2026-09-16,thick,94669,1.158,0.6017,0.786,74.41
CELL-15,2026-09-17,thick,112401,1.069,0.6856,0.8563,96.25
CELL-15,2026-09-18,thick,110056,1.069,0.7012,0.8841,97.3
CELL-15,2026-09-19,thick,95934,1.069,0.6741,0.838,80.39
CELL-15,2026-09-20,thick,101432,1.12,0.675,0.8786,89.12
CELL-15,2026-09-21,thick,81846,1.12,0.6534,0.8353,68.36
CELL-15,2026-09-22,thick,74631,1.212,0.6336,0.8746,65.27
CELL-15,2026-09-23,thick,99549,1.324,0.641,0.9681,96.38
CELL-15,2026-09-24,thick,99336,1.164,0.7098,0.9765,97.01
CELL-15,2026-09-25,thick,103332,1.002,0.788,0.9899,102.29
CELL-15,2026-09-26,thick,91967,1.174,0.6471,0.8673,79.76
CELL-15,2026-09-27,thick,92170,1.174,0.697,0.9638,88.84
CELL-16,2026-04-01,thick,57927,0.702,0.9665,1.261,73.05
CELL-16,2026-04-02,thick,61678,0.702,0.9709,1.3033,80.38
CELL-16,2026-04-03,thick,55036,0.855,0.9516,1.3749,75.67
CELL-16,2026-04-04,thick,59978,0.865,0.9562,1.401,84.03
CELL-16,2026-04-05,thick,54286,0.953,0.9144,1.2961,70.36
CELL-16,2026-04-06,thick,46473,1.121,0.8387,1.2469,57.95
CELL-16,2026-04-07,thick,46764,1.185,0.7763,1.1393,53.28
CELL-16,2026-04-08,thick,55288,1.328,0.8812,1.6421,90.79
CELL-16,2026-04-09,thick,62135,1.579,0.8002,1.601,99.48
CELL-16,2026-04-10,thick,65873,1.579,0.6153,1.0812,71.22
CELL-16,2026-04-11,thick,58687,1.668,0.7481,1.5133,88.82
CELL-16,2026-04-12,thick,50941,2.078,0.3977,0.8742,44.53
CELL-16,2026-04-13,thick,43593,2.078,0.3313,0.7225,31.5
CELL-16,2026-04-14,thick,38742,2.078,0.3334,0.7238,28.04
CELL-16,2026-04-15,thick,59886,1.757,0.519,0.9845,58.96
CELL-16,2026-04-16,thick,63314,1.617,0.6474,1.1971,75.79
CELL-16,2026-04-17,thick,59324,1.396,0.7845,1.3637,80.9
CELL-16,2026-04-18,thick,54771,1.315,0.8194,1.3907,76.17
CELL-16,2026-04-19,thick,53226,1.296,0.7855,1.267,67.44
CELL-16,2026-04-20,thick,42609,1.296,0.7883,1.2935,55.11
CELL-16,2026-04-21,thick,41694,1.295,0.7626,1.2202,50.87
CELL-16,2026-04-22,thick,52799,1.282,0.8274,1.3799,72.86
CELL-16,2026-04-23,thick,54572,1.317,0.831,1.4327,78.19
CELL-16,2026-04-24,thick,58186,1.416,0.7395,1.2511,72.8
CELL-16,2026-04-25,thick,54802,1.548,0.6615,1.1823,64.79
CELL-16,2026-04-26,thick,54524,1.548,0.6347,1.1142,60.75
CELL-16,2026-04-27,thick,45228,1.548,0.5712,0.9797,44.31
CELL-16,2026-04-28,thick,41855,1.41,0.6618,1.0927,45.74
CELL-16,2026-04-29,thick,60421,1.304,0.709,1.0903,65.88
CELL-16,2026-04-30,thick,58548,1.304,0.6961,1.0674,62.49
CELL-16,2026-05-01,thick,55712,1.381,0.7132,1.1668,65.01
CELL-16,2026-05-02,thick,55169,1.572,0.6501,1.1649,64.27
CELL-16,2026-05-03,thick,54461,1.778,0.5178,1.0073,54.86
CELL-16,2026-05-04,thick,44166,1.61,0.4952,0.8662,38.26
CELL-16,2026-05-05,thick,43279,1.296,0.6528,0.9749,42.19
CELL-16,2026-05-06,thick,55301,1.292,0.6812,1.024,56.63
CELL-16,2026-05-07,thick,58224,1.345,0.6663,1.0303,59.99
CELL-16,2026-05-08,thick,61086,1.295,0.7276,1.1207,68.46
CELL-16,2026-05-09,thick,55166,1.238,0.7897,1.2224,67.43
CELL-16,2026-05-10,thick,45983,1.238,0.7975,1.247,57.34
CELL-16,2026-05-11,thick,46668,1.424,0.6094,0.9738,45.45
CELL-16,2026-05-12,thick,41752,1.629,0.5221,0.9118,38.07
CELL-16,2026-05-13,thick,58228,1.573,0.6184,1.0952,63.77
CELL-16,2026-05-14,thick,53633,1.572,0.6431,1.1375,61.01
CELL-16,2026-05-15,thick,56035,1.525,0.671,1.1872,66.53
CELL-16,2026-05-16,thick,57954,1.753,0.7864,1.7299,100.26
CELL-16,2026-05-17,thick,52568,2.028,0.708,1.6837,88.51
CELL-16,2026-05-18,thick,45265,2.146,0.6457,1.5877,71.87
CELL-16,2026-05-19,thick,42599,2.074,0.6338,1.492,63.56
CELL-16,2026-05-20,thick,60755,1.991,0.6198,1.3885,84.36
CELL-16,2026-05-21,thick,61572,1.744,0.4735,0.8961,55.18
CELL-16,2026-05-22,thick,53622,1.694,0.5153,0.9343,50.1
CELL-16,2026-05-23,thick,60220,1.468,0.6546,1.0903,65.66
CELL-16,2026-05-24,thick,57757,1.33,0.3889,0.594,34.31
CELL-16,2026-05-25,thick,44579,1.33,0.6599,1.0144,45.22
CELL-16,2026-05-26,thick,40279,1.459,0.8025,1.4813,59.67
CELL-16,2026-05-27,thick,57240,1.459,0.8569,1.6837,96.38
CELL-16,2026-05-28,thick,61081,1.933,0.6801,1.5346,93.73
CELL-16,2026-05-29,thick,59872,1.816,0.4638,0.9112,54.56
CELL-16,2026-05-30,thick,58950,1.461,0.6721,1.1386,67.12
CELL-16,2026-05-31,thick,56215,1.613,0.5882,1.0552,59.32
CELL-16,2026-06-01,thick,45053,1.496,0.6136,1.0386,46.79
CELL-16,2026-06-02,thick,44179,1.386,0.6515,1.0158,44.88
CELL-16,2026-06-03,thick,56034,1.229,0.7874,1.2141,68.03
CELL-16,2026-06-04,thick,55961,1.399,0.7635,1.3044,73.0
CELL-16,2026-06-05,thick,59040,1.506,0.6514,1.1333,66.91
CELL-16,2026-06-06,thick,55525,1.623,0.5511,0.9816,54.51
CELL-16,2026-06-07,thick,56065,1.625,0.5685,1.0082,56.52
CELL-16,2026-06-08,thick,46725,1.63,0.5912,1.0622,49.63
CELL-16,2026-06-09,thick,42443,1.616,0.6187,1.126,47.79
CELL-16,2026-06-10,thick,59846,1.616,0.6095,1.1112,66.5
CELL-16,2026-06-11,thick,64416,1.401,0.703,1.1583,74.62
CELL-16,2026-06-12,thick,61227,1.368,0.6928,1.1081,67.85
CELL-16,2026-06-13,thick,56208,1.281,0.7469,1.1571,65.04
CELL-16,2026-06-14,thick,48777,1.304,0.7274,1.1266,54.95
CELL-16,2026-06-15,thick,43417,1.43,0.631,1.0228,44.41
CELL-16,2026-06-16,thick,39067,1.41,0.6235,0.9915,38.73
CELL-16,2026-06-17,thick,55019,1.429,0.6241,1.0176,55.98
CELL-16,2026-06-18,thick,64444,1.261,0.7291,1.1036,71.12
CELL-16,2026-06-19,thick,60422,1.202,0.7856,1.173,70.88
CELL-16,2026-06-20,thick,56671,1.202,0.7299,1.0467,59.32
CELL-16,2026-06-21,thick,53073,1.243,0.7255,1.0757,57.09
CELL-16,2026-06-22,thick,43498,1.243,0.7568,1.1495,50.0
CELL-16,2026-06-23,thick,40583,1.319,0.714,1.1181,45.37
CELL-16,2026-06-24,thick,58308,1.333,0.7278,1.1543,67.3
CELL-16,2026-06-25,thick,62027,1.394,0.6742,1.0862,67.38
CELL-16,2026-06-26,thick,62927,1.419,0.6906,1.1446,72.03
CELL-16,2026-06-27,thick,53410,1.419,0.6659,1.0831,57.85
CELL-16,2026-06-28,thick,52715,1.419,0.6445,1.0521,55.46
CELL-16,2026-06-29,thick,45200,1.673,0.4009,0.7114,32.16
CELL-16,2026-06-30,thick,41164,1.399,0.5194,0.7938,32.68
CELL-16,2026-07-01,thick,61144,1.399,0.5621,0.8615,52.68
CELL-16,2026-07-02,thick,60137,1.333,0.5905,0.8754,52.64
CELL-16,2026-07-03,thick,62276,1.186,0.67,0.9188,57.22
CELL-16,2026-07-04,thick,57834,1.345,0.4697,0.6783,39.23
CELL-16,2026-07-05,thick,55567,1.342,0.4969,0.7149,39.73
CELL-16,2026-07-06,thick,42175,1.342,0.4355,0.6156,25.96
CELL-16,2026-07-07,thick,45084,1.217,0.5939,0.7976,35.96
CELL-16,2026-07-08,thick,57948,1.317,0.5348,0.7645,44.3
CELL-16,2026-07-09,thick,59333,1.309,0.5196,0.7387,43.83
CELL-16,2026-07-10,thick,55812,1.256,0.6274,0.888,49.56
CELL-16,2026-07-11,thick,56076,1.109,0.7161,0.9404,52.74
CELL-16,2026-07-12,thick,58711,0.967,0.7976,0.9789,57.47
CELL-16,2026-07-13,thick,43324,0.916,0.8289,0.988,42.8
CELL-16,2026-07-14,thick,42121,0.992,0.7808,0.9548,40.22
CELL-16,2026-07-15,thick,53837,0.992,0.8106,1.0341,55.67
CELL-16,2026-07-16,thick,53566,1.062,0.7847,1.0369,55.54
CELL-16,2026-07-17,thick,58855,1.074,0.7452,0.9649,56.79
CELL-16,2026-07-18,thick,52381,1.256,0.6393,0.9194,48.16
CELL-16,2026-07-19,thick,50552,1.315,0.5975,0.8675,43.86
CELL-16,2026-07-20,thick,47934,1.251,0.5395,0.7377,35.36
CELL-16,2026-07-21,thick,43638,1.152,0.6159,0.8076,35.24
CELL-16,2026-07-22,thick,54248,1.025,0.6929,0.8307,45.06
CELL-16,2026-07-23,thick,58780,0.98,0.7057,0.8077,47.48
CELL-16,2026-07-24,thick,62768,0.96,0.7439,0.8588,53.91
CELL-16,2026-07-25,thick,54454,1.122,0.6441,0.8196,44.63
CELL-16,2026-07-26,thick,56565,1.122,0.7001,0.9152,51.77
CELL-16,2026-07-27,thick,42926,1.301,0.5204,0.732,31.42
CELL-16,2026-07-28,thick,43326,1.353,0.5575,0.8326,36.07
CELL-16,2026-07-29,thick,54806,1.206,0.6973,0.9871,54.1
CELL-16,2026-07-30,thick,61786,1.206,0.7364,1.0658,65.85
CELL-16,2026-07-31,thick,54941,1.374,0.5855,0.8899,48.89
CELL-16,2026-08-01,thick,55408,1.374,0.5893,0.9001,49.87
CELL-16,2026-08-02,thick,49669,1.459,0.5001,0.7936,39.42
CELL-16,2026-08-03,thick,43084,1.298,0.5683,0.8146,35.1
CELL-16,2026-08-04,thick,40178,1.298,0.5065,0.7053,28.34
CELL-16,2026-08-05,thick,54767,1.355,0.5172,0.7561,41.41
CELL-16,2026-08-06,thick,57738,1.379,0.5675,0.8716,50.32
CELL-16,2026-08-07,thick,55450,1.176,0.6987,0.9623,53.36
CELL-16,2026-08-08,thick,54535,1.191,0.723,1.0288,56.11
CELL-16,2026-08-09,thick,53386,1.352,0.5842,0.884,47.19
CELL-16,2026-08-10,thick,46739,1.35,0.5181,0.7681,35.9
CELL-16,2026-08-11,thick,43531,1.295,0.5226,0.7373,32.09
CELL-16,2026-08-12,thick,56378,1.159,0.6205,0.8113,45.74
CELL-16,2026-08-13,thick,60188,1.074,0.6709,0.8261,49.73
CELL-16,2026-08-14,thick,61263,1.074,0.7291,0.9306,57.01
CELL-16,2026-08-15,thick,58494,1.131,0.3089,0.4073,23.82
CELL-16,2026-08-16,thick,53519,0.896,0.7959,0.8945,47.87
CELL-16,2026-08-17,thick,44651,1.011,0.7033,0.8417,37.58
CELL-16,2026-08-18,thick,38911,1.042,0.6465,0.7717,30.03
CELL-16,2026-08-19,thick,54929,1.014,0.7208,0.8598,47.23
CELL-16,2026-08-20,thick,53890,1.077,0.6966,0.8789,47.37
CELL-16,2026-08-21,thick,58394,1.221,0.6305,0.878,51.27
CELL-16,2026-08-22,thick,57635,1.221,0.6465,0.9036,52.08
CELL-16,2026-08-23,thick,54077,1.438,0.5444,0.8631,46.68
CELL-16,2026-08-24,thick,45341,1.396,0.4684,0.7011,31.79
CELL-16,2026-08-25,thick,45687,1.396,0.4781,0.721,32.94
CELL-16,2026-08-26,thick,57470,1.396,0.5306,0.8095,46.52
CELL-16,2026-08-27,thick,61764,1.286,0.5931,0.8506,52.54
CELL-16,2026-08-28,thick,62359,1.248,0.6415,0.9098,56.74
CELL-16,2026-08-29,thick,60409,1.342,0.5183,0.7558,45.66
CELL-16,2026-08-30,thick,52909,1.328,0.5429,0.789,41.75
CELL-16,2026-08-31,thick,47269,1.328,0.5221,0.7591,35.88
CELL-16,2026-09-01,thick,42453,1.255,0.6243,0.8854,37.59
CELL-16,2026-09-02,thick,60874,1.191,0.6851,0.9451,57.54
CELL-16,2026-09-03,thick,62857,1.15,0.7159,0.978,61.48
CELL-16,2026-09-04,thick,56667,1.15,0.7353,1.0211,57.86
CELL-16,2026-09-05,thick,50327,1.15,0.677,0.9039,45.49
CELL-16,2026-09-06,thick,52771,1.073,0.7225,0.9178,48.43
CELL-16,2026-09-07,thick,39770,1.306,0.5501,0.7963,31.67
CELL-16,2026-09-08,thick,42232,1.306,0.5694,0.8256,34.87
CELL-16,2026-09-09,thick,54085,1.521,0.4911,0.8063,43.61
CELL-16,2026-09-10,thick,51532,1.428,0.5457,0.8552,44.07
CELL-16,2026-09-11,thick,55315,1.607,0.5175,0.9025,49.92
CELL-16,2026-09-12,thick,59420,1.611,0.4658,0.8015,47.63
CELL-16,2026-09-13,thick,50904,1.369,0.6246,0.9673,49.24
CELL-16,2026-09-14,thick,46201,1.867,0.3711,0.7196,33.25
CELL-16,2026-09-15,thick,42170,1.624,0.4693,0.803,33.86
CELL-16,2026-09-16,thick,61403,1.438,0.5252,0.8215,50.44
CELL-16,2026-09-17,thick,58916,1.31,0.6218,0.9239,54.44
CELL-16,2026-09-18,thick,54102,1.31,0.5645,0.8163,44.16
CELL-16,2026-09-19,thick,53304,1.21,0.6273,0.8555,45.6
CELL-16,2026-09-20,thick,52799,1.433,0.3918,0.5911,31.21
CELL-16,2026-09-21,thick,47036,1.074,0.5721,0.6809,32.03
CELL-16,2026-09-22,thick,41255,0.994,0.6107,0.6845,28.24
CELL-16,2026-09-23,thick,53485,1.075,0.6379,0.7831,41.89
CELL-16,2026-09-24,thick,60090,0.96,0.7734,0.9177,55.15
CELL-16,2026-09-25,thick,55814,1.005,0.7194,0.8527,47.59
CELL-16,2026-09-26,thick,60424,1.209,0.6102,0.8326,50.31
CELL-16,2026-09-27,thick,52335,1.209,0.5325,0.701,36.69
CELL-17,2026-04-01,thick,59067,1.021,0.8106,1.0726,63.35
CELL-17,2026-04-02,thick,63832,1.009,0.8175,1.0643,67.93
CELL-17,2026-04-03,thick,61997,1.009,0.8536,1.1804,73.18
CELL-17,2026-04-04,thick,66380,1.044,0.8331,1.1483,76.22
CELL-17,2026-04-05,thick,58521,1.467,0.5814,0.9707,56.81
CELL-17,2026-04-06,thick,47156,1.467,0.5534,0.8947,42.19
CELL-17,2026-04-07,thick,48031,1.27,0.6069,0.8699,41.78
CELL-17,2026-04-08,thick,58523,1.356,0.595,0.9132,53.45
CELL-17,2026-04-09,thick,62967,1.167,0.7421,1.0489,66.05
CELL-17,2026-04-10,thick,60679,1.337,0.6273,0.9563,58.03
CELL-17,2026-04-11,thick,62356,1.257,0.6547,0.9505,59.27
CELL-17,2026-04-12,thick,56754,1.346,0.5581,0.8508,48.29
CELL-17,2026-04-13,thick,48043,1.626,0.4375,0.7623,36.63
CELL-17,2026-04-14,thick,45664,1.529,0.5286,0.8879,40.55
CELL-17,2026-04-15,thick,59025,1.589,0.5438,0.9524,56.21
CELL-17,2026-04-16,thick,64659,1.647,0.508,0.9078,58.7
CELL-17,2026-04-17,thick,63277,1.799,0.4471,0.8625,54.58
CELL-17,2026-04-18,thick,65059,1.522,0.5367,0.8984,58.45
CELL-17,2026-04-19,thick,59704,1.51,0.5869,0.9888,59.04
CELL-17,2026-04-20,thick,48566,1.549,0.4719,0.7764,37.71
CELL-17,2026-04-21,thick,48059,1.568,0.45,0.7624,36.64
CELL-17,2026-04-22,thick,57400,1.568,0.5547,0.9553,54.84
CELL-17,2026-04-23,thick,65699,1.568,0.5266,0.9127,59.97
CELL-17,2026-04-24,thick,73644,1.568,0.5551,0.9729,71.65
CELL-17,2026-04-25,thick,65194,1.806,0.5442,1.0836,70.65
CELL-17,2026-04-26,thick,60255,1.806,0.4766,0.9265,55.83
CELL-17,2026-04-27,thick,48200,1.629,0.4572,0.8002,38.57
CELL-17,2026-04-28,thick,44643,1.413,0.5435,0.8457,37.75
CELL-17,2026-04-29,thick,67276,1.171,0.6842,0.9496,63.89
CELL-17,2026-04-30,thick,60953,1.268,0.7045,1.0729,65.4
CELL-17,2026-05-01,thick,65620,1.523,0.6052,1.0305,67.62
CELL-17,2026-05-02,thick,59182,1.535,0.5724,0.9747,57.69
CELL-17,2026-05-03,thick,59426,1.535,0.5373,0.9129,54.25
CELL-17,2026-05-04,thick,52354,1.452,0.5749,0.9227,48.31
CELL-17,2026-05-05,thick,50536,1.539,0.5241,0.8707,44.0
CELL-17,2026-05-06,thick,57257,1.229,0.6973,1.0188,58.33
CELL-17,2026-05-07,thick,72678,1.357,0.6883,1.1002,79.96
CELL-17,2026-05-08,thick,66349,1.573,0.564,0.9848,65.34
CELL-17,2026-05-09,thick,58341,1.301,0.6662,1.0082,58.82
CELL-17,2026-05-10,thick,58929,1.324,0.6242,0.9336,55.01
CELL-17,2026-05-11,thick,48975,1.759,0.4503,0.8323,40.76
CELL-17,2026-05-12,thick,45147,1.614,0.4873,0.8366,37.77
CELL-17,2026-05-13,thick,58477,1.588,0.5745,1.0072,58.9
CELL-17,2026-05-14,thick,64273,1.481,0.6222,1.0561,67.88
CELL-17,2026-05-15,thick,65668,1.457,0.6983,1.205,79.13
CELL-17,2026-05-16,thick,53534,1.9,0.5123,1.0626,56.89
CELL-17,2026-05-17,thick,58935,2.464,0.2962,0.7476,44.06
CELL-17,2026-05-18,thick,45085,2.028,0.3666,0.7817,35.24
CELL-17,2026-05-19,thick,47235,1.976,0.3796,0.7837,37.02
CELL-17,2026-05-20,thick,65078,1.58,0.5349,0.9288,60.44
CELL-17,2026-05-21,thick,63667,1.283,0.7417,1.1533,73.43
CELL-17,2026-05-22,thick,63812,1.189,0.7791,1.1528,73.56
CELL-17,2026-05-23,thick,66245,1.274,0.6866,1.0241,67.84
CELL-17,2026-05-24,thick,57694,1.187,0.7292,1.0438,60.22
CELL-17,2026-05-25,thick,48548,1.316,0.6175,0.9194,44.63
CELL-17,2026-05-26,thick,44348,1.316,0.6372,0.9465,41.98
CELL-17,2026-05-27,thick,58972,1.22,0.6913,0.9963,58.75
CELL-17,2026-05-28,thick,65820,1.453,0.8203,1.5579,102.54
CELL-17,2026-05-29,thick,62973,1.671,0.7125,1.4234,89.63
CELL-17,2026-05-30,thick,61316,1.798,0.4589,0.9062,55.56
CELL-17,2026-05-31,thick,56389,1.746,0.4853,0.9263,52.23
CELL-17,2026-06-01,thick,50300,1.573,0.4666,0.7924,39.86
CELL-17,2026-06-02,thick,42406,1.31,0.6327,0.9525,40.39
CELL-17,2026-06-03,thick,60896,1.337,0.6391,0.9797,59.66
CELL-17,2026-06-04,thick,62997,1.302,0.6766,1.0277,64.74
CELL-17,2026-06-05,thick,58746,1.429,0.6526,1.0692,62.81
CELL-17,2026-06-06,thick,58906,1.498,0.5917,0.9973,58.75
CELL-17,2026-06-07,thick,59011,1.435,0.6167,1.002,59.13
CELL-17,2026-06-08,thick,48024,1.409,0.5693,0.8929,42.88
CELL-17,2026-06-09,thick,50437,1.43,0.5923,0.9509,47.96
CELL-17,2026-06-10,thick,65205,1.552,0.6026,1.0534,68.69
CELL-17,2026-06-11,thick,70578,1.536,0.6228,1.0913,77.02
CELL-17,2026-06-12,thick,58197,1.536,0.5621,0.9609,55.92
CELL-17,2026-06-13,thick,59196,1.682,0.5408,1.0011,59.26
CELL-17,2026-06-14,thick,54574,1.771,0.5065,0.9658,52.71
CELL-17,2026-06-15,thick,47086,1.659,0.4801,0.8602,40.51
CELL-17,2026-06-16,thick,41665,1.466,0.5539,0.8972,37.38
CELL-17,2026-06-17,thick,57863,1.229,0.7162,1.0529,60.92
CELL-17,2026-06-18,thick,67190,1.11,0.7974,1.1218,75.38
CELL-17,2026-06-19,thick,61636,1.315,0.6534,0.9911,61.09
CELL-17,2026-06-20,thick,61318,1.061,0.314,0.4177,25.61
CELL-17,2026-06-21,thick,57418,0.849,0.8631,1.0179,58.44
CELL-17,2026-06-22,thick,49354,1.073,0.6992,0.8991,44.38
CELL-17,2026-06-23,thick,44856,1.173,0.6866,0.9495,42.59
CELL-17,2026-06-24,thick,60851,1.089,0.7886,1.0719,65.23
CELL-17,2026-06-25,thick,63810,1.117,0.8217,1.1976,76.42
CELL-17,2026-06-26,thick,63966,1.117,0.783,1.0956,70.08
CELL-17,2026-06-27,thick,61228,1.416,0.6212,0.9918,60.72
CELL-17,2026-06-28,thick,56190,1.544,0.5518,0.952,53.5
CELL-17,2026-06-29,thick,49725,1.544,0.4697,0.79,39.28
CELL-17,2026-06-30,thick,44528,1.587,0.4885,0.8371,37.28
CELL-17,2026-07-01,thick,65367,1.77,0.4661,0.8919,58.3
CELL-17,2026-07-02,thick,61013,1.652,0.5262,0.9552,58.28
CELL-17,2026-07-03,thick,62766,1.652,0.5985,1.1214,70.38
CELL-17,2026-07-04,thick,59297,1.774,0.5003,0.9595,56.89
CELL-17,2026-07-05,thick,60929,1.587,0.5793,1.0186,62.06
CELL-17,2026-07-06,thick,48147,1.54,0.578,0.9948,47.9
CELL-17,2026-07-07,thick,46950,1.508,0.5659,0.9484,44.53
CELL-17,2026-07-08,thick,61499,1.482,0.6202,1.0484,64.47
CELL-17,2026-07-09,thick,70205,1.435,0.6683,1.1139,78.2
CELL-17,2026-07-10,thick,64997,1.504,0.5603,0.9292,60.39
CELL-17,2026-07-11,thick,63958,1.534,0.5592,0.9573,61.23
CELL-17,2026-07-12,thick,54752,1.495,0.5825,0.9763,53.45
CELL-17,2026-07-13,thick,49846,1.841,0.4143,0.8108,40.41
CELL-17,2026-07-14,thick,44302,1.663,0.7155,1.4227,63.03
CELL-17,2026-07-15,thick,54864,1.663,0.4927,0.8808,48.32
CELL-17,2026-07-16,thick,60539,1.561,0.5586,0.967,58.54
CELL-17,2026-07-17,thick,65755,1.53,0.8018,1.5735,103.47
CELL-17,2026-07-18,thick,60092,1.83,0.7192,1.5638,93.97
CELL-17,2026-07-19,thick,62053,1.781,0.7219,1.5485,96.09
CELL-17,2026-07-20,thick,47791,1.838,0.4569,0.8999,43.01
CELL-17,2026-07-21,thick,47513,1.712,0.5097,0.9595,45.59
CELL-17,2026-07-22,thick,62226,1.712,0.5175,0.9667,60.15
CELL-17,2026-07-23,thick,71880,1.734,0.5397,1.0258,73.74
CELL-17,2026-07-24,thick,64576,1.74,0.5327,1.0092,65.17
CELL-17,2026-07-25,thick,60323,1.622,0.5192,0.9178,55.36
CELL-17,2026-07-26,thick,63334,1.622,0.5339,0.9446,59.83
CELL-17,2026-07-27,thick,48440,1.763,0.4137,0.7798,37.77
CELL-17,2026-07-28,thick,46279,1.489,0.5602,0.922,42.67
CELL-17,2026-07-29,thick,59218,1.427,0.6344,1.033,61.17
CELL-17,2026-07-30,thick,70606,1.63,0.4996,0.8793,62.08
CELL-17,2026-07-31,thick,66491,1.63,0.5305,0.9539,63.43
CELL-17,2026-08-01,thick,59996,1.664,0.4776,0.8427,50.56
CELL-17,2026-08-02,thick,53686,1.664,0.47,0.844,45.31
CELL-17,2026-08-03,thick,53567,1.293,0.6651,0.9954,53.32
CELL-17,2026-08-04,thick,46829,1.293,0.6876,1.0444,48.91
CELL-17,2026-08-05,thick,54464,1.421,0.6733,1.1146,60.71
CELL-17,2026-08-06,thick,63698,1.459,0.6946,1.1926,75.96
CELL-17,2026-08-07,thick,59832,1.599,0.5655,0.9968,59.64
CELL-17,2026-08-08,thick,65116,1.722,0.5145,0.9763,63.57
CELL-17,2026-08-09,thick,62125,1.828,0.4684,0.9149,56.84
CELL-17,2026-08-10,thick,48848,1.666,0.5047,0.9153,44.71
CELL-17,2026-08-11,thick,48122,1.9,0.3813,0.7617,36.66
CELL-17,2026-08-12,thick,58526,1.729,0.47,0.8727,51.08
CELL-17,2026-08-13,thick,62843,1.729,0.5307,1.0146,63.76
CELL-17,2026-08-14,thick,64069,1.284,0.6533,0.9675,61.99
CELL-17,2026-08-15,thick,60918,1.373,0.5599,0.847,51.6
CELL-17,2026-08-16,thick,58292,1.337,0.5854,0.8797,51.28
CELL-17,2026-08-17,thick,46945,1.344,0.5733,0.8476,39.79
CELL-17,2026-08-18,thick,46731,1.381,0.6258,0.9852,46.04
CELL-17,2026-08-19,thick,61686,1.352,0.7086,1.1374,70.16
CELL-17,2026-08-20,thick,61995,1.562,0.7633,1.48,91.76
CELL-17,2026-08-21,thick,58048,1.694,0.6577,1.2901,74.89
CELL-17,2026-08-22,thick,58957,1.724,0.6314,1.2517,73.8
CELL-17,2026-08-23,thick,64274,1.537,0.5058,0.8454,54.33
CELL-17,2026-08-24,thick,48195,1.537,0.5259,0.8814,42.48
CELL-17,2026-08-25,thick,45994,1.474,0.5093,0.8156,37.52
CELL-17,2026-08-26,thick,61973,1.442,0.5667,0.8994,55.74
CELL-17,2026-08-27,thick,63060,1.531,0.58,1.0005,63.09
CELL-17,2026-08-28,thick,68588,1.622,0.5467,0.9698,66.52
CELL-17,2026-08-29,thick,64902,1.792,0.4585,0.8743,56.75
CELL-17,2026-08-30,thick,61761,1.87,0.3644,0.717,44.28
CELL-17,2026-08-31,thick,51063,1.666,0.379,0.6678,34.1
CELL-17,2026-09-01,thick,44385,1.393,0.4875,0.7421,32.94
CELL-17,2026-09-02,thick,58836,1.331,0.5812,0.853,50.19
CELL-17,2026-09-03,thick,65051,1.331,0.6297,0.9574,62.28
CELL-17,2026-09-04,thick,64530,1.429,0.6275,1.0245,66.11
CELL-17,2026-09-05,thick,64151,1.414,0.6084,0.9701,62.23
CELL-17,2026-09-06,thick,57917,1.414,0.65,1.068,61.86
CELL-17,2026-09-07,thick,51529,1.418,0.5677,0.8891,45.82
CELL-17,2026-09-08,thick,45374,1.509,0.5405,0.8867,40.23
CELL-17,2026-09-09,thick,60215,1.86,0.462,0.9289,55.93
CELL-17,2026-09-10,thick,66609,1.924,0.4858,1.0238,68.2
CELL-17,2026-09-11,thick,62486,1.936,0.5262,1.1115,69.46
CELL-17,2026-09-12,thick,63244,1.982,0.5255,1.1465,72.51
CELL-17,2026-09-13,thick,60495,1.931,0.6637,1.5011,90.81
CELL-17,2026-09-14,thick,45102,1.931,0.6199,1.3611,61.39
CELL-17,2026-09-15,thick,42574,2.22,0.3088,0.7044,29.99
CELL-17,2026-09-16,thick,61942,1.814,0.5168,1.03,63.8
CELL-17,2026-09-17,thick,66270,1.814,0.5055,0.9983,66.16
CELL-17,2026-09-18,thick,68209,1.441,0.6418,1.0615,72.4
CELL-17,2026-09-19,thick,62888,1.554,0.5842,1.017,63.95
CELL-17,2026-09-20,thick,59252,1.503,0.555,0.9266,54.9
CELL-17,2026-09-21,thick,48890,1.456,0.6118,1.0072,49.24
CELL-17,2026-09-22,thick,50449,1.545,0.5893,1.0158,51.25
CELL-17,2026-09-23,thick,64539,1.279,0.5864,0.8459,54.59
CELL-17,2026-09-24,thick,61949,1.334,0.6905,1.0793,66.86
CELL-17,2026-09-25,thick,67793,1.489,0.8042,1.522,103.18
CELL-17,2026-09-26,thick,66382,1.593,0.7269,1.3895,92.24
CELL-17,2026-09-27,thick,57033,1.843,0.5918,1.2249,69.86
CELL-18,2026-04-01,mid,3154,0.547,0.9975,1.727,5.45
CELL-18,2026-04-02,mid,3335,0.645,0.9964,1.8857,6.29
CELL-18,2026-04-03,mid,3003,0.645,0.6246,1.2274,3.69
CELL-18,2026-04-04,mid,2796,0.7,0.9967,1.9143,5.35
CELL-18,2026-04-05,mid,2876,0.811,0.9967,1.8499,5.32
CELL-18,2026-04-06,mid,2460,0.961,0.9748,1.6904,4.16
CELL-18,2026-04-07,mid,2099,1.079,0.9581,1.7003,3.57
CELL-18,2026-04-08,mid,2988,1.295,0.9375,1.793,5.36
CELL-18,2026-04-09,mid,2874,1.295,0.9119,1.6788,4.83
CELL-18,2026-04-10,mid,2806,1.614,0.7297,1.3811,3.88
CELL-18,2026-04-11,mid,3228,1.913,0.5864,1.2527,4.04
CELL-18,2026-04-12,mid,2882,2.202,0.5485,1.2387,3.57
CELL-18,2026-04-13,mid,2273,2.165,0.4687,1.075,2.44
CELL-18,2026-04-14,mid,2139,2.176,0.4514,1.0349,2.21
CELL-18,2026-04-15,mid,3162,2.386,0.4787,1.2886,4.08
CELL-18,2026-04-16,mid,3144,2.558,0.4884,1.4224,4.47
CELL-18,2026-04-17,mid,2888,2.215,0.6584,1.6891,4.88
CELL-18,2026-04-18,mid,3020,2.425,0.6114,1.6092,4.86
CELL-18,2026-04-19,mid,2857,2.509,0.4365,1.1884,3.4
CELL-18,2026-04-20,mid,2381,2.509,0.4289,1.1315,2.69
CELL-18,2026-04-21,mid,2249,2.2,0.6307,1.4947,3.36
CELL-18,2026-04-22,mid,2764,2.229,0.6605,1.615,4.46
CELL-18,2026-04-23,mid,3124,2.348,0.6424,1.6968,5.3
CELL-18,2026-04-24,mid,3238,2.051,0.7081,1.6227,5.25
CELL-18,2026-04-25,mid,2789,2.312,0.5436,1.347,3.76
CELL-18,2026-04-26,mid,2676,2.564,0.4942,1.396,3.74
CELL-18,2026-04-27,mid,2608,3.189,0.2153,0.7791,2.03
CELL-18,2026-04-28,mid,2336,2.563,0.4432,1.1133,2.6
CELL-18,2026-04-29,mid,2999,2.381,0.5976,1.5645,4.69
CELL-18,2026-04-30,mid,3168,2.568,0.488,1.3266,4.2
CELL-18,2026-05-01,mid,3071,2.06,0.6443,1.4964,4.6
CELL-18,2026-05-02,mid,3091,1.966,0.7067,1.6036,4.96
CELL-18,2026-05-03,mid,2810,1.767,0.8208,1.7411,4.89
CELL-18,2026-05-04,mid,2618,1.915,0.7181,1.5891,4.16
CELL-18,2026-05-05,mid,2279,1.871,0.6912,1.4302,3.26
CELL-18,2026-05-06,mid,3122,1.871,0.7454,1.6753,5.23
CELL-18,2026-05-07,mid,2713,2.119,0.6512,1.5356,4.17
CELL-18,2026-05-08,mid,3111,1.755,0.7614,1.5868,4.94
CELL-18,2026-05-09,mid,3036,2.136,0.642,1.5652,4.75
CELL-18,2026-05-10,mid,2761,2.05,0.5927,1.3662,3.77
CELL-18,2026-05-11,mid,2136,2.14,0.545,1.2535,2.68
CELL-18,2026-05-12,mid,2360,1.995,0.6093,1.3492,3.18
CELL-18,2026-05-13,mid,3115,2.091,0.5551,1.2787,3.98
CELL-18,2026-05-14,mid,2862,2.504,0.4593,1.1789,3.37
CELL-18,2026-05-15,mid,3063,2.504,0.4241,1.1454,3.51
CELL-18,2026-05-16,mid,2841,2.375,0.5055,1.2718,3.61
CELL-18,2026-05-17,mid,2903,2.611,0.4185,1.19,3.46
CELL-18,2026-05-18,mid,2178,2.611,0.3695,0.9254,2.02
CELL-18,2026-05-19,mid,2224,2.336,0.4161,1.1128,2.48
CELL-18,2026-05-20,mid,3125,2.015,0.7367,1.7004,5.31
CELL-18,2026-05-21,mid,3128,2.112,0.6483,1.5147,4.74
CELL-18,2026-05-22,mid,3105,2.096,0.6217,1.4361,4.46
CELL-18,2026-05-23,mid,3180,1.904,0.7484,1.6668,5.3
CELL-18,2026-05-24,mid,2720,2.221,0.6293,1.5663,4.26
CELL-18,2026-05-25,mid,2374,2.376,0.5534,1.3965,3.32
CELL-18,2026-05-26,mid,2314,2.376,0.5809,1.5298,3.54
CELL-18,2026-05-27,mid,2983,2.494,0.6095,1.5833,4.72
CELL-18,2026-05-28,mid,3038,2.269,0.6498,1.6404,4.98
CELL-18,2026-05-29,mid,3204,1.996,0.7501,1.7098,5.48
CELL-18,2026-05-30,mid,2872,1.899,0.7958,1.7986,5.17
CELL-18,2026-05-31,mid,2842,2.005,0.7564,1.7214,4.89
CELL-18,2026-06-01,mid,2445,1.95,0.7259,1.6326,3.99
CELL-18,2026-06-02,mid,2303,2.105,0.6078,1.4415,3.32
CELL-18,2026-06-03,mid,3064,2.525,0.494,1.2909,3.96
CELL-18,2026-06-04,mid,2958,2.528,0.5557,1.4934,4.42
CELL-18,2026-06-05,mid,2891,2.692,0.4348,1.2214,3.53
CELL-18,2026-06-06,mid,2716,2.692,0.3754,1.1047,3.0
CELL-18,2026-06-07,mid,2778,2.692,0.3683,0.9705,2.7
CELL-18,2026-06-08,mid,2545,2.692,0.3248,0.9257,2.36
CELL-18,2026-06-09,mid,2252,2.259,0.5523,1.3408,3.02
CELL-18,2026-06-10,mid,3034,2.077,0.5963,1.3409,4.07
CELL-18,2026-06-11,mid,3123,2.376,0.5293,1.3475,4.21
CELL-18,2026-06-12,mid,3183,2.125,0.7135,1.7693,5.63
CELL-18,2026-06-13,mid,2909,1.942,0.7955,1.8664,5.43
CELL-18,2026-06-14,mid,2698,1.942,0.734,1.6772,4.53
CELL-18,2026-06-15,mid,2407,1.718,0.813,1.7596,4.24
CELL-18,2026-06-16,mid,2095,1.845,0.7076,1.4937,3.13
CELL-18,2026-06-17,mid,2707,2.012,0.6608,1.5173,4.11
CELL-18,2026-06-18,mid,3068,1.829,0.7562,1.5804,4.85
CELL-18,2026-06-19,mid,3270,1.722,0.81,1.6961,5.55
CELL-18,2026-06-20,mid,2936,1.826,0.738,1.5975,4.69
CELL-18,2026-06-21,mid,2720,2.374,0.5196,1.2857,3.5
CELL-18,2026-06-22,mid,2290,2.374,0.4938,1.2674,2.9
CELL-18,2026-06-23,mid,2272,2.578,0.419,1.1412,2.59
CELL-18,2026-06-24,mid,2868,2.199,0.6321,1.4941,4.29
CELL-18,2026-06-25,mid,3028,2.489,0.4753,1.2879,3.9
CELL-18,2026-06-26,mid,2826,2.573,0.5766,1.6428,4.64
CELL-18,2026-06-27,mid,3108,2.516,0.4677,1.2701,3.95
CELL-18,2026-06-28,mid,2757,2.56,0.43,1.1289,3.11
CELL-18,2026-06-29,mid,2359,2.186,0.5905,1.4212,3.35
CELL-18,2026-06-30,mid,2386,2.186,0.5978,1.4299,3.41
CELL-18,2026-07-01,mid,2938,2.334,0.5653,1.4058,4.13
CELL-18,2026-07-02,mid,3164,2.218,0.7175,1.8862,5.97
CELL-18,2026-07-03,mid,3203,2.05,0.8124,1.9634,6.29
CELL-18,2026-07-04,mid,2955,2.202,0.7386,1.892,5.59
CELL-18,2026-07-05,mid,2707,2.313,0.6645,1.7121,4.64
CELL-18,2026-07-06,mid,2414,2.259,0.6145,1.5869,3.83
CELL-18,2026-07-07,mid,1998,2.576,0.463,1.2593,2.52
CELL-18,2026-07-08,mid,3071,2.135,0.7191,1.7889,5.49
CELL-18,2026-07-09,mid,2794,2.07,0.6707,1.5829,4.42
CELL-18,2026-07-10,mid,3077,1.875,0.7304,1.5926,4.9
CELL-18,2026-07-11,mid,3120,2.318,0.5624,1.4358,4.48
CELL-18,2026-07-12,mid,2964,2.318,0.384,1.0153,3.01
CELL-18,2026-07-13,mid,2375,1.923,0.3283,0.6761,1.61
CELL-18,2026-07-14,mid,2169,1.923,0.5791,1.1792,2.56
CELL-18,2026-07-15,mid,2832,1.719,0.7555,1.5326,4.34
CELL-18,2026-07-16,mid,2903,1.947,0.6965,1.5323,4.45
CELL-18,2026-07-17,mid,3119,2.367,0.5859,1.5127,4.72
CELL-18,2026-07-18,mid,2983,2.593,0.6829,2.0196,6.03
CELL-18,2026-07-19,mid,2433,3.093,0.4106,1.3096,3.19
CELL-18,2026-07-20,mid,2272,2.488,0.4703,1.2182,2.77
CELL-18,2026-07-21,mid,2186,2.456,0.4626,1.2883,2.82
CELL-18,2026-07-22,mid,2751,2.019,0.6955,1.5995,4.4
CELL-18,2026-07-23,mid,3033,2.451,0.5644,1.5178,4.6
CELL-18,2026-07-24,mid,2639,2.451,0.5653,1.4333,3.78
CELL-18,2026-07-25,mid,2811,2.547,0.5002,1.3498,3.8
CELL-18,2026-07-26,mid,2973,1.905,0.7371,1.6687,4.96
CELL-18,2026-07-27,mid,2392,1.905,0.7058,1.5017,3.59
CELL-18,2026-07-28,mid,2324,1.621,0.8012,1.5767,3.67
CELL-18,2026-07-29,mid,3192,1.619,0.8263,1.6427,5.24
CELL-18,2026-07-30,mid,3142,1.515,0.8972,1.7672,5.55
CELL-18,2026-07-31,mid,3262,1.669,0.8445,1.7717,5.78
CELL-18,2026-08-01,mid,2913,1.826,0.8497,1.9234,5.6
CELL-18,2026-08-02,mid,2802,1.826,0.7757,1.7338,4.86
CELL-18,2026-08-03,mid,2338,2.124,0.5454,1.2858,3.01
CELL-18,2026-08-04,mid,2256,2.145,0.5968,1.4146,3.19
CELL-18,2026-08-05,mid,2703,1.694,0.7838,1.563,4.23
CELL-18,2026-08-06,mid,3110,1.682,0.8273,1.6852,5.24
CELL-18,2026-08-07,mid,3176,1.682,0.8354,1.7558,5.58
CELL-18,2026-08-08,mid,3059,1.804,0.8162,1.7675,5.41
CELL-18,2026-08-09,mid,3114,1.969,0.6567,1.4504,4.52
CELL-18,2026-08-10,mid,2385,2.001,0.5079,1.0599,2.53
CELL-18,2026-08-11,mid,2263,1.871,0.6165,1.23,2.78
CELL-18,2026-08-12,mid,2888,2.032,0.6832,1.6056,4.64
CELL-18,2026-08-13,mid,3034,2.34,0.5899,1.4797,4.49
CELL-18,2026-08-14,mid,3133,2.15,0.6694,1.6382,5.13
CELL-18,2026-08-15,mid,2880,2.006,0.6379,1.4312,4.12
CELL-18,2026-08-16,mid,3021,1.835,0.6822,1.4212,4.29
CELL-18,2026-08-17,mid,2305,1.835,0.6321,1.2708,2.93
CELL-18,2026-08-18,mid,2265,1.631,0.7756,1.4289,3.24
CELL-18,2026-08-19,mid,3176,1.663,0.7881,1.562,4.96
CELL-18,2026-08-20,mid,2947,1.993,0.6352,1.433,4.22
CELL-18,2026-08-21,mid,3311,1.993,0.5479,1.2154,4.02
CELL-18,2026-08-22,mid,2976,2.068,0.5974,1.3406,3.99
CELL-18,2026-08-23,mid,2816,2.258,0.494,1.1746,3.31
CELL-18,2026-08-24,mid,2294,2.421,0.5166,1.246,2.86
CELL-18,2026-08-25,mid,2404,2.141,0.5888,1.3718,3.3
CELL-18,2026-08-26,mid,2867,3.015,0.336,1.1155,3.2
CELL-18,2026-08-27,mid,3308,2.854,0.533,1.6779,5.55
CELL-18,2026-08-28,mid,3043,2.875,0.493,1.5328,4.67
CELL-18,2026-08-29,mid,2960,3.375,0.2889,1.0282,3.04
CELL-18,2026-08-30,mid,2869,2.936,0.4345,1.3487,3.87
CELL-18,2026-08-31,mid,2204,2.791,0.4312,1.2438,2.74
CELL-18,2026-09-01,mid,2223,2.791,0.386,1.1312,2.52
CELL-18,2026-09-02,mid,2921,2.629,0.5677,1.5666,4.58
CELL-18,2026-09-03,mid,3144,2.301,0.6131,1.5427,4.85
CELL-18,2026-09-04,mid,3112,2.595,0.5503,1.5417,4.8
CELL-18,2026-09-05,mid,2803,2.316,0.641,1.6676,4.68
CELL-18,2026-09-06,mid,3113,2.316,0.6184,1.5172,4.72
CELL-18,2026-09-07,mid,2402,2.138,0.6387,1.4997,3.6
CELL-18,2026-09-08,mid,2434,2.211,0.6265,1.5247,3.71
CELL-18,2026-09-09,mid,2961,1.946,0.7859,1.7993,5.33
CELL-18,2026-09-10,mid,3210,1.946,0.7798,1.823,5.85
CELL-18,2026-09-11,mid,3181,2.459,0.5955,1.5783,5.02
CELL-18,2026-09-12,mid,2894,2.628,0.509,1.3459,3.9
CELL-18,2026-09-13,mid,2777,2.831,0.387,1.1369,3.16
CELL-18,2026-09-14,mid,2185,2.831,0.387,1.1055,2.42
CELL-18,2026-09-15,mid,2087,2.77,0.3952,1.1398,2.38
CELL-18,2026-09-16,mid,2814,2.464,0.5229,1.3867,3.9
CELL-18,2026-09-17,mid,3136,2.868,0.4262,1.2765,4.0
CELL-18,2026-09-18,mid,3144,3.049,0.3487,1.1016,3.46
CELL-18,2026-09-19,mid,3159,2.733,0.4343,1.285,4.06
CELL-18,2026-09-20,mid,2802,2.25,0.546,1.3785,3.86
CELL-18,2026-09-21,mid,2383,2.276,0.5651,1.3246,3.16
CELL-18,2026-09-22,mid,2172,2.211,0.8617,2.405,5.22
CELL-18,2026-09-23,mid,2730,3.167,0.5965,1.9746,5.39
CELL-18,2026-09-24,mid,3186,3.636,0.214,0.7546,2.4
CELL-18,2026-09-25,mid,3177,2.762,0.456,1.4107,4.48
CELL-18,2026-09-26,mid,3223,1.919,0.7338,1.5884,5.12
CELL-18,2026-09-27,mid,2954,2.06,0.6257,1.4663,4.33
CELL-19,2026-04-01,thick,136099,0.821,0.9998,2.281,310.44
CELL-19,2026-04-02,thick,129192,0.925,0.9996,2.2351,288.76
CELL-19,2026-04-03,thick,123557,0.985,0.9996,2.3105,285.48
CELL-19,2026-04-04,thick,134853,1.343,0.9941,2.2746,306.74
CELL-19,2026-04-05,thick,126144,1.393,0.9979,2.5661,323.69
CELL-19,2026-04-06,thick,96593,1.651,0.9725,2.28,220.23
CELL-19,2026-04-07,thick,100374,1.651,0.9456,2.0755,208.32
CELL-19,2026-04-08,thick,126262,1.651,0.9667,2.2265,281.12
CELL-19,2026-04-09,thick,138100,1.892,0.9492,2.4156,333.59
CELL-19,2026-04-10,thick,130247,2.396,0.4858,1.3467,175.41
CELL-19,2026-04-11,thick,135383,1.813,0.9604,2.3865,323.09
CELL-19,2026-04-12,thick,117165,1.813,0.9375,2.2417,262.65
CELL-19,2026-04-13,thick,91070,1.93,0.8803,2.0742,188.9
CELL-19,2026-04-14,thick,96099,2.042,0.8311,2.0022,192.41
CELL-19,2026-04-15,thick,123034,2.055,0.892,2.2573,277.73
CELL-19,2026-04-16,thick,130785,2.283,0.8172,2.1689,283.65
CELL-19,2026-04-17,thick,130385,2.283,0.8176,2.1701,282.94
CELL-19,2026-04-18,thick,127936,2.53,0.7257,2.0352,260.38
CELL-19,2026-04-19,thick,118714,2.53,0.6973,1.9496,231.44
CELL-19,2026-04-20,thick,96200,2.447,0.6838,1.8371,176.73
CELL-19,2026-04-21,thick,90482,2.395,0.6701,1.7529,158.61
CELL-19,2026-04-22,thick,123132,2.665,0.666,1.9464,239.67
CELL-19,2026-04-23,thick,134318,2.855,0.5686,1.7416,233.92
CELL-19,2026-04-24,thick,117484,3.086,0.538,1.7618,206.98
CELL-19,2026-04-25,thick,118160,3.326,0.3816,1.319,155.85
CELL-19,2026-04-26,thick,120395,2.611,0.6221,1.7489,210.56
CELL-19,2026-04-27,thick,96090,2.636,0.6091,1.7298,166.22
CELL-19,2026-04-28,thick,83410,3.079,0.3877,1.2258,102.25
CELL-19,2026-04-29,thick,125742,2.383,0.6684,1.7491,219.94
CELL-19,2026-04-30,thick,127351,2.563,0.5765,1.5738,200.42
CELL-19,2026-05-01,thick,135203,2.688,0.5949,1.7159,231.99
CELL-19,2026-05-02,thick,120935,2.453,0.8238,2.3705,286.68
CELL-19,2026-05-03,thick,110542,2.493,0.754,2.1094,233.18
CELL-19,2026-05-04,thick,101495,3.159,0.506,1.683,170.81
CELL-19,2026-05-05,thick,89923,2.821,0.5944,1.7987,161.74
CELL-19,2026-05-06,thick,112264,2.492,0.792,2.2647,254.24
CELL-19,2026-05-07,thick,128048,2.492,0.8195,2.3802,304.78
CELL-19,2026-05-08,thick,126342,2.517,0.7688,2.1973,277.61
CELL-19,2026-05-09,thick,122591,3.162,0.4214,1.377,168.81
CELL-19,2026-05-10,thick,113135,2.846,0.5713,1.7288,195.58
CELL-19,2026-05-11,thick,99886,2.846,0.4485,1.3337,133.22
CELL-19,2026-05-12,thick,92571,2.512,0.653,1.8076,167.33
CELL-19,2026-05-13,thick,117484,2.235,0.8177,2.1236,249.49
CELL-19,2026-05-14,thick,125370,2.235,0.8471,2.2505,282.14
CELL-19,2026-05-15,thick,135926,2.235,0.8527,2.2797,309.86
CELL-19,2026-05-16,thick,124307,2.235,0.888,2.4478,304.27
CELL-19,2026-05-17,thick,122363,2.583,0.7166,2.0544,251.38
CELL-19,2026-05-18,thick,104169,2.47,0.77,2.1564,224.63
CELL-19,2026-05-19,thick,92478,2.58,0.7366,2.1351,197.45
CELL-19,2026-05-20,thick,126310,2.926,0.6375,2.0224,255.45
CELL-19,2026-05-21,thick,129102,2.855,0.6631,2.0791,268.42
CELL-19,2026-05-22,thick,133876,2.929,0.6247,1.9748,264.38
CELL-19,2026-05-23,thick,132549,2.304,0.84,2.2825,302.54
CELL-19,2026-05-24,thick,122352,2.304,0.7935,2.109,258.04
CELL-19,2026-05-25,thick,100702,2.053,0.8502,2.0726,208.72
CELL-19,2026-05-26,thick,87371,2.014,0.8537,2.0561,179.64
CELL-19,2026-05-27,thick,124489,2.108,0.9016,2.3853,296.95
CELL-19,2026-05-28,thick,128899,2.108,0.9036,2.3869,307.67
CELL-19,2026-05-29,thick,126509,3.136,0.4683,1.5384,194.62
CELL-19,2026-05-30,thick,129025,2.898,0.4487,1.3545,174.76
CELL-19,2026-05-31,thick,108349,2.261,0.786,2.0343,220.41
CELL-19,2026-06-01,thick,103960,2.688,0.6964,2.0621,214.37
CELL-19,2026-06-02,thick,88150,2.94,0.4329,1.332,117.42
CELL-19,2026-06-03,thick,112693,2.664,0.6317,1.8284,206.05
CELL-19,2026-06-04,thick,131838,2.763,0.6279,1.8721,246.81
CELL-19,2026-06-05,thick,138577,3.009,0.504,1.6017,221.96
CELL-19,2026-06-06,thick,123832,3.068,0.4292,1.3833,171.3
CELL-19,2026-06-07,thick,124882,2.415,0.7821,2.1574,269.43
CELL-19,2026-06-08,thick,99013,2.477,0.6592,1.783,176.54
CELL-19,2026-06-09,thick,90421,2.362,0.6888,1.7791,160.87
CELL-19,2026-06-10,thick,122429,2.469,0.702,1.9139,234.32
CELL-19,2026-06-11,thick,126985,2.469,0.7281,2.0075,254.92
CELL-19,2026-06-12,thick,135231,2.886,0.6014,1.873,253.29
CELL-19,2026-06-13,thick,129168,3.785,0.3255,1.2733,164.47
CELL-19,2026-06-14,thick,123132,3.968,0.2436,0.9903,121.94
CELL-19,2026-06-15,thick,99647,3.541,0.3001,1.0929,108.91
CELL-19,2026-06-16,thick,86754,2.628,0.6629,1.9032,165.12
CELL-19,2026-06-17,thick,124081,3.267,0.4023,1.3638,169.22
CELL-19,2026-06-18,thick,130936,3.015,0.548,1.7549,229.78
CELL-19,2026-06-19,thick,129999,2.457,0.6851,1.851,240.63
CELL-19,2026-06-20,thick,133020,2.45,0.6608,1.7616,234.33
CELL-19,2026-06-21,thick,118882,2.454,0.6759,1.814,215.65
CELL-19,2026-06-22,thick,98189,2.287,0.6754,1.6994,166.86
CELL-19,2026-06-23,thick,90504,1.932,0.8727,2.0427,184.87
CELL-19,2026-06-24,thick,120329,2.683,0.6509,1.8972,228.29
CELL-19,2026-06-25,thick,132166,2.703,0.6018,1.7421,230.24
CELL-19,2026-06-26,thick,134870,2.975,0.3895,1.1965,161.38
CELL-19,2026-06-27,thick,137029,2.975,0.4229,1.3096,179.45
CELL-19,2026-06-28,thick,124219,2.296,0.7051,1.7947,222.94
CELL-19,2026-06-29,thick,97286,2.191,0.7458,1.8385,178.86
CELL-19,2026-06-30,thick,92188,2.306,0.6699,1.6971,156.45
CELL-19,2026-07-01,thick,118971,2.426,0.7444,2.0208,240.41
CELL-19,2026-07-02,thick,127887,2.862,0.6517,2.0364,260.43
CELL-19,2026-07-03,thick,136172,3.269,0.4201,1.4234,193.83
CELL-19,2026-07-04,thick,113998,3.091,0.4255,1.3827,157.62
CELL-19,2026-07-05,thick,125551,2.73,0.4164,1.1798,148.12
CELL-19,2026-07-06,thick,94472,2.646,0.4546,1.2613,119.16
CELL-19,2026-07-07,thick,89058,2.056,0.8086,1.9185,170.86
CELL-19,2026-07-08,thick,118474,2.269,0.7352,1.8664,221.12
CELL-19,2026-07-09,thick,138949,2.375,0.7598,2.0395,283.39
CELL-19,2026-07-10,thick,125333,2.978,0.5328,1.6899,211.8
CELL-19,2026-07-11,thick,122609,2.885,0.5793,1.7796,218.19
CELL-19,2026-07-12,thick,120211,2.96,0.5852,1.8336,220.42
CELL-19,2026-07-13,thick,86820,2.925,0.5057,1.5566,135.15
CELL-19,2026-07-14,thick,89543,2.925,0.4763,1.471,131.72
CELL-19,2026-07-15,thick,117082,2.525,0.3791,1.064,124.57
CELL-19,2026-07-16,thick,136366,2.098,0.9056,2.382,324.83
CELL-19,2026-07-17,thick,131540,2.414,0.7425,2.0054,263.8
CELL-19,2026-07-18,thick,119719,2.602,0.6063,1.6977,203.24
CELL-19,2026-07-19,thick,113065,2.404,0.6658,1.7585,198.82
CELL-19,2026-07-20,thick,94527,2.546,0.705,1.9871,187.83
CELL-19,2026-07-21,thick,104682,2.888,0.5881,1.8195,190.47
CELL-19,2026-07-22,thick,112825,3.097,0.4635,1.5149,170.92
CELL-19,2026-07-23,thick,127277,3.216,0.469,1.5907,202.46
CELL-19,2026-07-24,thick,128317,2.726,0.6151,1.8041,231.5
CELL-19,2026-07-25,thick,123531,2.535,0.7077,1.9894,245.76
CELL-19,2026-07-26,thick,117508,2.535,0.7777,2.2454,263.86
CELL-19,2026-07-27,thick,97166,2.918,0.5495,1.7063,165.79
CELL-19,2026-07-28,thick,97595,2.405,0.7749,2.1187,206.78
CELL-19,2026-07-29,thick,118351,2.303,0.8249,2.2292,263.83
CELL-19,2026-07-30,thick,132698,2.508,0.7761,2.2121,293.54
CELL-19,2026-07-31,thick,131398,2.508,0.7116,1.9804,260.22
CELL-19,2026-08-01,thick,121450,3.041,0.517,1.6681,202.59
CELL-19,2026-08-02,thick,113069,3.041,0.5696,1.836,207.59
CELL-19,2026-08-03,thick,98606,3.324,0.4665,1.6232,160.05
CELL-19,2026-08-04,thick,91829,3.324,0.4308,1.4909,136.91
CELL-19,2026-08-05,thick,111909,3.352,0.4825,1.6948,189.66
CELL-19,2026-08-06,thick,129517,2.547,0.656,1.8201,235.73
CELL-19,2026-08-07,thick,128656,2.546,0.6124,1.6707,214.95
CELL-19,2026-08-08,thick,138665,2.626,0.6295,1.7808,246.94
CELL-19,2026-08-09,thick,110701,3.148,0.362,1.1844,131.11
CELL-19,2026-08-10,thick,93569,3.148,0.3757,1.2166,113.84
CELL-19,2026-08-11,thick,91691,2.74,0.6102,1.7889,164.03
CELL-19,2026-08-12,thick,120474,2.812,0.5898,1.7767,214.05
CELL-19,2026-08-13,thick,113313,2.812,0.678,2.1018,238.16
CELL-19,2026-08-14,thick,129305,2.825,0.5347,1.603,207.28
CELL-19,2026-08-15,thick,128715,2.731,0.5149,1.4794,190.42
CELL-19,2026-08-16,thick,136945,2.33,0.7188,1.8602,254.75
CELL-19,2026-08-17,thick,101648,2.322,0.652,1.6429,167.0
CELL-19,2026-08-18,thick,83315,2.517,0.6024,1.6196,134.94
CELL-19,2026-08-19,thick,127282,2.506,0.6174,1.6629,211.66
CELL-19,2026-08-20,thick,132341,1.936,0.8902,2.1304,281.95
CELL-19,2026-08-21,thick,133452,1.921,0.9008,2.1598,288.24
CELL-19,2026-08-22,thick,128419,1.86,0.9302,2.2511,289.09
CELL-19,2026-08-23,thick,107497,2.3,0.3323,0.8729,93.83
CELL-19,2026-08-24,thick,96595,2.057,0.9036,2.3265,224.73
CELL-19,2026-08-25,thick,92123,2.057,0.3765,0.9585,88.3
CELL-19,2026-08-26,thick,117618,1.794,0.9733,2.4829,292.04
CELL-19,2026-08-27,thick,118613,2.07,0.8941,2.2944,272.14
CELL-19,2026-08-28,thick,129942,2.545,0.8479,2.5726,334.29
CELL-19,2026-08-29,thick,117702,2.545,0.7618,2.1848,257.16
CELL-19,2026-08-30,thick,109109,2.738,0.5705,1.6778,183.07
CELL-19,2026-08-31,thick,98968,2.833,0.5655,1.7108,169.32
CELL-19,2026-09-01,thick,89834,2.774,0.4546,1.3318,119.64
CELL-19,2026-09-02,thick,135727,2.616,0.6187,1.7502,237.55
CELL-19,2026-09-03,thick,133630,2.728,0.6212,1.8279,244.27
CELL-19,2026-09-04,thick,132623,2.238,0.8265,2.168,287.53
CELL-19,2026-09-05,thick,129648,2.161,0.8612,2.2412,290.57
CELL-19,2026-09-06,thick,120689,2.397,0.8158,2.2832,275.56
CELL-19,2026-09-07,thick,98403,2.218,0.8738,2.3511,231.36
CELL-19,2026-09-08,thick,101612,2.422,0.8212,2.3284,236.59
CELL-19,2026-09-09,thick,130324,2.257,0.8616,2.345,305.61
CELL-19,2026-09-10,thick,128917,2.612,0.686,1.9765,254.81
CELL-19,2026-09-11,thick,128204,3.232,0.5977,2.067,265.0
CELL-19,2026-09-12,thick,121321,3.232,0.5682,1.9657,238.48
CELL-19,2026-09-13,thick,123322,3.234,0.5124,1.7483,215.6
CELL-19,2026-09-14,thick,104136,2.836,0.6184,1.8811,195.89
CELL-19,2026-09-15,thick,90872,2.547,0.6025,1.656,150.48
CELL-19,2026-09-16,thick,123613,2.683,0.6489,1.8983,234.66
CELL-19,2026-09-17,thick,128811,2.412,0.7709,2.1249,273.71
CELL-19,2026-09-18,thick,131319,2.082,0.8963,2.3249,305.3
CELL-19,2026-09-19,thick,121813,1.944,0.9372,2.3979,292.1
CELL-19,2026-09-20,thick,121889,2.66,0.556,1.5728,191.71
CELL-19,2026-09-21,thick,98850,2.498,0.4594,1.2055,119.17
CELL-19,2026-09-22,thick,89941,2.519,0.4884,1.2876,115.81
CELL-19,2026-09-23,thick,125090,2.503,0.5532,1.4777,184.85
CELL-19,2026-09-24,thick,133675,2.246,0.7042,1.7492,233.83
CELL-19,2026-09-25,thick,138681,2.246,0.784,2.0224,280.47
CELL-19,2026-09-26,thick,123948,2.246,0.6232,1.5207,188.48
CELL-19,2026-09-27,thick,117941,2.246,0.6339,1.5561,183.52
CELL-20,2026-04-01,thick,15230,2.048,0.7042,1.6391,24.96
CELL-20,2026-04-02,thick,16420,1.984,0.7067,1.5771,25.9
CELL-20,2026-04-03,thick,17469,2.272,0.6266,1.5456,27.0
CELL-20,2026-04-04,thick,14466,2.171,0.5629,1.3144,19.01
CELL-20,2026-04-05,thick,12549,2.341,0.5453,1.3616,17.09
CELL-20,2026-04-06,thick,12626,1.962,0.7196,1.608,20.3
CELL-20,2026-04-07,thick,11396,2.159,0.6173,1.4243,16.23
CELL-20,2026-04-08,thick,14798,2.085,0.6907,1.624,24.03
CELL-20,2026-04-09,thick,16058,2.073,0.6447,1.4972,24.04
CELL-20,2026-04-10,thick,16209,2.124,0.6905,1.6213,26.28
CELL-20,2026-04-11,thick,15175,2.332,0.5952,1.477,22.42
CELL-20,2026-04-12,thick,13307,2.332,0.5822,1.4838,19.75
CELL-20,2026-04-13,thick,12849,2.332,0.6354,1.6381,21.05
CELL-20,2026-04-14,thick,12369,2.409,0.5985,1.5633,19.34
CELL-20,2026-04-15,thick,15256,2.877,0.5243,1.5658,23.89
CELL-20,2026-04-16,thick,16811,2.76,0.5937,1.7706,29.77
CELL-20,2026-04-17,thick,15109,2.76,0.6099,1.8371,27.76
CELL-20,2026-04-18,thick,15014,3.119,0.3318,1.0818,16.24
CELL-20,2026-04-19,thick,12885,2.266,0.6814,1.6968,21.86
CELL-20,2026-04-20,thick,12270,2.434,0.5953,1.5564,19.1
CELL-20,2026-04-21,thick,11207,2.496,0.5484,1.4455,16.2
CELL-20,2026-04-22,thick,15749,2.496,0.5584,1.4739,23.21
CELL-20,2026-04-23,thick,16001,2.496,0.7174,2.0519,32.83
CELL-20,2026-04-24,thick,15579,2.558,0.6505,1.8211,28.37
CELL-20,2026-04-25,thick,14473,2.388,0.677,1.8024,26.09
CELL-20,2026-04-26,thick,13983,2.576,0.5638,1.5421,21.56
CELL-20,2026-04-27,thick,12506,2.232,0.6617,1.65,20.64
CELL-20,2026-04-28,thick,11422,2.045,0.6578,1.4739,16.84
CELL-20,2026-04-29,thick,13759,2.358,0.5684,1.4073,19.36
CELL-20,2026-04-30,thick,15641,2.473,0.5569,1.463,22.88
CELL-20,2026-05-01,thick,14918,2.338,0.5943,1.5071,22.48
CELL-20,2026-05-02,thick,14743,2.694,0.5598,1.5744,23.21
CELL-20,2026-05-03,thick,12730,2.657,0.6082,1.7182,21.87
CELL-20,2026-05-04,thick,12777,2.415,0.5566,1.425,18.21
CELL-20,2026-05-05,thick,11177,3.019,0.3247,0.9669,10.81
CELL-20,2026-05-06,thick,14591,2.797,0.4046,1.1782,17.19
CELL-20,2026-05-07,thick,15787,2.626,0.5124,1.4333,22.63
CELL-20,2026-05-08,thick,14884,2.166,0.7109,1.7192,25.59
CELL-20,2026-05-09,thick,15392,2.131,0.6836,1.6594,25.54
CELL-20,2026-05-10,thick,14447,2.34,0.6742,1.7373,25.1
CELL-20,2026-05-11,thick,12253,2.393,0.6093,1.591,19.5
CELL-20,2026-05-12,thick,11210,2.723,0.4989,1.4214,15.94
CELL-20,2026-05-13,thick,15363,2.772,0.5031,1.4697,22.58
CELL-20,2026-05-14,thick,16508,2.455,0.6226,1.675,27.65
CELL-20,2026-05-15,thick,15421,2.72,0.5455,1.5921,24.55
CELL-20,2026-05-16,thick,15372,2.458,0.3148,0.8439,12.97
CELL-20,2026-05-17,thick,14523,2.671,0.4505,1.2805,18.6
CELL-20,2026-05-18,thick,12122,2.379,0.467,1.1676,14.16
CELL-20,2026-05-19,thick,10576,2.054,0.5288,1.1419,12.08
CELL-20,2026-05-20,thick,14770,1.932,0.7215,1.5822,23.37
CELL-20,2026-05-21,thick,15424,1.911,0.7904,1.7625,27.19
CELL-20,2026-05-22,thick,15304,1.992,0.6986,1.5807,24.19
CELL-20,2026-05-23,thick,14114,1.85,0.7806,1.7127,24.17
CELL-20,2026-05-24,thick,14656,2.038,0.756,1.8112,26.54
CELL-20,2026-05-25,thick,12221,2.038,0.7512,1.7798,21.75
CELL-20,2026-05-26,thick,10810,2.424,0.5205,1.3621,14.73
CELL-20,2026-05-27,thick,15430,2.081,0.7146,1.6729,25.81
CELL-20,2026-05-28,thick,17067,2.105,0.7424,1.7925,30.59
CELL-20,2026-05-29,thick,16256,2.642,0.5136,1.4193,23.07
CELL-20,2026-05-30,thick,14625,2.571,0.6377,1.802,26.36
CELL-20,2026-05-31,thick,14025,2.479,0.5717,1.522,21.35
CELL-20,2026-06-01,thick,11398,2.035,0.6842,1.5666,17.86
CELL-20,2026-06-02,thick,11755,1.89,0.7087,1.5167,17.83
CELL-20,2026-06-03,thick,14818,1.859,0.7726,1.6955,25.12
CELL-20,2026-06-04,thick,16058,1.941,0.6742,1.4572,23.4
CELL-20,2026-06-05,thick,15507,1.893,0.6823,1.4334,22.23
CELL-20,2026-06-06,thick,14045,1.691,0.7941,1.5818,22.22
CELL-20,2026-06-07,thick,14139,1.654,0.9338,2.2009,31.12
CELL-20,2026-06-08,thick,12505,1.654,0.7988,1.5866,19.84
CELL-20,2026-06-09,thick,10264,1.97,0.433,0.894,9.18
CELL-20,2026-06-10,thick,14203,1.771,0.5327,1.0101,14.35
CELL-20,2026-06-11,thick,14915,1.554,0.8601,1.6886,25.19
CELL-20,2026-06-12,thick,15124,2.122,0.6297,1.4441,21.84
CELL-20,2026-06-13,thick,16413,2.301,0.6201,1.5476,25.4
CELL-20,2026-06-14,thick,14072,2.301,0.6155,1.553,21.85
CELL-20,2026-06-15,thick,11761,2.199,0.6342,1.5305,18.0
CELL-20,2026-06-16,thick,11697,2.222,0.6808,1.6985,19.87
CELL-20,2026-06-17,thick,14677,2.237,0.6619,1.6324,23.96
CELL-20,2026-06-18,thick,15138,1.95,0.7758,1.7627,26.69
CELL-20,2026-06-19,thick,14293,2.091,0.7605,1.8336,26.21
CELL-20,2026-06-20,thick,14906,2.22,0.6227,1.4918,22.24
CELL-20,2026-06-21,thick,13937,1.884,0.7675,1.6745,23.34
CELL-20,2026-06-22,thick,10951,1.884,0.7864,1.751,19.18
CELL-20,2026-06-23,thick,10361,1.949,0.7429,1.6607,17.21
CELL-20,2026-06-24,thick,14540,2.076,0.6844,1.6027,23.31
CELL-20,2026-06-25,thick,14817,1.696,0.8417,1.7703,26.23
CELL-20,2026-06-26,thick,15332,2.231,0.5952,1.4453,22.16
CELL-20,2026-06-27,thick,16365,2.579,0.5035,1.3836,22.64
CELL-20,2026-06-28,thick,13006,2.579,0.5393,1.4923,19.41
CELL-20,2026-06-29,thick,12620,2.2,0.6911,1.7035,21.5
CELL-20,2026-06-30,thick,10482,2.304,0.6637,1.6915,17.73
CELL-20,2026-07-01,thick,13977,2.12,0.7819,1.942,27.15
CELL-20,2026-07-02,thick,15768,2.673,0.4913,1.3944,21.99
CELL-20,2026-07-03,thick,15913,2.93,0.4654,1.4469,23.02
CELL-20,2026-07-04,thick,14646,2.899,0.5172,1.5945,23.35
CELL-20,2026-07-05,thick,14978,2.899,0.4489,1.3516,20.24
CELL-20,2026-07-06,thick,12394,3.014,0.3797,1.196,14.82
CELL-20,2026-07-07,thick,12013,3.014,0.3759,1.1683,14.04
CELL-20,2026-07-08,thick,15076,2.368,0.5776,1.4795,22.31
CELL-20,2026-07-09,thick,15305,2.368,0.5981,1.5275,23.38
CELL-20,2026-07-10,thick,16357,2.308,0.6674,1.7151,28.05
CELL-20,2026-07-11,thick,17141,2.278,0.6353,1.5618,26.77
CELL-20,2026-07-12,thick,14542,2.292,0.6281,1.5543,22.6
CELL-20,2026-07-13,thick,13120,2.279,0.6816,1.7308,22.71
CELL-20,2026-07-14,thick,11157,2.686,0.513,1.4737,16.44
CELL-20,2026-07-15,thick,15593,2.833,0.5352,1.6329,25.46
CELL-20,2026-07-16,thick,16794,2.861,0.5567,1.7041,28.62
CELL-20,2026-07-17,thick,16017,2.907,0.3306,0.9892,15.84
CELL-20,2026-07-18,thick,14277,2.907,0.2752,0.8375,11.96
CELL-20,2026-07-19,thick,13514,2.727,0.4491,1.2945,17.49
CELL-20,2026-07-20,thick,11667,2.727,0.3847,1.0867,12.68
CELL-20,2026-07-21,thick,11604,2.727,0.4076,1.1071,12.85
CELL-20,2026-07-22,thick,15144,2.527,0.514,1.3589,20.58
CELL-20,2026-07-23,thick,15721,2.527,0.4823,1.2729,20.01
CELL-20,2026-07-24,thick,15335,2.546,0.4846,1.3199,20.24
CELL-20,2026-07-25,thick,14843,2.43,0.4607,1.1618,17.25
CELL-20,2026-07-26,thick,13756,2.029,0.7002,1.6113,22.17
CELL-20,2026-07-27,thick,11897,2.104,0.6397,1.4709,17.5
CELL-20,2026-07-28,thick,13160,2.158,0.5961,1.4003,18.43
CELL-20,2026-07-29,thick,16741,2.259,0.5752,1.384,23.17
CELL-20,2026-07-30,thick,15476,2.391,0.5761,1.4472,22.4
CELL-20,2026-07-31,thick,15167,2.506,0.5996,1.6139,24.48
CELL-20,2026-08-01,thick,15081,2.436,0.3284,0.8365,12.62
CELL-20,2026-08-02,thick,13799,2.436,0.5433,1.375,18.98
CELL-20,2026-08-03,thick,13159,2.814,0.3757,1.0748,14.14
CELL-20,2026-08-04,thick,11591,2.463,0.4503,1.154,13.38
CELL-20,2026-08-05,thick,16144,2.269,0.5508,1.3583,21.93
CELL-20,2026-08-06,thick,16272,2.346,0.5994,1.5341,24.96
CELL-20,2026-08-07,thick,15288,2.222,0.687,1.6878,25.8
CELL-20,2026-08-08,thick,14685,2.127,0.7598,1.8681,27.43
CELL-20,2026-08-09,thick,15589,2.183,0.7748,1.9811,30.89
CELL-20,2026-08-10,thick,12782,2.183,0.6975,1.7449,22.3
CELL-20,2026-08-11,thick,12036,2.183,0.639,1.5142,18.23
CELL-20,2026-08-12,thick,13947,2.536,0.6182,1.7054,23.79
CELL-20,2026-08-13,thick,16167,2.606,0.5827,1.6381,26.48
CELL-20,2026-08-14,thick,15011,2.53,0.5582,1.528,22.94
CELL-20,2026-08-15,thick,16075,2.418,0.629,1.6681,26.82
CELL-20,2026-08-16,thick,14549,2.596,0.5223,1.4133,20.56
CELL-20,2026-08-17,thick,11207,2.793,0.4008,1.1496,12.88
CELL-20,2026-08-18,thick,10492,2.793,0.4712,1.3767,14.44
CELL-20,2026-08-19,thick,14736,2.292,0.6608,1.6925,24.94
CELL-20,2026-08-20,thick,16560,2.441,0.6301,1.6688,27.64
CELL-20,2026-08-21,thick,15931,2.289,0.6761,1.7452,27.8
CELL-20,2026-08-22,thick,16205,2.395,0.6025,1.5671,25.4
CELL-20,2026-08-23,thick,14396,2.486,0.4574,1.2156,17.5
CELL-20,2026-08-24,thick,11690,2.526,0.388,1.0287,12.03
CELL-20,2026-08-25,thick,11788,2.042,0.6445,1.4587,17.2
CELL-20,2026-08-26,thick,15838,2.414,0.5761,1.5042,23.82
CELL-20,2026-08-27,thick,15175,2.464,0.5369,1.425,21.63
CELL-20,2026-08-28,thick,15974,2.706,0.4464,1.2775,20.41
CELL-20,2026-08-29,thick,15634,2.706,0.4838,1.3554,21.19
CELL-20,2026-08-30,thick,14214,2.005,0.7616,1.7784,25.28
CELL-20,2026-08-31,thick,11683,1.872,0.7425,1.5875,18.55
CELL-20,2026-09-01,thick,11402,2.406,0.5887,1.498,17.08
CELL-20,2026-09-02,thick,15202,2.109,0.6554,1.5016,22.83
CELL-20,2026-09-03,thick,15495,2.396,0.5239,1.3578,21.04
CELL-20,2026-09-04,thick,15654,2.937,0.3758,1.1511,18.02
CELL-20,2026-09-05,thick,14768,3.048,0.4469,1.4464,21.36
CELL-20,2026-09-06,thick,15850,2.728,0.4827,1.389,22.02
CELL-20,2026-09-07,thick,11864,2.098,0.6994,1.6589,19.68
CELL-20,2026-09-08,thick,10394,2.098,0.6851,1.5783,16.41
CELL-20,2026-09-09,thick,15001,2.137,0.6586,1.555,23.33
CELL-20,2026-09-10,thick,15108,2.137,0.6491,1.5394,23.26
CELL-20,2026-09-11,thick,15978,1.659,0.8351,1.6946,27.08
CELL-20,2026-09-12,thick,14861,1.82,0.7565,1.5951,23.71
CELL-20,2026-09-13,thick,13765,1.929,0.6311,1.3452,18.52
CELL-20,2026-09-14,thick,11401,1.929,0.6723,1.4616,16.66
CELL-20,2026-09-15,thick,11661,1.98,0.7084,1.5976,18.63
CELL-20,2026-09-16,thick,14850,1.975,0.694,1.5452,22.95
CELL-20,2026-09-17,thick,16441,2.226,0.6797,1.6873,27.74
CELL-20,2026-09-18,thick,16310,2.599,0.5357,1.4633,23.87
CELL-20,2026-09-19,thick,15086,2.282,0.6602,1.6659,25.13
CELL-20,2026-09-20,thick,13545,2.514,0.6126,1.6358,22.16
CELL-20,2026-09-21,thick,12263,2.802,0.4891,1.4444,17.71
CELL-20,2026-09-22,thick,10692,2.993,0.4199,1.326,14.18
CELL-20,2026-09-23,thick,15919,2.639,0.5703,1.5828,25.2
CELL-20,2026-09-24,thick,16091,2.72,0.5699,1.6486,26.53
CELL-20,2026-09-25,thick,15638,2.713,0.5045,1.4314,22.38
CELL-20,2026-09-26,thick,15524,2.215,0.662,1.6282,25.28
CELL-20,2026-09-27,thick,14024,2.219,0.6237,1.5066,21.13
CELL-21,2026-04-01,thin,585,1.74,0.9604,2.1144,1.24
CELL-21,2026-04-02,thin,620,1.949,0.884,2.1625,1.34
CELL-21,2026-04-03,thin,602,2.231,0.7478,1.8415,1.11
CELL-21,2026-04-04,thin,605,2.751,0.4952,1.4473,0.88
CELL-21,2026-04-05,thin,507,2.581,0.6691,1.7851,0.91
CELL-21,2026-04-06,thin,491,2.535,0.572,1.608,0.79
CELL-21,2026-04-07,thin,468,2.659,0.5347,1.4972,0.7
CELL-21,2026-04-08,thin,589,2.663,0.5282,1.4417,0.85
CELL-21,2026-04-09,thin,609,2.45,0.7006,1.9286,1.17
CELL-21,2026-04-10,thin,596,2.26,0.7525,1.8615,1.11
CELL-21,2026-04-11,thin,568,1.837,0.971,2.299,1.31
CELL-21,2026-04-12,thin,541,1.837,0.9462,2.1882,1.19
CELL-21,2026-04-13,thin,482,2.037,0.911,2.1686,1.05
CELL-21,2026-04-14,thin,453,2.584,0.559,1.2865,0.58
CELL-21,2026-04-15,thin,571,2.457,0.6628,1.8447,1.05
CELL-21,2026-04-16,thin,646,2.932,0.5202,1.7445,1.13
CELL-21,2026-04-17,thin,566,2.384,0.8704,2.4185,1.37
CELL-21,2026-04-18,thin,564,2.65,0.6893,2.1119,1.19
CELL-21,2026-04-19,thin,567,2.409,0.8489,2.3397,1.33
CELL-21,2026-04-20,thin,478,2.231,0.8848,2.2381,1.07
CELL-21,2026-04-21,thin,425,2.568,0.7282,2.1515,0.92
CELL-21,2026-04-22,thin,588,2.568,0.6462,1.8466,1.09
CELL-21,2026-04-23,thin,606,2.429,0.719,1.8569,1.13
CELL-21,2026-04-24,thin,626,2.429,0.5903,1.6005,1.0
CELL-21,2026-04-25,thin,603,2.155,0.5908,1.2913,0.78
CELL-21,2026-04-26,thin,585,2.155,0.7587,1.7739,1.04
CELL-21,2026-04-27,thin,475,2.155,0.6967,1.5385,0.73
CELL-21,2026-04-28,thin,440,2.187,0.6656,1.653,0.73
CELL-21,2026-04-29,thin,622,2.618,0.4942,1.3007,0.81
CELL-21,2026-04-30,thin,551,2.305,0.6809,1.5887,0.88
CELL-21,2026-05-01,thin,623,2.51,0.5893,1.6411,1.02
CELL-21,2026-05-02,thin,608,2.41,0.7001,1.9478,1.18
CELL-21,2026-05-03,thin,557,2.349,0.6553,1.7083,0.95
CELL-21,2026-05-04,thin,445,2.262,0.5132,1.2118,0.54
CELL-21,2026-05-05,thin,443,1.754,0.7547,1.45,0.64
CELL-21,2026-05-06,thin,590,1.803,0.8876,1.9489,1.15
CELL-21,2026-05-07,thin,630,2.217,0.7747,1.9511,1.23
CELL-21,2026-05-08,thin,611,2.373,0.6681,1.7989,1.1
CELL-21,2026-05-09,thin,628,2.407,0.6533,1.6369,1.03
CELL-21,2026-05-10,thin,570,2.129,0.7485,1.794,1.02
CELL-21,2026-05-11,thin,458,2.232,0.7586,1.8305,0.84
CELL-21,2026-05-12,thin,464,2.627,0.4234,1.3403,0.62
CELL-21,2026-05-13,thin,589,2.254,0.758,1.8223,1.07
CELL-21,2026-05-14,thin,658,2.222,0.7072,1.7961,1.18
CELL-21,2026-05-15,thin,631,2.187,0.762,1.8198,1.15
CELL-21,2026-05-16,thin,547,2.093,0.8534,1.9484,1.07
CELL-21,2026-05-17,thin,551,2.02,0.8238,1.9703,1.09
CELL-21,2026-05-18,thin,435,2.283,0.7493,1.9133,0.83
CELL-21,2026-05-19,thin,410,2.635,0.5516,1.5161,0.62
CELL-21,2026-05-20,thin,649,2.534,0.6707,1.8563,1.21
CELL-21,2026-05-21,thin,581,2.578,0.6268,1.8271,1.06
CELL-21,2026-05-22,thin,672,2.524,0.7341,1.8866,1.27
CELL-21,2026-05-23,thin,594,2.829,0.4899,1.4515,0.86
CELL-21,2026-05-24,thin,522,2.509,0.5991,1.5672,0.82
CELL-21,2026-05-25,thin,483,2.025,0.7488,1.6777,0.81
CELL-21,2026-05-26,thin,454,1.847,0.891,2.0119,0.91
CELL-21,2026-05-27,thin,565,2.243,0.7621,1.8052,1.02
CELL-21,2026-05-28,thin,615,2.42,0.7383,1.9452,1.2
CELL-21,2026-05-29,thin,645,2.684,0.5955,1.6864,1.09
CELL-21,2026-05-30,thin,652,2.688,0.4192,1.1766,0.77
CELL-21,2026-05-31,thin,559,2.688,0.6059,1.5981,0.89
CELL-21,2026-06-01,thin,466,2.688,0.4258,1.274,0.59
CELL-21,2026-06-02,thin,443,2.539,0.6949,2.0238,0.9
CELL-21,2026-06-03,thin,623,2.539,0.7072,1.869,1.17
CELL-21,2026-06-04,thin,665,2.287,0.7934,2.0324,1.35
CELL-21,2026-06-05,thin,632,2.578,0.7101,2.029,1.28
CELL-21,2026-06-06,thin,659,2.924,0.5539,1.6683,1.1
CELL-21,2026-06-07,thin,587,2.566,0.5764,1.5007,0.88
CELL-21,2026-06-08,thin,477,2.083,0.7857,1.8689,0.89
CELL-21,2026-06-09,thin,416,2.173,0.7837,1.7364,0.72
CELL-21,2026-06-10,thin,623,2.703,0.653,1.8361,1.15
CELL-21,2026-06-11,thin,550,2.703,0.7092,1.9994,1.1
CELL-21,2026-06-12,thin,676,2.924,0.5336,1.859,1.26
CELL-21,2026-06-13,thin,551,2.954,0.5571,1.6811,0.93
CELL-21,2026-06-14,thin,539,2.72,0.587,1.7454,0.94
CELL-21,2026-06-15,thin,456,2.913,0.4567,1.3862,0.63
CELL-21,2026-06-16,thin,448,2.913,0.4067,1.143,0.51
CELL-21,2026-06-17,thin,599,2.442,0.6905,1.8716,1.12
CELL-21,2026-06-18,thin,596,2.342,0.6596,1.7349,1.03
CELL-21,2026-06-19,thin,645,2.594,0.6367,1.9107,1.23
CELL-21,2026-06-20,thin,630,2.416,0.8485,2.2424,1.41
CELL-21,2026-06-21,thin,553,2.858,0.5273,1.61,0.89
CELL-21,2026-06-22,thin,472,2.369,0.7382,1.8503,0.87
CELL-21,2026-06-23,thin,461,2.224,0.8172,2.1283,0.98
CELL-21,2026-06-24,thin,605,2.47,0.6751,1.854,1.12
CELL-21,2026-06-25,thin,584,2.708,0.6177,1.9427,1.13
CELL-21,2026-06-26,thin,674,2.677,0.6916,2.0283,1.37
CELL-21,2026-06-27,thin,652,2.49,0.7332,2.0847,1.36
CELL-21,2026-06-28,thin,559,2.452,0.7101,1.902,1.06
CELL-21,2026-06-29,thin,432,2.8,0.5435,1.581,0.68
CELL-21,2026-06-30,thin,409,2.825,0.4991,1.3967,0.57
CELL-21,2026-07-01,thin,547,2.554,0.5831,1.7461,0.96
CELL-21,2026-07-02,thin,658,2.27,0.6968,1.7264,1.14
CELL-21,2026-07-03,thin,605,2.525,0.9331,2.8932,1.75
CELL-21,2026-07-04,thin,575,2.933,0.5931,1.7265,0.99
CELL-21,2026-07-05,thin,568,2.973,0.4892,1.461,0.83
CELL-21,2026-07-06,thin,484,2.461,0.6539,1.7734,0.86
CELL-21,2026-07-07,thin,439,2.549,0.6662,1.9663,0.86
CELL-21,2026-07-08,thin,620,2.335,0.7905,2.0734,1.29
CELL-21,2026-07-09,thin,637,3.027,0.5747,2.0041,1.28
CELL-21,2026-07-10,thin,589,3.027,0.6143,1.9625,1.16
CELL-21,2026-07-11,thin,595,2.978,0.5204,1.6106,0.96
CELL-21,2026-07-12,thin,527,2.694,0.6853,2.2128,1.17
CELL-21,2026-07-13,thin,471,2.694,0.5598,1.6966,0.8
CELL-21,2026-07-14,thin,419,2.603,0.5062,1.6095,0.68
CELL-21,2026-07-15,thin,568,2.696,0.5648,1.5314,0.87
CELL-21,2026-07-16,thin,617,2.514,0.6815,1.8747,1.16
CELL-21,2026-07-17,thin,633,2.901,0.5124,1.5666,0.99
CELL-21,2026-07-18,thin,613,3.13,0.3413,1.1144,0.68
CELL-21,2026-07-19,thin,484,2.283,0.6847,1.834,0.89
CELL-21,2026-07-20,thin,473,2.711,0.4934,1.3102,0.62
CELL-21,2026-07-21,thin,462,2.711,0.4169,1.1831,0.55
CELL-21,2026-07-22,thin,629,2.616,0.627,1.7129,1.08
CELL-21,2026-07-23,thin,598,2.616,0.6548,1.8181,1.09
CELL-21,2026-07-24,thin,624,3.008,0.4903,1.5912,0.99
CELL-21,2026-07-25,thin,588,3.008,0.4711,1.598,0.94
CELL-21,2026-07-26,thin,599,2.769,0.6022,1.9228,1.15
CELL-21,2026-07-27,thin,474,2.681,0.6632,1.8754,0.89
CELL-21,2026-07-28,thin,407,2.681,0.5272,1.6306,0.66
CELL-21,2026-07-29,thin,572,2.681,0.6418,1.913,1.09
CELL-21,2026-07-30,thin,628,2.707,0.5331,1.4795,0.93
CELL-21,2026-07-31,thin,639,2.47,0.7544,2.1966,1.41
CELL-21,2026-08-01,thin,575,2.778,0.5102,1.4926,0.86
CELL-21,2026-08-02,thin,569,2.642,0.7058,1.9838,1.13
CELL-21,2026-08-03,thin,481,3.209,0.3449,1.1293,0.54
CELL-21,2026-08-04,thin,444,3.099,0.3175,1.0977,0.49
CELL-21,2026-08-05,thin,587,2.669,0.5168,1.5328,0.9
CELL-21,2026-08-06,thin,624,2.842,0.5251,1.5486,0.97
CELL-21,2026-08-07,thin,579,2.636,0.6053,1.6805,0.97
CELL-21,2026-08-08,thin,592,2.676,0.5827,1.6613,0.98
CELL-21,2026-08-09,thin,570,2.415,0.7353,2.0144,1.15
CELL-21,2026-08-10,thin,510,2.355,0.6979,1.8288,0.93
CELL-21,2026-08-11,thin,425,2.355,0.6106,1.542,0.66
CELL-21,2026-08-12,thin,607,2.096,0.8267,2.0382,1.24
CELL-21,2026-08-13,thin,591,2.32,0.759,2.0986,1.24
CELL-21,2026-08-14,thin,654,2.32,0.7241,1.7836,1.17
CELL-21,2026-08-15,thin,598,3.211,0.2883,1.0753,0.64
CELL-21,2026-08-16,thin,533,2.563,0.5857,1.599,0.85
CELL-21,2026-08-17,thin,461,2.605,0.505,1.3676,0.63
CELL-21,2026-08-18,thin,443,2.045,0.8054,1.9659,0.87
CELL-21,2026-08-19,thin,558,2.253,0.7757,2.0683,1.15
CELL-21,2026-08-20,thin,625,2.37,0.7518,2.0797,1.3
CELL-21,2026-08-21,thin,582,2.816,0.4965,1.5842,0.92
CELL-21,2026-08-22,thin,558,2.539,0.5093,1.4239,0.8
CELL-21,2026-08-23,thin,579,2.845,0.3053,0.833,0.48
CELL-21,2026-08-24,thin,454,2.845,0.4475,1.3152,0.6
CELL-21,2026-08-25,thin,427,2.392,0.6911,1.839,0.79
CELL-21,2026-08-26,thin,551,2.392,0.7214,1.9188,1.06
CELL-21,2026-08-27,thin,540,2.451,0.6687,1.8161,0.98
CELL-21,2026-08-28,thin,649,2.831,0.4501,1.3313,0.86
CELL-21,2026-08-29,thin,557,2.807,0.4411,1.1947,0.67
CELL-21,2026-08-30,thin,543,2.43,0.708,1.8566,1.01
CELL-21,2026-08-31,thin,487,2.379,0.6289,1.5119,0.74
CELL-21,2026-09-01,thin,421,2.379,0.6315,1.6894,0.71
CELL-21,2026-09-02,thin,583,2.379,0.753,1.9443,1.13
CELL-21,2026-09-03,thin,646,2.379,0.8073,2.1084,1.36
CELL-21,2026-09-04,thin,695,2.847,0.5101,1.5601,1.09
CELL-21,2026-09-05,thin,624,2.68,0.638,1.7511,1.09
CELL-21,2026-09-06,thin,539,3.359,0.4773,1.6056,0.87
CELL-21,2026-09-07,thin,470,3.408,0.3678,1.4482,0.68
CELL-21,2026-09-08,thin,460,2.436,0.7162,1.9694,0.91
CELL-21,2026-09-09,thin,604,3.018,0.4427,1.4608,0.88
CELL-21,2026-09-10,thin,684,2.906,0.4221,1.42,0.97
CELL-21,2026-09-11,thin,608,2.899,0.5197,1.4484,0.88
CELL-21,2026-09-12,thin,584,3.106,0.4024,1.1851,0.69
CELL-21,2026-09-13,thin,525,2.821,0.5305,1.3024,0.68
CELL-21,2026-09-14,thin,461,3.008,0.2812,0.7552,0.35
CELL-21,2026-09-15,thin,466,3.008,0.257,0.7479,0.35
CELL-21,2026-09-16,thin,626,2.386,0.7022,1.75,1.1
CELL-21,2026-09-17,thin,583,2.436,0.7389,2.0969,1.22
CELL-21,2026-09-18,thin,659,2.636,0.633,1.7742,1.17
CELL-21,2026-09-19,thin,626,2.636,0.7625,2.1375,1.34
CELL-21,2026-09-20,thin,598,2.844,0.6027,1.7065,1.02
CELL-21,2026-09-21,thin,487,3.235,0.3841,1.2514,0.61
CELL-21,2026-09-22,thin,454,2.708,0.5793,1.6389,0.74
CELL-21,2026-09-23,thin,609,2.838,0.5569,1.6648,1.02
CELL-21,2026-09-24,thin,591,2.838,0.4907,1.4776,0.87
CELL-21,2026-09-25,thin,585,2.838,0.5975,1.7957,1.05
CELL-21,2026-09-26,thin,603,2.988,0.478,1.4689,0.89
CELL-21,2026-09-27,thin,579,3.198,0.2775,0.8489,0.49
CELL-22,2026-04-01,thick,64624,3.767,0.9769,5.4115,349.72
CELL-22,2026-04-02,thick,64512,5.62,0.8058,5.1834,334.4
CELL-22,2026-04-03,thick,61400,6.787,0.5914,4.2545,261.23
CELL-22,2026-04-04,thick,59380,6.787,0.6201,4.5041,267.46
CELL-22,2026-04-05,thick,54187,6.787,0.5799,4.2234,228.85
CELL-22,2026-04-06,thick,45136,8.0,0.3305,2.6475,119.5
CELL-22,2026-04-07,thick,45671,5.933,0.6895,4.4601,203.7
CELL-22,2026-04-08,thick,57275,6.579,0.6721,4.8759,279.27
CELL-22,2026-04-09,thick,58283,4.86,0.9179,5.6274,327.98
CELL-22,2026-04-10,thick,62693,5.532,0.8485,5.5132,345.64
CELL-22,2026-04-11,thick,57032,7.063,0.666,5.0912,290.36
CELL-22,2026-04-12,thick,54501,7.782,0.4021,3.1961,174.19
CELL-22,2026-04-13,thick,51255,8.0,0.2668,2.1437,109.88
CELL-22,2026-04-14,thick,45002,6.196,0.8995,6.8234,307.07
CELL-22,2026-04-15,thick,63736,6.059,0.6192,4.0193,256.18
CELL-22,2026-04-16,thick,54758,6.166,0.7024,4.7623,260.78
CELL-22,2026-04-17,thick,64558,6.166,0.6704,4.4818,289.34
CELL-22,2026-04-18,thick,67653,6.429,0.7105,5.0151,339.29
CELL-22,2026-04-19,thick,57424,5.923,0.7104,4.58,263.0
CELL-22,2026-04-20,thick,50535,6.2,0.6786,4.5812,231.51
CELL-22,2026-04-21,thick,43661,6.2,0.6515,4.3724,190.91
CELL-22,2026-04-22,thick,58399,6.271,0.6897,4.6896,273.87
CELL-22,2026-04-23,thick,64974,7.436,0.562,4.4778,290.94
CELL-22,2026-04-24,thick,66506,8.0,0.469,3.9038,259.63
CELL-22,2026-04-25,thick,59534,7.649,0.498,3.9666,236.15
CELL-22,2026-04-26,thick,58104,8.0,0.3303,2.7075,157.32
CELL-22,2026-04-27,thick,48812,6.634,0.5246,3.6113,176.28
CELL-22,2026-04-28,thick,46085,5.82,0.6295,3.9286,181.05
CELL-22,2026-04-29,thick,61208,6.447,0.6608,4.6072,282.0
CELL-22,2026-04-30,thick,59630,6.492,0.6629,4.6761,278.84
CELL-22,2026-05-01,thick,61475,6.031,0.726,4.8593,298.73
CELL-22,2026-05-02,thick,60342,6.335,0.7037,4.8788,294.4
CELL-22,2026-05-03,thick,59708,6.582,0.6882,4.9406,295.0
CELL-22,2026-05-04,thick,45271,8.0,0.3435,2.8061,127.04
CELL-22,2026-05-05,thick,46575,7.771,0.354,2.8437,132.45
CELL-22,2026-05-06,thick,60472,7.904,0.3056,2.4965,150.97
CELL-22,2026-05-07,thick,64189,7.904,0.4695,3.8472,246.95
CELL-22,2026-05-08,thick,58250,7.904,0.4171,3.3898,197.46
CELL-22,2026-05-09,thick,55155,7.14,0.447,3.2507,179.29
CELL-22,2026-05-10,thick,56265,6.756,0.6533,4.7652,268.12
CELL-22,2026-05-11,thick,45253,6.265,0.6518,4.4329,200.6
CELL-22,2026-05-12,thick,45704,5.573,0.7278,4.4608,203.88
CELL-22,2026-05-13,thick,55626,6.428,0.578,3.9653,220.58
CELL-22,2026-05-14,thick,65342,6.428,0.6691,4.6634,304.72
CELL-22,2026-05-15,thick,61226,6.862,0.5482,3.9749,243.37
CELL-22,2026-05-16,thick,57960,6.862,0.5514,4.0195,232.97
CELL-22,2026-05-17,thick,60079,6.572,0.625,4.3998,264.34
CELL-22,2026-05-18,thick,48663,6.667,0.5109,3.5536,172.93
CELL-22,2026-05-19,thick,49607,7.076,0.4701,3.4014,168.73
CELL-22,2026-05-20,thick,56488,6.514,0.4308,2.8933,163.44
CELL-22,2026-05-21,thick,62825,6.251,0.582,3.8505,241.91
CELL-22,2026-05-22,thick,68190,6.836,0.5994,4.4133,300.95
CELL-22,2026-05-23,thick,59955,6.836,0.6194,4.553,272.98
CELL-22,2026-05-24,thick,57737,6.836,0.5116,3.6692,211.85
CELL-22,2026-05-25,thick,47158,6.855,0.4593,3.2912,155.21
CELL-22,2026-05-26,thick,43256,5.664,0.6485,3.9965,172.88
CELL-22,2026-05-27,thick,67463,6.307,0.6787,4.6519,313.83
CELL-22,2026-05-28,thick,64424,6.031,0.7626,5.1659,332.81
CELL-22,2026-05-29,thick,63460,7.269,0.6007,4.6817,297.1
CELL-22,2026-05-30,thick,64463,6.276,0.72,4.9867,321.46
CELL-22,2026-05-31,thick,58149,6.895,0.629,4.6836,272.35
CELL-22,2026-06-01,thick,49845,6.895,0.3503,2.4514,122.19
CELL-22,2026-06-02,thick,45926,5.095,0.6745,3.74,171.77
CELL-22,2026-06-03,thick,64771,4.79,0.7557,4.0799,264.26
CELL-22,2026-06-04,thick,58742,6.045,0.5432,3.4412,202.15
CELL-22,2026-06-05,thick,62922,5.861,0.6253,3.9362,247.67
CELL-22,2026-06-06,thick,61882,6.309,0.4098,2.6951,166.78
CELL-22,2026-06-07,thick,58943,6.153,0.4676,3.0204,178.03
CELL-22,2026-06-08,thick,48421,6.356,0.3584,2.334,113.02
CELL-22,2026-06-09,thick,43120,5.76,0.4349,2.5998,112.11
CELL-22,2026-06-10,thick,61322,5.76,0.4988,2.9997,183.95
CELL-22,2026-06-11,thick,66376,5.76,0.4934,2.9677,196.98
CELL-22,2026-06-12,thick,59446,5.571,0.8531,5.6157,333.83
CELL-22,2026-06-13,thick,63588,7.796,0.4971,4.0254,255.97
CELL-22,2026-06-14,thick,55445,7.796,0.1744,1.3879,76.95
CELL-22,2026-06-15,thick,50476,7.796,0.1433,1.1395,57.52
CELL-22,2026-06-16,thick,44564,7.796,0.1039,0.8079,36.0
CELL-22,2026-06-17,thick,58713,6.822,0.244,1.6999,99.81
CELL-22,2026-06-18,thick,59238,5.658,0.8648,5.8209,344.82
CELL-22,2026-06-19,thick,62382,7.012,0.6363,4.7758,297.92
CELL-22,2026-06-20,thick,62906,6.112,0.794,5.5155,346.96
CELL-22,2026-06-21,thick,59230,7.432,0.2197,1.6769,99.32
CELL-22,2026-06-22,thick,47721,6.516,0.3036,2.0111,95.97
CELL-22,2026-06-23,thick,44235,6.516,0.2743,1.8146,80.27
CELL-22,2026-06-24,thick,63303,5.637,0.865,5.7926,366.69
CELL-22,2026-06-25,thick,63290,7.004,0.6132,4.5736,289.46
CELL-22,2026-06-26,thick,61026,6.221,0.4738,3.0721,187.48
CELL-22,2026-06-27,thick,56081,6.184,0.5257,3.4174,191.66
CELL-22,2026-06-28,thick,59561,5.337,0.6148,3.5426,211.0
CELL-22,2026-06-29,thick,47354,5.638,0.4723,2.7542,130.43
CELL-22,2026-06-30,thick,49133,5.638,0.4286,2.5214,123.88
CELL-22,2026-07-01,thick,55293,5.475,0.4764,2.7291,150.9
CELL-22,2026-07-02,thick,58435,4.801,0.9443,6.0357,352.69
CELL-22,2026-07-03,thick,70229,6.256,0.853,6.2835,441.29
CELL-22,2026-07-04,thick,60121,6.985,0.393,2.8113,169.02
CELL-22,2026-07-05,thick,57948,6.349,0.4293,2.8205,163.44
CELL-22,2026-07-06,thick,47079,6.349,0.3693,2.42,113.93
CELL-22,2026-07-07,thick,45202,5.617,0.4679,2.714,122.68
CELL-22,2026-07-08,thick,60906,5.534,0.5981,3.5417,215.71
CELL-22,2026-07-09,thick,66771,5.534,0.5808,3.4035,227.26
CELL-22,2026-07-10,thick,65133,6.24,0.4621,3.0262,197.11
CELL-22,2026-07-11,thick,63367,5.702,0.5444,3.2723,207.36
CELL-22,2026-07-12,thick,58304,4.937,0.7414,4.052,236.25
CELL-22,2026-07-13,thick,48112,5.469,0.2682,1.5708,75.57
CELL-22,2026-07-14,thick,46727,4.591,0.6186,3.0633,143.14
CELL-22,2026-07-15,thick,65286,4.649,0.6436,3.2569,212.63
CELL-22,2026-07-16,thick,60074,4.96,0.5016,2.622,157.52
CELL-22,2026-07-17,thick,59900,4.774,0.6655,3.4369,205.87
CELL-22,2026-07-18,thick,57597,4.562,0.7688,3.9579,227.96
CELL-22,2026-07-19,thick,53704,6.074,0.3185,1.9804,106.36
CELL-22,2026-07-20,thick,46441,6.074,0.2073,1.2572,58.39
CELL-22,2026-07-21,thick,44299,4.829,0.7582,4.0904,181.21
CELL-22,2026-07-22,thick,60101,5.102,0.4966,2.6283,157.96
CELL-22,2026-07-23,thick,59767,4.642,0.6055,3.018,180.38
CELL-22,2026-07-24,thick,64335,4.343,0.688,3.2599,209.73
CELL-22,2026-07-25,thick,62121,4.916,0.5156,2.6716,165.96
CELL-22,2026-07-26,thick,61542,4.916,0.4945,2.555,157.24
CELL-22,2026-07-27,thick,46237,5.104,0.4645,2.469,114.16
CELL-22,2026-07-28,thick,50320,5.153,0.3532,1.8598,93.59
CELL-22,2026-07-29,thick,59981,4.817,0.5134,2.6137,156.77
CELL-22,2026-07-30,thick,71430,3.462,0.9027,3.832,273.72
CELL-22,2026-07-31,thick,59663,3.462,0.8663,3.5782,213.49
CELL-22,2026-08-01,thick,60832,3.462,0.8902,3.7196,226.27
CELL-22,2026-08-02,thick,55621,4.562,0.6,2.9165,162.22
CELL-22,2026-08-03,thick,47934,4.573,0.6166,3.0157,144.55
CELL-22,2026-08-04,thick,46233,4.462,0.5283,2.4772,114.53
CELL-22,2026-08-05,thick,63887,4.347,0.6197,2.8979,185.14
CELL-22,2026-08-06,thick,68413,4.83,0.4661,2.3716,162.25
CELL-22,2026-08-07,thick,59043,4.507,0.7298,3.6451,215.22
CELL-22,2026-08-08,thick,63314,4.604,0.7158,3.6444,230.74
CELL-22,2026-08-09,thick,58221,4.365,0.8223,4.1333,240.65
CELL-22,2026-08-10,thick,48578,5.124,0.4846,2.5857,125.61
CELL-22,2026-08-11,thick,44151,4.684,0.5826,2.8906,127.62
CELL-22,2026-08-12,thick,62556,4.282,0.7686,3.6887,230.75
CELL-22,2026-08-13,thick,60560,5.918,0.3821,2.2973,139.12
CELL-22,2026-08-14,thick,64329,5.275,0.4945,2.719,174.91
CELL-22,2026-08-15,thick,59183,5.435,0.318,1.747,103.39
CELL-22,2026-08-16,thick,55430,4.498,0.5115,2.4118,133.69
CELL-22,2026-08-17,thick,45453,4.945,0.4015,2.036,92.54
CELL-22,2026-08-18,thick,41049,4.844,0.506,2.5753,105.71
CELL-22,2026-08-19,thick,57732,4.626,0.7048,3.5957,207.59
CELL-22,2026-08-20,thick,64275,4.585,0.8164,4.3057,276.76
CELL-22,2026-08-21,thick,62915,4.567,0.7621,3.9028,245.54
CELL-22,2026-08-22,thick,56917,5.315,0.5552,3.1222,177.71
CELL-22,2026-08-23,thick,56655,5.249,0.4632,2.5234,142.97
CELL-22,2026-08-24,thick,46438,5.804,0.2053,1.2051,55.96
CELL-22,2026-08-25,thick,47603,5.804,0.2806,1.6678,79.39
CELL-22,2026-08-26,thick,58659,4.671,0.6068,3.0234,177.35
CELL-22,2026-08-27,thick,64287,4.41,0.7616,3.7512,241.15
CELL-22,2026-08-28,thick,61908,5.565,0.5967,3.5381,219.04
CELL-22,2026-08-29,thick,56234,6.926,0.2654,1.89,106.28
CELL-22,2026-08-30,thick,56854,7.473,0.189,1.4263,81.09
CELL-22,2026-08-31,thick,48447,6.172,0.2828,1.7997,87.19
CELL-22,2026-09-01,thick,45811,4.471,0.5986,2.8948,132.61
CELL-22,2026-09-02,thick,60223,4.678,0.629,3.1499,189.7
CELL-22,2026-09-03,thick,66120,5.41,0.5304,3.0082,198.9
CELL-22,2026-09-04,thick,66492,5.805,0.6543,4.1184,273.84
CELL-22,2026-09-05,thick,54800,5.805,0.5374,3.2823,179.87
CELL-22,2026-09-06,thick,53688,5.69,0.4578,2.7354,146.86
CELL-22,2026-09-07,thick,44056,5.237,0.2436,1.3119,57.8
CELL-22,2026-09-08,thick,44773,4.469,0.3929,1.8001,80.6
CELL-22,2026-09-09,thick,54596,4.126,0.607,2.6676,145.64
CELL-22,2026-09-10,thick,63060,4.857,0.4081,2.0227,127.56
CELL-22,2026-09-11,thick,59530,4.627,0.4796,2.3169,137.93
CELL-22,2026-09-12,thick,60494,5.374,0.2528,1.3697,82.86
CELL-22,2026-09-13,thick,56487,4.662,0.4247,2.0326,114.81
CELL-22,2026-09-14,thick,46767,4.053,0.5095,2.161,101.06
CELL-22,2026-09-15,thick,47685,3.365,0.7715,2.916,139.05
CELL-22,2026-09-16,thick,60956,4.197,0.5753,2.5675,156.5
CELL-22,2026-09-17,thick,59568,4.886,0.4443,2.2605,134.65
CELL-22,2026-09-18,thick,66594,4.638,0.5344,2.6202,174.49
CELL-22,2026-09-19,thick,60562,4.014,0.7334,3.2643,197.7
CELL-22,2026-09-20,thick,59254,4.498,0.5277,2.5031,148.32
CELL-22,2026-09-21,thick,47375,3.856,0.6128,2.5386,120.27
CELL-22,2026-09-22,thick,45477,3.783,0.6651,2.7358,124.42
CELL-22,2026-09-23,thick,59936,4.108,0.5824,2.5662,153.81
CELL-22,2026-09-24,thick,59355,4.751,0.5224,2.6485,157.2
CELL-22,2026-09-25,thick,67990,4.055,0.6817,3.0108,204.7
CELL-22,2026-09-26,thick,58164,5.343,0.4163,2.3257,135.27
CELL-22,2026-09-27,thick,55660,5.668,0.2985,1.7465,97.21
CELL-23,2026-04-01,thick,339855,1.034,0.8283,1.095,372.14
CELL-23,2026-04-02,thick,362733,1.393,0.665,1.0413,377.73
CELL-23,2026-04-03,thick,366723,1.393,0.6765,1.0652,390.63
CELL-23,2026-04-04,thick,363933,1.6,0.5541,0.9524,346.62
CELL-23,2026-04-05,thick,336574,1.614,0.5798,1.0085,339.42
CELL-23,2026-04-06,thick,258341,2.047,0.3361,0.7153,184.8
CELL-23,2026-04-07,thick,274861,2.047,0.3263,0.6913,190.01
CELL-23,2026-04-08,thick,347354,1.674,0.5628,1.0211,354.7
CELL-23,2026-04-09,thick,373555,1.674,0.5941,1.0826,404.43
CELL-23,2026-04-10,thick,361854,1.53,0.6407,1.0876,393.54
CELL-23,2026-04-11,thick,359668,1.628,0.5518,0.9654,347.21
CELL-23,2026-04-12,thick,304762,1.77,0.4887,0.9168,279.41
CELL-23,2026-04-13,thick,261622,1.813,0.4762,0.9094,237.93
CELL-23,2026-04-14,thick,248733,1.907,0.3922,0.7764,193.13
CELL-23,2026-04-15,thick,344953,1.81,0.4959,0.9524,328.54
CELL-23,2026-04-16,thick,375614,2.172,0.3236,0.7253,272.44
CELL-23,2026-04-17,thick,361552,2.135,0.3854,0.8602,311.02
CELL-23,2026-04-18,thick,337367,2.055,0.2542,0.5303,178.92
CELL-23,2026-04-19,thick,337225,2.058,0.4393,0.9536,321.57
CELL-23,2026-04-20,thick,270096,2.008,0.4052,0.8509,229.82
CELL-23,2026-04-21,thick,245937,1.961,0.3753,0.7586,186.58
CELL-23,2026-04-22,thick,355129,1.912,0.2258,0.4406,156.46
CELL-23,2026-04-23,thick,355046,1.475,0.403,0.6239,221.52
CELL-23,2026-04-24,thick,382064,1.62,0.4247,0.7206,275.31
CELL-23,2026-04-25,thick,374936,1.874,0.3443,0.6665,249.9
CELL-23,2026-04-26,thick,355980,2.259,0.2179,0.4979,177.24
CELL-23,2026-04-27,thick,283041,2.259,0.1876,0.4312,122.05
CELL-23,2026-04-28,thick,258435,2.259,0.113,0.2574,66.52
CELL-23,2026-04-29,thick,379836,1.89,0.2533,0.4869,184.96
CELL-23,2026-04-30,thick,351252,1.642,0.4399,0.7588,266.52
CELL-23,2026-05-01,thick,382348,1.767,0.4482,0.8301,317.38
CELL-23,2026-05-02,thick,386490,1.767,0.346,0.6281,242.76
CELL-23,2026-05-03,thick,362993,1.835,0.2766,0.5188,188.33
CELL-23,2026-05-04,thick,263632,1.517,0.3917,0.6167,162.59
CELL-23,2026-05-05,thick,267393,1.706,0.3558,0.6284,168.04
CELL-23,2026-05-06,thick,356551,1.572,0.4777,0.7926,282.61
CELL-23,2026-05-07,thick,386867,1.514,0.5401,0.8799,340.41
CELL-23,2026-05-08,thick,359612,1.505,0.4772,0.7587,272.84
CELL-23,2026-05-09,thick,366461,1.449,0.5128,0.793,290.59
CELL-23,2026-05-10,thick,356626,1.449,0.485,0.7437,265.22
CELL-23,2026-05-11,thick,302154,1.433,0.4373,0.6532,197.37
CELL-23,2026-05-12,thick,272981,1.433,0.4676,0.7051,192.48
CELL-23,2026-05-13,thick,396491,1.206,0.5957,0.7826,310.29
CELL-23,2026-05-14,thick,355022,1.409,0.5651,0.861,305.66
CELL-23,2026-05-15,thick,363097,1.444,0.5814,0.9125,331.32
CELL-23,2026-05-16,thick,336445,1.627,0.4465,0.7655,257.55
CELL-23,2026-05-17,thick,335346,1.799,0.3083,0.5703,191.24
CELL-23,2026-05-18,thick,289754,1.836,0.2309,0.431,124.89
CELL-23,2026-05-19,thick,246593,1.423,0.4635,0.6942,171.19
CELL-23,2026-05-20,thick,345184,1.466,0.4984,0.7766,268.08
CELL-23,2026-05-21,thick,360517,1.387,0.4734,0.692,249.47
CELL-23,2026-05-22,thick,387022,1.446,0.519,0.7998,309.54
CELL-23,2026-05-23,thick,347767,1.604,0.4389,0.7406,257.55
CELL-23,2026-05-24,thick,347436,1.632,0.4154,0.7058,245.23
CELL-23,2026-05-25,thick,271956,1.696,0.3265,0.5706,155.17
CELL-23,2026-05-26,thick,277466,1.786,0.3454,0.6367,176.67
CELL-23,2026-05-27,thick,342870,1.72,0.4002,0.7171,245.86
CELL-23,2026-05-28,thick,372915,1.616,0.4722,0.8102,302.14
CELL-23,2026-05-29,thick,343885,1.739,0.3699,0.6705,230.56
CELL-23,2026-05-30,thick,360251,1.672,0.3923,0.6848,246.71
CELL-23,2026-05-31,thick,322181,1.815,0.3634,0.686,221.02
CELL-23,2026-06-01,thick,284613,1.792,0.3209,0.5931,168.81
CELL-23,2026-06-02,thick,264680,1.804,0.3099,0.5703,150.96
CELL-23,2026-06-03,thick,312982,1.48,0.5759,0.9227,288.78
CELL-23,2026-06-04,thick,358237,1.808,0.4006,0.7505,268.85
CELL-23,2026-06-05,thick,338103,2.294,0.2383,0.5541,187.33
CELL-23,2026-06-06,thick,396783,2.212,0.2769,0.6269,248.75
CELL-23,2026-06-07,thick,329462,2.231,0.2271,0.5137,169.26
CELL-23,2026-06-08,thick,299892,2.133,0.2411,0.525,157.46
CELL-23,2026-06-09,thick,277419,2.036,0.1783,0.3672,101.86
CELL-23,2026-06-10,thick,336611,1.522,0.4746,0.7603,255.92
CELL-23,2026-06-11,thick,365823,1.522,0.48,0.7727,282.67
CELL-23,2026-06-12,thick,379483,1.719,0.3543,0.6294,238.85
CELL-23,2026-06-13,thick,386778,1.719,0.4066,0.7301,282.41
CELL-23,2026-06-14,thick,340243,1.973,0.3603,0.7377,251.01
CELL-23,2026-06-15,thick,282954,1.974,0.3316,0.6764,191.39
CELL-23,2026-06-16,thick,271418,1.678,0.4516,0.7988,216.8
CELL-23,2026-06-17,thick,331434,1.787,0.4184,0.7843,259.94
CELL-23,2026-06-18,thick,351021,2.023,0.4359,0.9249,324.65
CELL-23,2026-06-19,thick,335899,2.023,0.4219,0.8892,298.67
CELL-23,2026-06-20,thick,371986,2.178,0.3002,0.6722,250.05
CELL-23,2026-06-21,thick,347631,2.029,0.2943,0.6109,212.37
CELL-23,2026-06-22,thick,290112,1.665,0.5161,0.9093,263.79
CELL-23,2026-06-23,thick,257639,1.75,0.3294,0.589,151.76
CELL-23,2026-06-24,thick,333956,1.771,0.3651,0.6683,223.18
CELL-23,2026-06-25,thick,375000,1.766,0.4262,0.7886,295.73
CELL-23,2026-06-26,thick,337101,1.987,0.2776,0.5636,189.99
CELL-23,2026-06-27,thick,347525,1.441,0.536,0.8267,287.28
CELL-23,2026-06-28,thick,315514,1.488,0.4404,0.6862,216.5
CELL-23,2026-06-29,thick,287109,1.361,0.517,0.7474,214.58
CELL-23,2026-06-30,thick,271427,1.477,0.4023,0.6179,167.72
CELL-23,2026-07-01,thick,362625,1.5,0.4107,0.6435,233.35
CELL-23,2026-07-02,thick,361555,1.5,0.4858,0.7703,278.5
CELL-23,2026-07-03,thick,381817,1.5,0.3882,0.6065,231.55
CELL-23,2026-07-04,thick,348010,1.841,0.3151,0.592,206.03
CELL-23,2026-07-05,thick,336262,2.033,0.2098,0.4332,145.67
CELL-23,2026-07-06,thick,273867,2.113,0.1857,0.3981,109.03
CELL-23,2026-07-07,thick,253964,1.78,0.3117,0.5675,144.13
CELL-23,2026-07-08,thick,345830,1.958,0.2462,0.4931,170.52
CELL-23,2026-07-09,thick,375057,1.572,0.4728,0.7824,293.46
CELL-23,2026-07-10,thick,348398,1.685,0.5212,0.94,327.48
CELL-23,2026-07-11,thick,325460,1.608,0.5379,0.9338,303.9
CELL-23,2026-07-12,thick,308493,1.52,0.5127,0.83,256.04
CELL-23,2026-07-13,thick,275342,1.52,0.4325,0.6878,189.37
CELL-23,2026-07-14,thick,269954,1.508,0.4203,0.6645,179.38
CELL-23,2026-07-15,thick,372801,1.199,0.638,0.849,316.51
CELL-23,2026-07-16,thick,378046,1.148,0.6479,0.8276,312.86
CELL-23,2026-07-17,thick,381441,1.49,0.4382,0.6857,261.57
CELL-23,2026-07-18,thick,330206,1.36,0.4386,0.6257,206.61
CELL-23,2026-07-19,thick,348366,1.36,0.5228,0.7629,265.78
CELL-23,2026-07-20,thick,276013,1.228,0.6274,0.8506,234.78
CELL-23,2026-07-21,thick,246946,1.152,0.8074,1.153,284.72
CELL-23,2026-07-22,thick,368087,1.461,0.6839,1.1326,416.91
CELL-23,2026-07-23,thick,348969,1.461,0.7422,1.2763,445.4
CELL-23,2026-07-24,thick,356143,1.741,0.6805,1.3455,479.2
CELL-23,2026-07-25,thick,374678,2.239,0.2017,0.4521,169.38
CELL-23,2026-07-26,thick,323928,1.937,0.3154,0.631,204.41
CELL-23,2026-07-27,thick,250348,1.937,0.2912,0.5827,145.89
CELL-23,2026-07-28,thick,265178,1.726,0.3432,0.6126,162.44
CELL-23,2026-07-29,thick,358689,1.708,0.3348,0.589,211.26
CELL-23,2026-07-30,thick,372762,1.827,0.2831,0.5279,196.8
CELL-23,2026-07-31,thick,349341,1.827,0.3144,0.5845,204.18
CELL-23,2026-08-01,thick,341578,2.009,0.2257,0.4584,156.57
CELL-23,2026-08-02,thick,330104,1.727,0.3334,0.5977,197.3
CELL-23,2026-08-03,thick,305998,1.565,0.6202,1.0669,326.48
CELL-23,2026-08-04,thick,281229,1.606,0.5935,1.0379,291.9
CELL-23,2026-08-05,thick,364249,1.829,0.3203,0.6025,219.47
CELL-23,2026-08-06,thick,354572,1.895,0.3311,0.6474,229.55
CELL-23,2026-08-07,thick,375162,1.694,0.3804,0.6727,252.35
CELL-23,2026-08-08,thick,349652,1.775,0.3805,0.7012,245.18
CELL-23,2026-08-09,thick,343571,1.804,0.3295,0.6131,210.65
CELL-23,2026-08-10,thick,271526,1.684,0.3579,0.6211,168.63
CELL-23,2026-08-11,thick,262373,1.527,0.3943,0.6264,164.36
CELL-23,2026-08-12,thick,370281,1.701,0.3704,0.6561,242.94
CELL-23,2026-08-13,thick,362597,1.692,0.4224,0.7456,270.34
CELL-23,2026-08-14,thick,345453,1.686,0.4735,0.8459,292.23
CELL-23,2026-08-15,thick,341855,1.553,0.5299,0.8785,300.33
CELL-23,2026-08-16,thick,323240,1.856,0.3144,0.5986,193.5
CELL-23,2026-08-17,thick,285716,1.856,0.2992,0.5665,161.85
CELL-23,2026-08-18,thick,279550,1.659,0.3665,0.6283,175.63
CELL-23,2026-08-19,thick,332296,1.591,0.4034,0.6679,221.95
CELL-23,2026-08-20,thick,368702,1.557,0.3831,0.6206,228.82
CELL-23,2026-08-21,thick,326000,1.557,0.4258,0.6952,226.64
CELL-23,2026-08-22,thick,362471,1.547,0.4336,0.7016,254.33
CELL-23,2026-08-23,thick,334272,1.474,0.4407,0.6856,229.18
CELL-23,2026-08-24,thick,292189,1.534,0.4079,0.6522,190.56
CELL-23,2026-08-25,thick,263764,1.291,0.6201,0.8887,234.41
CELL-23,2026-08-26,thick,338430,1.291,0.6277,0.8921,301.9
CELL-23,2026-08-27,thick,363249,1.413,0.5479,0.8315,302.05
CELL-23,2026-08-28,thick,364929,1.269,0.8231,1.3171,480.65
CELL-23,2026-08-29,thick,347930,1.512,0.6755,1.1515,400.64
CELL-23,2026-08-30,thick,360158,1.647,0.4,0.6849,246.68
CELL-23,2026-08-31,thick,294685,1.472,0.487,0.7569,223.04
CELL-23,2026-09-01,thick,248737,1.418,0.5256,0.7924,197.1
CELL-23,2026-09-02,thick,326032,1.658,0.4097,0.7076,230.71
CELL-23,2026-09-03,thick,388262,1.795,0.317,0.5867,227.78
CELL-23,2026-09-04,thick,397410,1.697,0.3397,0.5901,234.5
CELL-23,2026-09-05,thick,323328,1.931,0.2287,0.448,144.84
CELL-23,2026-09-06,thick,322639,1.931,0.1972,0.3862,124.6
CELL-23,2026-09-07,thick,312097,1.931,0.235,0.4635,144.67
CELL-23,2026-09-08,thick,248494,1.931,0.249,0.486,120.76
CELL-23,2026-09-09,thick,376982,1.853,0.3414,0.6502,245.13
CELL-23,2026-09-10,thick,355387,1.819,0.4054,0.7708,273.95
CELL-23,2026-09-11,thick,372099,1.741,0.4118,0.7456,277.44
CELL-23,2026-09-12,thick,364932,1.743,0.3602,0.6476,236.34
CELL-23,2026-09-13,thick,331211,1.457,0.4383,0.6666,220.8
CELL-23,2026-09-14,thick,278143,1.442,0.4254,0.6419,178.53
CELL-23,2026-09-15,thick,259569,1.541,0.3975,0.6394,165.97
CELL-23,2026-09-16,thick,336315,1.541,0.4244,0.6843,230.15
CELL-23,2026-09-17,thick,361885,1.487,0.5169,0.8217,297.37
CELL-23,2026-09-18,thick,340007,1.55,0.5376,0.8918,303.22
CELL-23,2026-09-19,thick,367769,1.711,0.3877,0.6928,254.79
CELL-23,2026-09-20,thick,351196,1.711,0.3478,0.6145,215.81
CELL-23,2026-09-21,thick,290578,1.503,0.4148,0.6515,189.3
CELL-23,2026-09-22,thick,247112,1.531,0.3704,0.5865,144.92
CELL-23,2026-09-23,thick,345818,1.545,0.4678,0.7613,263.27
CELL-23,2026-09-24,thick,372956,1.545,0.5077,0.8376,312.39
CELL-23,2026-09-25,thick,357171,1.545,0.4097,0.6596,235.59
CELL-23,2026-09-26,thick,343526,1.706,0.2882,0.5017,172.35
CELL-23,2026-09-27,thick,328003,1.605,0.3671,0.6096,199.95
CELL-24,2026-04-01,mid,1550,0.914,0.9966,1.9306,2.99
CELL-24,2026-04-02,mid,1901,1.131,0.9848,1.9714,3.75
CELL-24,2026-04-03,mid,1879,1.131,0.9886,1.8951,3.56
CELL-24,2026-04-04,mid,1642,1.385,0.9511,1.8583,3.05
CELL-24,2026-04-05,mid,1871,1.417,0.9536,1.9522,3.65
CELL-24,2026-04-06,mid,1369,1.417,0.8918,1.6267,2.23
CELL-24,2026-04-07,mid,1300,1.47,0.9125,1.7129,2.23
CELL-24,2026-04-08,mid,1738,1.614,0.8818,1.7638,3.07
CELL-24,2026-04-09,mid,1965,1.55,0.8967,1.8317,3.6
CELL-24,2026-04-10,mid,1747,1.62,0.854,1.721,3.01
CELL-24,2026-04-11,mid,1877,1.592,0.8978,1.8332,3.44
CELL-24,2026-04-12,mid,1884,2.011,0.7309,1.6811,3.17
CELL-24,2026-04-13,mid,1456,2.011,0.7179,1.6161,2.35
CELL-24,2026-04-14,mid,1364,2.161,0.6361,1.5105,2.06
CELL-24,2026-04-15,mid,1782,2.473,0.5108,1.3275,2.37
CELL-24,2026-04-16,mid,1697,2.473,0.5579,1.4824,2.52
CELL-24,2026-04-17,mid,1868,2.376,0.7576,2.0526,3.83
CELL-24,2026-04-18,mid,1775,2.552,0.6799,1.9011,3.38
CELL-24,2026-04-19,mid,1653,3.046,0.1722,0.5306,0.88
CELL-24,2026-04-20,mid,1438,2.695,0.4081,1.1177,1.61
CELL-24,2026-04-21,mid,1371,2.579,0.3554,0.96,1.32
CELL-24,2026-04-22,mid,1862,2.319,0.5165,1.2896,2.4
CELL-24,2026-04-23,mid,1977,2.374,0.5596,1.3886,2.75
CELL-24,2026-04-24,mid,2011,2.627,0.547,1.5412,3.1
CELL-24,2026-04-25,mid,1895,2.97,0.3747,1.1933,2.26
CELL-24,2026-04-26,mid,1856,2.688,0.3896,1.0731,1.99
CELL-24,2026-04-27,mid,1490,2.476,0.5631,1.5688,2.34
CELL-24,2026-04-28,mid,1400,2.728,0.4314,1.2283,1.72
CELL-24,2026-04-29,mid,1965,2.91,0.5347,1.6026,3.15
CELL-24,2026-04-30,mid,1905,3.196,0.4657,1.5336,2.92
CELL-24,2026-05-01,mid,1773,3.196,0.4788,1.5408,2.73
CELL-24,2026-05-02,mid,1941,2.94,0.469,1.4344,2.79
CELL-24,2026-05-03,mid,1819,2.94,0.3924,1.2379,2.25
CELL-24,2026-05-04,mid,1357,2.5,0.4987,1.4692,1.99
CELL-24,2026-05-05,mid,1268,2.5,0.5972,1.5787,2.0
CELL-24,2026-05-06,mid,1853,2.5,0.5934,1.5703,2.91
CELL-24,2026-05-07,mid,1827,2.13,0.7421,1.8105,3.31
CELL-24,2026-05-08,mid,1967,1.986,0.7901,1.882,3.7
CELL-24,2026-05-09,mid,1916,2.041,0.6711,1.5578,2.99
CELL-24,2026-05-10,mid,1963,2.041,0.6871,1.5807,3.1
CELL-24,2026-05-11,mid,1421,2.174,0.6384,1.459,2.07
CELL-24,2026-05-12,mid,1413,2.025,0.7735,1.7825,2.52
CELL-24,2026-05-13,mid,1754,2.385,0.6179,1.5914,2.79
CELL-24,2026-05-14,mid,1852,2.154,0.6037,1.4614,2.71
CELL-24,2026-05-15,mid,1880,2.236,0.6048,1.4486,2.72
CELL-24,2026-05-16,mid,1884,2.188,0.6408,1.5701,2.96
CELL-24,2026-05-17,mid,1742,2.153,0.6529,1.4629,2.55
CELL-24,2026-05-18,mid,1376,2.33,0.5825,1.4939,2.06
CELL-24,2026-05-19,mid,1382,2.484,0.4992,1.2775,1.77
CELL-24,2026-05-20,mid,1773,1.938,0.7273,1.6141,2.86
CELL-24,2026-05-21,mid,1915,1.938,0.7371,1.6304,3.12
CELL-24,2026-05-22,mid,1960,1.872,0.8026,1.8001,3.53
CELL-24,2026-05-23,mid,1647,1.872,0.7254,1.6184,2.67
CELL-24,2026-05-24,mid,1636,2.053,0.6933,1.5934,2.61
CELL-24,2026-05-25,mid,1377,2.162,0.6361,1.5211,2.1
CELL-24,2026-05-26,mid,1253,2.112,0.6189,1.299,1.63
CELL-24,2026-05-27,mid,1834,2.071,0.7148,1.6946,3.11
CELL-24,2026-05-28,mid,1839,2.047,0.8155,2.0133,3.7
CELL-24,2026-05-29,mid,1838,2.436,0.6481,1.6734,3.08
CELL-24,2026-05-30,mid,1883,2.752,0.4731,1.4082,2.65
CELL-24,2026-05-31,mid,1777,3.098,0.4053,1.3164,2.34
CELL-24,2026-06-01,mid,1515,3.218,0.2997,0.9704,1.47
CELL-24,2026-06-02,mid,1270,2.698,0.4625,1.3253,1.68
CELL-24,2026-06-03,mid,1822,2.616,0.5099,1.4963,2.73
CELL-24,2026-06-04,mid,1996,2.674,0.55,1.537,3.07
CELL-24,2026-06-05,mid,1829,2.338,0.7315,1.9846,3.63
CELL-24,2026-06-06,mid,1730,2.469,0.6428,1.7807,3.08
CELL-24,2026-06-07,mid,1628,2.199,0.8131,2.0899,3.4
CELL-24,2026-06-08,mid,1378,2.736,0.4658,1.3305,1.83
CELL-24,2026-06-09,mid,1349,2.543,0.483,1.3348,1.8
CELL-24,2026-06-10,mid,1784,2.543,0.5517,1.4604,2.61
CELL-24,2026-06-11,mid,1931,2.224,0.7472,1.8163,3.51
CELL-24,2026-06-12,mid,1758,2.224,0.8017,2.0475,3.6
CELL-24,2026-06-13,mid,1728,2.694,0.518,1.493,2.58
CELL-24,2026-06-14,mid,1547,3.547,0.3193,1.1029,1.71
CELL-24,2026-06-15,mid,1447,3.547,0.2567,0.9478,1.37
CELL-24,2026-06-16,mid,1263,3.547,0.2745,1.0199,1.29
CELL-24,2026-06-17,mid,1723,2.518,0.5546,1.5036,2.59
CELL-24,2026-06-18,mid,1940,2.309,0.6103,1.5596,3.03
CELL-24,2026-06-19,mid,1895,2.264,0.6197,1.4918,2.83
CELL-24,2026-06-20,mid,1910,2.135,0.2528,0.5394,1.03
CELL-24,2026-06-21,mid,1654,2.114,0.243,0.5319,0.88
CELL-24,2026-06-22,mid,1462,1.77,0.3493,0.6127,0.9
CELL-24,2026-06-23,mid,1349,1.574,0.5242,0.8453,1.14
CELL-24,2026-06-24,mid,1870,1.532,0.6304,1.0583,1.98
CELL-24,2026-06-25,mid,1990,1.33,0.484,0.7707,1.53
CELL-24,2026-06-26,mid,1998,1.312,0.8507,1.3115,2.62
CELL-24,2026-06-27,mid,1899,1.67,0.5611,1.0527,2.0
CELL-24,2026-06-28,mid,1736,1.588,0.5008,0.8148,1.42
CELL-24,2026-06-29,mid,1526,1.588,0.4324,0.6851,1.05
CELL-24,2026-06-30,mid,1437,1.447,0.49,0.746,1.07
CELL-24,2026-07-01,mid,1681,1.447,0.4918,0.7386,1.24
CELL-24,2026-07-02,mid,1923,1.311,0.6599,0.9833,1.89
CELL-24,2026-07-03,mid,1832,1.39,0.6639,0.9935,1.82
CELL-24,2026-07-04,mid,1912,1.426,0.5104,0.7808,1.49
CELL-24,2026-07-05,mid,1743,1.21,0.7441,1.0278,1.79
CELL-24,2026-07-06,mid,1451,1.257,0.7344,1.0597,1.54
CELL-24,2026-07-07,mid,1339,1.358,0.5416,0.7976,1.07
CELL-24,2026-07-08,mid,1840,1.393,0.585,0.8626,1.59
CELL-24,2026-07-09,mid,1881,1.574,0.5825,0.9896,1.86
CELL-24,2026-07-10,mid,2054,1.433,0.6415,0.9335,1.92
CELL-24,2026-07-11,mid,1774,1.284,0.6779,0.9615,1.71
CELL-24,2026-07-12,mid,1814,1.284,0.6967,0.9878,1.79
CELL-24,2026-07-13,mid,1473,1.458,0.5562,0.8822,1.3
CELL-24,2026-07-14,mid,1407,1.458,0.5413,0.7801,1.1
CELL-24,2026-07-15,mid,1827,1.228,0.7627,1.0622,1.94
CELL-24,2026-07-16,mid,1866,1.543,0.5374,0.8594,1.6
CELL-24,2026-07-17,mid,2095,1.436,0.6646,1.0943,2.29
CELL-24,2026-07-18,mid,1880,1.436,0.6228,0.9993,1.88
CELL-24,2026-07-19,mid,1597,1.216,0.7641,1.0444,1.67
CELL-24,2026-07-20,mid,1428,1.13,0.7639,0.9896,1.41
CELL-24,2026-07-21,mid,1507,1.359,0.6311,0.9101,1.37
CELL-24,2026-07-22,mid,1850,1.483,0.5749,0.9071,1.68
CELL-24,2026-07-23,mid,2035,1.857,0.3384,0.649,1.32
CELL-24,2026-07-24,mid,1854,1.641,0.5367,0.925,1.72
CELL-24,2026-07-25,mid,1927,1.49,0.5787,0.9054,1.75
CELL-24,2026-07-26,mid,1739,1.428,0.6204,0.941,1.64
CELL-24,2026-07-27,mid,1565,1.578,0.397,0.6353,0.99
CELL-24,2026-07-28,mid,1263,1.466,0.4647,0.7229,0.91
CELL-24,2026-07-29,mid,1999,1.46,0.5484,0.8835,1.77
CELL-24,2026-07-30,mid,1903,1.47,0.6563,1.0434,1.99
CELL-24,2026-07-31,mid,1863,1.504,0.5422,0.8145,1.52
CELL-24,2026-08-01,mid,1739,1.504,0.6055,1.0231,1.78
CELL-24,2026-08-02,mid,1621,1.307,0.6633,0.9974,1.62
CELL-24,2026-08-03,mid,1335,1.387,0.5578,0.8221,1.1
CELL-24,2026-08-04,mid,1448,1.254,0.6977,0.9604,1.39
CELL-24,2026-08-05,mid,1704,1.464,0.5816,0.9993,1.7
CELL-24,2026-08-06,mid,1902,1.464,0.5853,0.9016,1.71
CELL-24,2026-08-07,mid,1817,1.456,0.6095,0.9471,1.72
CELL-24,2026-08-08,mid,1793,1.519,0.5457,0.8147,1.46
CELL-24,2026-08-09,mid,1658,1.297,0.6866,0.9205,1.53
CELL-24,2026-08-10,mid,1452,1.37,0.5415,0.8213,1.19
CELL-24,2026-08-11,mid,1269,1.425,0.5428,0.7794,0.99
CELL-24,2026-08-12,mid,1740,1.425,0.6787,1.1068,1.93
CELL-24,2026-08-13,mid,1885,1.594,0.642,1.1087,2.09
CELL-24,2026-08-14,mid,1954,1.497,0.6902,1.1352,2.22
CELL-24,2026-08-15,mid,1761,1.749,0.5084,0.9644,1.7
CELL-24,2026-08-16,mid,1935,1.749,0.4392,0.8348,1.62
CELL-24,2026-08-17,mid,1365,1.633,0.5035,0.8169,1.12
CELL-24,2026-08-18,mid,1399,1.784,0.3959,0.6731,0.94
CELL-24,2026-08-19,mid,1775,1.901,0.1469,0.3031,0.54
CELL-24,2026-08-20,mid,1992,1.451,0.7128,1.1041,2.2
CELL-24,2026-08-21,mid,1840,1.57,0.6495,1.1406,2.1
CELL-24,2026-08-22,mid,1858,1.57,0.6433,1.0437,1.94
CELL-24,2026-08-23,mid,1708,1.606,0.6098,1.0206,1.74
CELL-24,2026-08-24,mid,1317,1.759,0.4698,0.8702,1.15
CELL-24,2026-08-25,mid,1335,1.683,0.4418,0.804,1.07
CELL-24,2026-08-26,mid,1774,1.683,0.4767,0.8351,1.48
CELL-24,2026-08-27,mid,1923,1.383,0.6748,0.9927,1.91
CELL-24,2026-08-28,mid,1995,1.544,0.5107,0.8228,1.64
CELL-24,2026-08-29,mid,1796,1.674,0.4687,0.8337,1.5
CELL-24,2026-08-30,mid,1795,1.844,0.3135,0.5656,1.02
CELL-24,2026-08-31,mid,1553,1.606,0.3794,0.6437,1.0
CELL-24,2026-09-01,mid,1448,1.594,0.4674,0.7711,1.12
CELL-24,2026-09-02,mid,1732,1.71,0.3641,0.6368,1.1
CELL-24,2026-09-03,mid,1845,1.501,0.5695,0.9455,1.74
CELL-24,2026-09-04,mid,1902,1.452,0.5917,0.8861,1.69
CELL-24,2026-09-05,mid,1794,1.31,0.664,0.9769,1.75
CELL-24,2026-09-06,mid,1649,1.245,0.8931,1.4034,2.31
CELL-24,2026-09-07,mid,1524,1.65,0.654,1.1524,1.76
CELL-24,2026-09-08,mid,1347,1.65,0.3585,0.6162,0.83
CELL-24,2026-09-09,mid,1756,1.65,0.3913,0.6333,1.11
CELL-24,2026-09-10,mid,2046,1.65,0.4288,0.7445,1.52
CELL-24,2026-09-11,mid,1829,1.507,0.5265,0.8177,1.5
CELL-24,2026-09-12,mid,1727,1.337,0.6722,0.9526,1.65
CELL-24,2026-09-13,mid,1844,1.382,0.5683,0.782,1.44
CELL-24,2026-09-14,mid,1558,1.363,0.5605,0.8136,1.27
CELL-24,2026-09-15,mid,1273,1.502,0.4501,0.7256,0.92
CELL-24,2026-09-16,mid,1695,1.39,0.6043,0.9174,1.56
CELL-24,2026-09-17,mid,1994,1.611,0.4188,0.7539,1.5
CELL-24,2026-09-18,mid,2032,1.431,0.6499,0.9751,1.98
CELL-24,2026-09-19,mid,1851,1.486,0.5992,0.9927,1.84
CELL-24,2026-09-20,mid,1740,1.368,0.6726,1.0337,1.8
CELL-24,2026-09-21,mid,1433,1.226,0.7226,0.9777,1.4
CELL-24,2026-09-22,mid,1433,1.226,0.6742,0.9042,1.3
CELL-24,2026-09-23,mid,2008,1.11,0.8113,1.076,2.16
CELL-24,2026-09-24,mid,1777,1.389,0.6387,0.9778,1.74
CELL-24,2026-09-25,mid,1791,1.426,0.694,1.0805,1.94
CELL-24,2026-09-26,mid,1880,1.426,0.6342,1.0227,1.92
CELL-24,2026-09-27,mid,1627,1.559,0.4676,0.7031,1.14
CELL-25,2026-04-01,thick,162297,0.204,0.9998,0.5439,88.27
CELL-25,2026-04-02,thick,183209,0.258,0.9994,0.5186,95.02
CELL-25,2026-04-03,thick,181734,0.267,0.9994,0.5598,101.74
CELL-25,2026-04-04,thick,158473,0.341,0.9861,0.5255,83.27
CELL-25,2026-04-05,thick,156024,0.436,0.9369,0.5227,81.56
CELL-25,2026-04-06,thick,120140,0.435,0.9297,0.5111,61.4
CELL-25,2026-04-07,thick,115813,0.467,0.9158,0.5259,60.9
CELL-25,2026-04-08,thick,170047,0.576,0.8142,0.5349,90.96
CELL-25,2026-04-09,thick,158615,0.624,0.7117,0.4837,76.72
CELL-25,2026-04-10,thick,163436,0.714,0.5969,0.4519,73.85
CELL-25,2026-04-11,thick,157650,0.714,0.8931,0.7713,121.6
CELL-25,2026-04-12,thick,154737,0.753,0.4111,0.3216,49.76
CELL-25,2026-04-13,thick,125879,0.593,0.7453,0.4885,61.5
CELL-25,2026-04-14,thick,121131,0.523,0.8509,0.5194,62.92
CELL-25,2026-04-15,thick,162971,0.523,0.8455,0.5119,83.43
CELL-25,2026-04-16,thick,176566,0.639,0.6832,0.4731,83.54
CELL-25,2026-04-17,thick,172564,0.599,0.7865,0.5316,91.73
CELL-25,2026-04-18,thick,164242,0.599,0.8284,0.5716,93.89
CELL-25,2026-04-19,thick,150756,0.635,0.7605,0.537,80.95
CELL-25,2026-04-20,thick,123010,0.636,0.7055,0.4869,59.9
CELL-25,2026-04-21,thick,128508,0.642,0.613,0.4182,53.74
CELL-25,2026-04-22,thick,166296,0.672,0.6274,0.451,74.99
CELL-25,2026-04-23,thick,167503,0.616,0.7974,0.5594,93.7
CELL-25,2026-04-24,thick,173879,0.596,0.8306,0.5709,99.27
CELL-25,2026-04-25,thick,157733,0.768,0.5731,0.465,73.35
CELL-25,2026-04-26,thick,156091,0.797,0.4308,0.355,55.42
CELL-25,2026-04-27,thick,138752,0.656,0.7562,0.5489,76.16
CELL-25,2026-04-28,thick,112970,0.656,0.6443,0.4527,51.14
CELL-25,2026-04-29,thick,163528,0.605,0.8533,0.6015,98.36
CELL-25,2026-04-30,thick,184528,0.605,0.8139,0.5638,104.04
CELL-25,2026-05-01,thick,172608,0.638,0.7813,0.561,96.83
CELL-25,2026-05-02,thick,168338,0.623,0.807,0.5697,95.91
CELL-25,2026-05-03,thick,159281,0.623,0.9608,0.8167,130.08
CELL-25,2026-05-04,thick,127285,0.74,0.8272,0.7019,89.34
CELL-25,2026-05-05,thick,115841,0.861,0.6322,0.5767,66.8
CELL-25,2026-05-06,thick,153595,0.829,0.4082,0.3499,53.74
CELL-25,2026-05-07,thick,174957,0.855,0.3296,0.2867,50.17
CELL-25,2026-05-08,thick,171444,0.752,0.6034,0.4791,82.14
CELL-25,2026-05-09,thick,157400,0.748,0.5839,0.4604,72.46
CELL-25,2026-05-10,thick,161919,0.638,0.6551,0.4465,72.29
CELL-25,2026-05-11,thick,127455,0.616,0.6479,0.4281,54.56
CELL-25,2026-05-12,thick,118295,0.619,0.6918,0.4642,54.91
CELL-25,2026-05-13,thick,175561,0.619,0.6969,0.4678,82.12
CELL-25,2026-05-14,thick,159489,0.609,0.6384,0.4177,66.62
CELL-25,2026-05-15,thick,162173,0.715,0.3734,0.2708,43.92
CELL-25,2026-05-16,thick,163040,0.591,0.6454,0.4092,66.72
CELL-25,2026-05-17,thick,148459,0.657,0.4918,0.335,49.73
CELL-25,2026-05-18,thick,127400,0.634,0.5351,0.3535,45.04
CELL-25,2026-05-19,thick,131810,0.585,0.6541,0.4107,54.13
CELL-25,2026-05-20,thick,163038,0.548,0.8311,0.5263,85.81
CELL-25,2026-05-21,thick,181592,0.692,0.5298,0.3823,69.42
CELL-25,2026-05-22,thick,181455,0.724,0.4792,0.3595,65.24
CELL-25,2026-05-23,thick,150884,0.608,0.6733,0.4412,66.57
CELL-25,2026-05-24,thick,145740,0.618,0.673,0.4491,65.45
CELL-25,2026-05-25,thick,128308,0.685,0.5287,0.3786,48.58
CELL-25,2026-05-26,thick,121302,0.791,0.2956,0.2387,28.95
CELL-25,2026-05-27,thick,168342,0.791,0.361,0.2899,48.81
CELL-25,2026-05-28,thick,187350,0.791,0.3447,0.2778,52.05
CELL-25,2026-05-29,thick,165503,0.766,0.3976,0.3122,51.66
CELL-25,2026-05-30,thick,167864,0.74,0.4477,0.3423,57.46
CELL-25,2026-05-31,thick,170346,0.772,0.4205,0.3319,56.53
CELL-25,2026-06-01,thick,124029,0.827,0.3251,0.2747,34.07
CELL-25,2026-06-02,thick,120213,0.741,0.4306,0.3267,39.28
CELL-25,2026-06-03,thick,173869,0.635,0.6558,0.4474,77.79
CELL-25,2026-06-04,thick,160780,0.57,0.7503,0.4753,76.42
CELL-25,2026-06-05,thick,178660,0.664,0.5833,0.4083,72.94
CELL-25,2026-06-06,thick,166674,0.668,0.5418,0.3768,62.81
CELL-25,2026-06-07,thick,153855,0.62,0.6264,0.4135,63.61
CELL-25,2026-06-08,thick,120802,0.583,0.6422,0.401,48.44
CELL-25,2026-06-09,thick,124071,0.529,0.7941,0.4749,58.93
CELL-25,2026-06-10,thick,163793,0.66,0.6178,0.4341,71.11
CELL-25,2026-06-11,thick,175164,0.635,0.6115,0.4134,72.41
CELL-25,2026-06-12,thick,173178,0.669,0.5568,0.39,67.54
CELL-25,2026-06-13,thick,159109,0.655,0.5966,0.4113,65.44
CELL-25,2026-06-14,thick,145878,0.681,0.5634,0.4043,58.98
CELL-25,2026-06-15,thick,123465,0.674,0.5236,0.3708,45.79
CELL-25,2026-06-16,thick,110230,0.647,0.5465,0.3693,40.7
CELL-25,2026-06-17,thick,169010,0.693,0.5232,0.3788,64.03
CELL-25,2026-06-18,thick,183067,0.599,0.717,0.4687,85.8
CELL-25,2026-06-19,thick,175926,0.739,0.5315,0.4084,71.85
CELL-25,2026-06-20,thick,159147,0.732,0.332,0.2478,39.44
CELL-25,2026-06-21,thick,159428,0.732,0.2742,0.2012,32.08
CELL-25,2026-06-22,thick,124670,0.749,0.2491,0.1875,23.37
CELL-25,2026-06-23,thick,120140,0.539,0.6474,0.3749,45.04
CELL-25,2026-06-24,thick,166733,0.64,0.424,0.2759,46.0
CELL-25,2026-06-25,thick,156614,0.583,0.7339,0.4719,73.91
CELL-25,2026-06-26,thick,162311,0.59,0.9367,0.7121,115.58
CELL-25,2026-06-27,thick,179049,0.684,0.502,0.3565,63.84
CELL-25,2026-06-28,thick,162229,0.669,0.5674,0.3987,64.69
CELL-25,2026-06-29,thick,128019,0.604,0.6837,0.4469,57.21
CELL-25,2026-06-30,thick,121725,0.604,0.7087,0.4662,56.74
CELL-25,2026-07-01,thick,155832,0.677,0.4895,0.3409,53.13
CELL-25,2026-07-02,thick,171560,0.607,0.7323,0.4913,84.29
CELL-25,2026-07-03,thick,160333,0.603,0.7404,0.4926,78.98
CELL-25,2026-07-04,thick,165795,0.642,0.5379,0.3598,59.66
CELL-25,2026-07-05,thick,161799,0.654,0.5881,0.4042,65.39
CELL-25,2026-07-06,thick,123746,0.789,0.2508,0.1988,24.6
CELL-25,2026-07-07,thick,122215,0.723,0.3885,0.289,35.32
CELL-25,2026-07-08,thick,151844,0.66,0.5696,0.395,59.98
CELL-25,2026-07-09,thick,171471,0.656,0.6231,0.4379,75.09
CELL-25,2026-07-10,thick,189068,0.632,0.6797,0.4655,88.01
CELL-25,2026-07-11,thick,158337,0.632,0.7653,0.5377,85.13
CELL-25,2026-07-12,thick,157264,0.635,0.7242,0.5031,79.11
CELL-25,2026-07-13,thick,135426,0.658,0.6559,0.4619,62.55
CELL-25,2026-07-14,thick,115711,0.658,0.5082,0.3484,40.32
CELL-25,2026-07-15,thick,161864,0.61,0.6881,0.4498,72.8
CELL-25,2026-07-16,thick,179516,0.662,0.7145,0.5154,92.53
CELL-25,2026-07-17,thick,164814,0.693,0.7134,0.5384,88.73
CELL-25,2026-07-18,thick,170472,0.693,0.6841,0.5107,87.06
CELL-25,2026-07-19,thick,171819,0.694,0.6087,0.4484,77.05
CELL-25,2026-07-20,thick,120375,0.693,0.5082,0.368,44.3
CELL-25,2026-07-21,thick,135394,0.85,0.3184,0.2745,37.16
CELL-25,2026-07-22,thick,176542,0.713,0.5406,0.402,70.97
CELL-25,2026-07-23,thick,167276,0.57,0.8396,0.5531,92.52
CELL-25,2026-07-24,thick,172472,0.607,0.8495,0.6007,103.6
CELL-25,2026-07-25,thick,160102,0.607,0.7228,0.4797,76.8
CELL-25,2026-07-26,thick,160044,0.607,0.6414,0.4172,66.77
CELL-25,2026-07-27,thick,131259,0.563,0.777,0.49,64.32
CELL-25,2026-07-28,thick,124821,0.585,0.6592,0.4149,51.79
CELL-25,2026-07-29,thick,154429,0.623,0.7138,0.4844,74.81
CELL-25,2026-07-30,thick,169817,0.683,0.6639,0.4875,82.79
CELL-25,2026-07-31,thick,164514,0.683,0.6418,0.4696,77.26
CELL-25,2026-08-01,thick,167882,0.711,0.5915,0.4426,74.31
CELL-25,2026-08-02,thick,145881,0.711,0.519,0.3847,56.12
CELL-25,2026-08-03,thick,132505,0.677,0.5317,0.3748,49.67
CELL-25,2026-08-04,thick,114700,0.645,0.6394,0.4387,50.31
CELL-25,2026-08-05,thick,180740,0.645,0.6519,0.4501,81.34
CELL-25,2026-08-06,thick,182865,0.712,0.6537,0.4976,91.0
CELL-25,2026-08-07,thick,166489,0.83,0.4392,0.3761,62.61
CELL-25,2026-08-08,thick,172623,0.715,0.614,0.4678,80.75
CELL-25,2026-08-09,thick,164310,0.764,0.4539,0.3583,58.88
CELL-25,2026-08-10,thick,136882,0.764,0.3467,0.2676,36.63
CELL-25,2026-08-11,thick,136042,0.729,0.3417,0.2553,34.74
CELL-25,2026-08-12,thick,156472,0.567,0.8472,0.5612,87.81
CELL-25,2026-08-13,thick,167228,0.651,0.7082,0.5024,84.01
CELL-25,2026-08-14,thick,176296,0.65,0.6835,0.4792,84.49
CELL-25,2026-08-15,thick,176690,0.767,0.5505,0.4399,77.73
CELL-25,2026-08-16,thick,154211,0.664,0.651,0.4633,71.45
CELL-25,2026-08-17,thick,132898,0.7,0.5246,0.3812,50.66
CELL-25,2026-08-18,thick,129516,0.762,0.3273,0.2543,32.93
CELL-25,2026-08-19,thick,148213,0.643,0.6494,0.4458,66.08
CELL-25,2026-08-20,thick,164913,0.683,0.6637,0.4863,80.2
CELL-25,2026-08-21,thick,176071,0.661,0.6958,0.4985,87.78
CELL-25,2026-08-22,thick,155936,0.785,0.5187,0.4227,65.91
CELL-25,2026-08-23,thick,154780,0.663,0.6585,0.4694,72.66
CELL-25,2026-08-24,thick,138351,0.616,0.7053,0.4746,65.66
CELL-25,2026-08-25,thick,116392,0.658,0.6348,0.4437,51.64
CELL-25,2026-08-26,thick,165596,0.658,0.5541,0.3818,63.22
CELL-25,2026-08-27,thick,169248,0.605,0.6756,0.4417,74.77
CELL-25,2026-08-28,thick,182215,0.522,0.8968,0.5668,103.29
CELL-25,2026-08-29,thick,162044,0.539,0.8558,0.5401,87.52
CELL-25,2026-08-30,thick,153232,0.564,0.7006,0.4306,65.99
CELL-25,2026-08-31,thick,135866,0.573,0.6986,0.433,58.83
CELL-25,2026-09-01,thick,114305,0.567,0.6868,0.4215,48.19
CELL-25,2026-09-02,thick,155831,0.567,0.7683,0.4862,75.77
CELL-25,2026-09-03,thick,163764,0.544,0.8419,0.5307,86.91
CELL-25,2026-09-04,thick,180954,0.692,0.684,0.5109,92.46
CELL-25,2026-09-05,thick,159406,0.692,0.7325,0.5544,88.37
CELL-25,2026-09-06,thick,151667,0.644,0.7271,0.5143,78.01
CELL-25,2026-09-07,thick,129535,0.667,0.5857,0.412,53.37
CELL-25,2026-09-08,thick,123287,0.678,0.5394,0.3835,47.28
CELL-25,2026-09-09,thick,170947,0.678,0.529,0.3741,63.94
CELL-25,2026-09-10,thick,182335,0.661,0.5827,0.4083,74.46
CELL-25,2026-09-11,thick,175729,0.599,0.7163,0.4691,82.44
CELL-25,2026-09-12,thick,172185,0.638,0.784,0.5632,96.97
CELL-25,2026-09-13,thick,148421,0.638,0.694,0.483,71.69
CELL-25,2026-09-14,thick,126551,0.638,0.9897,1.0084,127.62
CELL-25,2026-09-15,thick,124838,0.638,0.9924,1.0378,129.56
CELL-25,2026-09-16,thick,160515,0.839,0.6847,0.6212,99.71
CELL-25,2026-09-17,thick,167716,0.938,0.4943,0.4817,80.79
CELL-25,2026-09-18,thick,177477,1.003,0.4648,0.4827,85.66
CELL-25,2026-09-19,thick,161453,0.97,0.5543,0.5628,90.87
CELL-25,2026-09-20,thick,158871,1.219,0.2581,0.3186,50.62
CELL-25,2026-09-21,thick,136660,0.987,0.362,0.3645,49.81
CELL-25,2026-09-22,thick,115295,0.775,0.6485,0.5375,61.97
CELL-25,2026-09-23,thick,164586,0.747,0.8009,0.6792,111.78
CELL-25,2026-09-24,thick,164389,0.747,0.8014,0.6786,111.56
CELL-25,2026-09-25,thick,183636,0.677,0.8504,0.671,123.22
CELL-25,2026-09-26,thick,152186,0.832,0.6346,0.5619,85.52
CELL-25,2026-09-27,thick,157641,0.768,0.7817,0.6735,106.18
CELL-26,2026-04-01,thick,145287,0.42,0.988,0.9059,131.61
CELL-26,2026-04-02,thick,127493,0.624,0.9147,0.8382,106.86
CELL-26,2026-04-03,thick,123245,0.887,0.7336,0.7832,96.53
CELL-26,2026-04-04,thick,134978,0.958,0.6417,0.7053,95.2
CELL-26,2026-04-05,thick,117659,0.958,0.6712,0.7463,87.8
CELL-26,2026-04-06,thick,111373,1.083,0.5191,0.6146,68.45
CELL-26,2026-04-07,thick,91963,0.933,0.6411,0.6844,62.94
CELL-26,2026-04-08,thick,117341,1.033,0.5242,0.5943,69.74
CELL-26,2026-04-09,thick,128379,1.127,0.5676,0.7122,91.43
CELL-26,2026-04-10,thick,127035,1.127,0.6283,0.8044,102.19
CELL-26,2026-04-11,thick,125123,1.204,0.5663,0.7613,95.25
CELL-26,2026-04-12,thick,122144,1.233,0.5654,0.7862,96.03
CELL-26,2026-04-13,thick,103392,1.474,0.4052,0.6347,65.62
CELL-26,2026-04-14,thick,104374,1.4,0.4295,0.6394,66.74
CELL-26,2026-04-15,thick,130744,1.332,0.4621,0.6646,86.9
CELL-26,2026-04-16,thick,151589,1.23,0.4863,0.6467,98.04
CELL-26,2026-04-17,thick,138836,1.24,0.5023,0.6799,94.4
CELL-26,2026-04-18,thick,135607,1.24,0.433,0.573,77.7
CELL-26,2026-04-19,thick,115760,1.24,0.4454,0.5899,68.28
CELL-26,2026-04-20,thick,101792,1.0,0.5325,0.5868,59.74
CELL-26,2026-04-21,thick,97447,0.892,0.638,0.6541,63.74
CELL-26,2026-04-22,thick,131540,1.088,0.4793,0.5666,74.53
CELL-26,2026-04-23,thick,131529,1.26,0.4199,0.5668,74.55
CELL-26,2026-04-24,thick,125458,1.238,0.4354,0.5726,71.84
CELL-26,2026-04-25,thick,127588,1.166,0.4096,0.5085,64.87
CELL-26,2026-04-26,thick,133000,1.151,0.405,0.4921,65.45
CELL-26,2026-04-27,thick,103945,0.949,0.5546,0.586,60.91
CELL-26,2026-04-28,thick,93957,1.022,0.5394,0.6094,57.26
CELL-26,2026-04-29,thick,118937,0.974,0.568,0.6177,73.47
CELL-26,2026-04-30,thick,118618,0.974,0.5562,0.6025,71.47
CELL-26,2026-05-01,thick,134183,0.883,0.6619,0.6775,90.91
CELL-26,2026-05-02,thick,129245,0.883,0.6476,0.66,85.3
CELL-26,2026-05-03,thick,122286,0.822,0.6473,0.6178,75.55
CELL-26,2026-05-04,thick,102583,0.942,0.8148,0.9845,100.99
CELL-26,2026-05-05,thick,93057,1.114,0.4343,0.5143,47.86
CELL-26,2026-05-06,thick,126368,0.95,0.6187,0.6745,85.23
CELL-26,2026-05-07,thick,141508,1.014,0.6009,0.6884,97.42
CELL-26,2026-05-08,thick,130959,1.035,0.5334,0.6092,79.78
CELL-26,2026-05-09,thick,131686,1.035,0.5093,0.574,75.59
CELL-26,2026-05-10,thick,131619,1.035,0.4415,0.4902,64.52
CELL-26,2026-05-11,thick,110985,0.937,0.5093,0.5233,58.08
CELL-26,2026-05-12,thick,101240,0.909,0.5266,0.5246,53.11
CELL-26,2026-05-13,thick,133470,0.808,0.6902,0.6588,87.93
CELL-26,2026-05-14,thick,133374,0.808,0.717,0.6938,92.53
CELL-26,2026-05-15,thick,127143,0.949,0.6986,0.7849,99.8
CELL-26,2026-05-16,thick,134045,0.965,0.5988,0.646,86.59
CELL-26,2026-05-17,thick,119455,0.963,0.592,0.6386,76.28
CELL-26,2026-05-18,thick,103744,0.89,0.6138,0.6195,64.27
CELL-26,2026-05-19,thick,96543,0.89,0.5344,0.5232,50.51
CELL-26,2026-05-20,thick,132279,1.011,0.51,0.5601,74.08
CELL-26,2026-05-21,thick,127332,1.089,0.5145,0.62,78.95
CELL-26,2026-05-22,thick,130690,1.089,0.497,0.59,77.1
CELL-26,2026-05-23,thick,130777,0.887,0.6439,0.6538,85.5
CELL-26,2026-05-24,thick,122412,0.771,0.7609,0.7246,88.7
CELL-26,2026-05-25,thick,99603,0.926,0.5784,0.5996,59.72
CELL-26,2026-05-26,thick,92433,0.996,0.4535,0.4873,45.04
CELL-26,2026-05-27,thick,120415,0.902,0.6015,0.6166,74.25
CELL-26,2026-05-28,thick,136562,0.902,0.6103,0.6222,84.97
CELL-26,2026-05-29,thick,148659,0.969,0.5886,0.636,94.55
CELL-26,2026-05-30,thick,135328,1.046,0.5276,0.6035,81.67
CELL-26,2026-05-31,thick,127881,0.921,0.6329,0.6633,84.82
CELL-26,2026-06-01,thick,109748,1.131,0.4152,0.4956,54.39
CELL-26,2026-06-02,thick,88185,1.131,0.4149,0.4986,43.97
CELL-26,2026-06-03,thick,130305,1.131,0.4338,0.5226,68.1
CELL-26,2026-06-04,thick,132035,0.958,0.5561,0.5925,78.23
CELL-26,2026-06-05,thick,126830,0.958,0.5631,0.6029,76.46
CELL-26,2026-06-06,thick,129363,0.958,0.5759,0.6157,79.65
CELL-26,2026-06-07,thick,120601,1.114,0.4598,0.5495,66.27
CELL-26,2026-06-08,thick,112675,0.983,0.5799,0.6399,72.1
CELL-26,2026-06-09,thick,94995,1.017,0.5519,0.6215,59.04
CELL-26,2026-06-10,thick,135541,0.924,0.6526,0.6922,93.83
CELL-26,2026-06-11,thick,137264,0.956,0.6266,0.6884,94.49
CELL-26,2026-06-12,thick,147220,1.069,0.6068,0.7356,108.29
CELL-26,2026-06-13,thick,138234,0.982,0.6683,0.7699,106.43
CELL-26,2026-06-14,thick,132844,0.963,0.6818,0.7657,101.72
CELL-26,2026-06-15,thick,109888,1.166,0.4446,0.5541,60.89
CELL-26,2026-06-16,thick,103294,1.217,0.3808,0.4959,51.23
CELL-26,2026-06-17,thick,133537,1.217,0.3703,0.4733,63.2
CELL-26,2026-06-18,thick,144347,1.248,0.4172,0.5502,79.42
CELL-26,2026-06-19,thick,132915,1.125,0.5415,0.6696,89.01
CELL-26,2026-06-20,thick,127939,1.107,0.474,0.5702,72.96
CELL-26,2026-06-21,thick,118617,0.99,0.5728,0.6348,75.29
CELL-26,2026-06-22,thick,108231,0.837,0.6147,0.5836,63.16
CELL-26,2026-06-23,thick,98056,0.892,0.7563,0.8227,80.67
CELL-26,2026-06-24,thick,128658,0.761,0.7242,0.6599,84.91
CELL-26,2026-06-25,thick,131303,0.752,0.7335,0.6651,87.33
CELL-26,2026-06-26,thick,133876,0.681,0.7902,0.6716,89.92
CELL-26,2026-06-27,thick,125515,0.741,0.7585,0.6882,86.38
CELL-26,2026-06-28,thick,119610,0.8,0.6949,0.6606,79.01
CELL-26,2026-06-29,thick,104123,0.897,0.586,0.5901,61.45
CELL-26,2026-06-30,thick,96622,0.952,0.5159,0.5338,51.58
CELL-26,2026-07-01,thick,129034,1.054,0.427,0.4798,61.91
CELL-26,2026-07-02,thick,146556,0.9,0.5786,0.5806,85.09
CELL-26,2026-07-03,thick,128198,0.9,0.6121,0.6222,79.77
CELL-26,2026-07-04,thick,132225,1.19,0.3729,0.4651,61.5
CELL-26,2026-07-05,thick,115243,1.245,0.32,0.4166,48.02
CELL-26,2026-07-06,thick,102427,1.124,0.4498,0.5421,55.53
CELL-26,2026-07-07,thick,95246,1.201,0.3602,0.4504,42.9
CELL-26,2026-07-08,thick,140677,0.883,0.6308,0.6378,89.72
CELL-26,2026-07-09,thick,130531,0.756,0.807,0.7777,101.51
CELL-26,2026-07-10,thick,138394,0.756,0.8206,0.8025,111.07
CELL-26,2026-07-11,thick,126129,0.756,0.8134,0.7854,99.06
CELL-26,2026-07-12,thick,121787,0.889,0.6135,0.6212,75.65
CELL-26,2026-07-13,thick,97787,0.799,0.4228,0.3975,38.87
CELL-26,2026-07-14,thick,91808,0.799,0.6522,0.604,55.46
CELL-26,2026-07-15,thick,130675,0.801,0.7273,0.6998,91.45
CELL-26,2026-07-16,thick,133657,0.818,0.6906,0.6658,88.98
CELL-26,2026-07-17,thick,143141,1.06,0.5004,0.5792,82.91
CELL-26,2026-07-18,thick,122164,1.199,0.4584,0.5891,71.97
CELL-26,2026-07-19,thick,123107,1.071,0.5178,0.6124,75.4
CELL-26,2026-07-20,thick,103799,1.071,0.4572,0.5284,54.84
CELL-26,2026-07-21,thick,98263,1.012,0.5212,0.5813,57.12
CELL-26,2026-07-22,thick,126585,1.144,0.4811,0.596,75.45
CELL-26,2026-07-23,thick,141686,1.204,0.4039,0.5142,72.86
CELL-26,2026-07-24,thick,138321,1.233,0.4226,0.555,76.76
CELL-26,2026-07-25,thick,155926,1.135,0.5062,0.6259,97.59
CELL-26,2026-07-26,thick,122617,1.263,0.3736,0.4982,61.09
CELL-26,2026-07-27,thick,108416,1.178,0.6603,0.9049,98.11
CELL-26,2026-07-28,thick,88594,1.372,0.3481,0.4937,43.74
CELL-26,2026-07-29,thick,136629,1.06,0.463,0.528,72.14
CELL-26,2026-07-30,thick,133155,0.92,0.6631,0.706,94.01
CELL-26,2026-07-31,thick,143101,0.92,0.6588,0.7035,100.67
CELL-26,2026-08-01,thick,112752,1.059,0.5167,0.5987,67.5
CELL-26,2026-08-02,thick,120982,1.126,0.4909,0.5919,71.6
CELL-26,2026-08-03,thick,105026,1.114,0.4627,0.5515,57.93
CELL-26,2026-08-04,thick,90904,1.175,0.4714,0.5944,54.04
CELL-26,2026-08-05,thick,134071,0.942,0.6657,0.7304,97.93
CELL-26,2026-08-06,thick,128503,1.002,0.5924,0.6697,86.06
CELL-26,2026-08-07,thick,135104,1.092,0.4578,0.5355,72.35
CELL-26,2026-08-08,thick,134791,1.026,0.5155,0.5824,78.51
CELL-26,2026-08-09,thick,119711,1.109,0.4435,0.5254,62.89
CELL-26,2026-08-10,thick,97795,1.161,0.3942,0.4866,47.59
CELL-26,2026-08-11,thick,102493,1.218,0.4283,0.5537,56.75
CELL-26,2026-08-12,thick,124396,1.218,0.4533,0.5935,73.83
CELL-26,2026-08-13,thick,125889,1.458,0.3606,0.5518,69.46
CELL-26,2026-08-14,thick,142179,1.347,0.3951,0.562,79.9
CELL-26,2026-08-15,thick,130903,1.271,0.4101,0.5562,72.8
CELL-26,2026-08-16,thick,115764,1.251,0.4048,0.5381,62.29
CELL-26,2026-08-17,thick,101174,1.197,0.3706,0.4675,47.29
CELL-26,2026-08-18,thick,97314,1.053,0.4309,0.4868,47.38
CELL-26,2026-08-19,thick,118712,0.985,0.5812,0.6431,76.34
CELL-26,2026-08-20,thick,145382,0.933,0.6147,0.6515,94.72
CELL-26,2026-08-21,thick,130843,1.031,0.5549,0.6378,83.46
CELL-26,2026-08-22,thick,135059,0.968,0.6235,0.6916,93.4
CELL-26,2026-08-23,thick,122329,0.964,0.6593,0.7393,90.44
CELL-26,2026-08-24,thick,105562,0.909,0.5876,0.5997,63.3
CELL-26,2026-08-25,thick,91151,0.876,0.6148,0.6115,55.74
CELL-26,2026-08-26,thick,129892,0.93,0.4342,0.4308,55.95
CELL-26,2026-08-27,thick,134394,0.824,0.5799,0.537,72.17
CELL-26,2026-08-28,thick,122225,0.798,0.7461,0.7237,88.46
CELL-26,2026-08-29,thick,118755,0.938,0.5959,0.6308,74.92
CELL-26,2026-08-30,thick,130227,1.089,0.448,0.5251,68.38
CELL-26,2026-08-31,thick,100106,1.036,0.5102,0.577,57.76
CELL-26,2026-09-01,thick,92489,0.833,0.6238,0.5922,54.77
CELL-26,2026-09-02,thick,132309,1.005,0.5314,0.587,77.67
CELL-26,2026-09-03,thick,130675,0.965,0.633,0.7069,92.37
CELL-26,2026-09-04,thick,138117,1.142,0.5066,0.6349,87.69
CELL-26,2026-09-05,thick,135822,1.196,0.4522,0.5784,78.56
CELL-26,2026-09-06,thick,134515,1.027,0.5472,0.6206,83.48
CELL-26,2026-09-07,thick,96442,1.057,0.5712,0.6741,65.02
CELL-26,2026-09-08,thick,95800,1.057,0.5012,0.58,55.57
CELL-26,2026-09-09,thick,132426,1.057,0.5207,0.6019,79.7
CELL-26,2026-09-10,thick,129036,1.05,0.6045,0.7164,92.44
CELL-26,2026-09-11,thick,135608,0.977,0.6449,0.7285,98.79
CELL-26,2026-09-12,thick,116241,0.977,0.6102,0.6744,78.39
CELL-26,2026-09-13,thick,110587,0.889,0.6454,0.6625,73.26
CELL-26,2026-09-14,thick,102813,0.889,0.6629,0.684,70.32
CELL-26,2026-09-15,thick,95029,1.022,0.4932,0.5463,51.91
CELL-26,2026-09-16,thick,128910,0.92,0.5817,0.6003,77.38
CELL-26,2026-09-17,thick,131013,0.884,0.6002,0.6031,79.01
CELL-26,2026-09-18,thick,132812,0.926,0.6353,0.6725,89.32
CELL-26,2026-09-19,thick,117731,1.065,0.5972,0.7176,84.49
CELL-26,2026-09-20,thick,123526,1.065,0.5461,0.6395,79.0
CELL-26,2026-09-21,thick,105898,1.071,0.5189,0.6067,64.25
CELL-26,2026-09-22,thick,99818,0.994,0.5523,0.608,60.69
CELL-26,2026-09-23,thick,133466,0.93,0.6461,0.6909,92.21
CELL-26,2026-09-24,thick,123584,1.002,0.5672,0.6328,78.21
CELL-26,2026-09-25,thick,130380,0.996,0.6316,0.718,93.61
CELL-26,2026-09-26,thick,137319,1.141,0.482,0.5966,81.92
CELL-26,2026-09-27,thick,127173,1.141,0.4544,0.5618,71.45
CELL-27,2026-04-01,thin,717,3.719,0.796,3.2672,2.34
CELL-27,2026-04-02,thin,668,3.723,0.8629,3.6308,2.43
CELL-27,2026-04-03,thin,700,4.997,0.5252,2.5995,1.82
CELL-27,2026-04-04,thin,691,4.639,0.6164,2.8334,1.96
CELL-27,2026-04-05,thin,626,4.015,0.7954,3.6766,2.3
CELL-27,2026-04-06,thin,514,3.705,0.7452,3.143,1.62
CELL-27,2026-04-07,thin,511,4.263,0.6609,3.135,1.6
CELL-27,2026-04-08,thin,703,4.082,0.306,1.429,1.0
CELL-27,2026-04-09,thin,723,3.464,0.8539,3.2814,2.38
CELL-27,2026-04-10,thin,746,3.186,0.9411,3.9078,2.92
CELL-27,2026-04-11,thin,670,3.834,0.8561,3.7779,2.53
CELL-27,2026-04-12,thin,610,4.117,0.9366,5.2882,3.23
CELL-27,2026-04-13,thin,567,4.753,0.8844,4.9869,2.83
CELL-27,2026-04-14,thin,543,4.596,0.6872,3.3255,1.81
CELL-27,2026-04-15,thin,693,4.327,0.692,3.2488,2.25
CELL-27,2026-04-16,thin,669,4.327,0.6978,3.2882,2.2
CELL-27,2026-04-17,thin,703,4.327,0.7422,3.5362,2.49
CELL-27,2026-04-18,thin,686,5.48,0.3463,2.028,1.39
CELL-27,2026-04-19,thin,668,4.248,0.6621,3.0587,2.04
CELL-27,2026-04-20,thin,541,4.414,0.6676,3.2377,1.75
CELL-27,2026-04-21,thin,495,4.651,0.5066,2.6168,1.3
CELL-27,2026-04-22,thin,684,4.548,0.4734,2.335,1.6
CELL-27,2026-04-23,thin,737,3.825,0.7932,3.3907,2.5
CELL-27,2026-04-24,thin,778,4.669,0.5806,2.976,2.32
CELL-27,2026-04-25,thin,682,4.669,0.5933,2.8104,1.92
CELL-27,2026-04-26,thin,598,4.142,0.5908,2.8828,1.73
CELL-27,2026-04-27,thin,592,4.142,0.5052,2.3673,1.4
CELL-27,2026-04-28,thin,529,3.698,0.5775,2.1804,1.15
CELL-27,2026-04-29,thin,710,2.97,0.8316,2.8168,2.0
CELL-27,2026-04-30,thin,742,3.931,0.6172,2.6353,1.96
CELL-27,2026-05-01,thin,771,3.394,0.78,3.0213,2.33
CELL-27,2026-05-02,thin,711,3.394,0.8364,3.3042,2.35
CELL-27,2026-05-03,thin,635,3.646,0.7182,2.8126,1.79
CELL-27,2026-05-04,thin,517,4.332,0.4573,2.2501,1.16
CELL-27,2026-05-05,thin,550,3.561,0.7027,2.6339,1.45
CELL-27,2026-05-06,thin,648,3.778,0.7242,3.1484,2.04
CELL-27,2026-05-07,thin,723,3.927,0.7481,3.0683,2.22
CELL-27,2026-05-08,thin,684,4.1,0.6883,3.1694,2.17
CELL-27,2026-05-09,thin,737,4.167,0.7892,3.5965,2.65
CELL-27,2026-05-10,thin,667,4.964,0.4895,2.5898,1.73
CELL-27,2026-05-11,thin,540,4.471,0.61,2.8465,1.54
CELL-27,2026-05-12,thin,503,4.471,0.6516,3.508,1.77
CELL-27,2026-05-13,thin,664,4.471,0.7211,3.5133,2.34
CELL-27,2026-05-14,thin,704,5.408,0.4455,2.4035,1.69
CELL-27,2026-05-15,thin,731,4.571,0.5887,2.8657,2.1
CELL-27,2026-05-16,thin,722,3.848,0.7321,3.2063,2.32
CELL-27,2026-05-17,thin,655,3.767,0.7688,3.0711,2.01
CELL-27,2026-05-18,thin,513,3.034,0.925,3.4941,1.79
CELL-27,2026-05-19,thin,512,3.034,0.9279,3.502,1.79
CELL-27,2026-05-20,thin,691,3.283,0.9278,3.8118,2.63
CELL-27,2026-05-21,thin,687,3.913,0.869,4.0765,2.8
CELL-27,2026-05-22,thin,742,4.436,0.6988,3.6536,2.71
CELL-27,2026-05-23,thin,672,4.87,0.5519,3.0099,2.02
CELL-27,2026-05-24,thin,626,5.202,0.3608,1.9309,1.21
CELL-27,2026-05-25,thin,552,4.659,0.5241,2.62,1.45
CELL-27,2026-05-26,thin,518,3.138,0.934,3.745,1.94
CELL-27,2026-05-27,thin,745,3.654,0.8517,3.6217,2.7
CELL-27,2026-05-28,thin,710,4.225,0.7553,3.5871,2.55
CELL-27,2026-05-29,thin,708,4.252,0.6971,3.2448,2.3
CELL-27,2026-05-30,thin,709,4.501,0.5203,2.5309,1.8
CELL-27,2026-05-31,thin,692,4.907,0.4446,2.3064,1.6
CELL-27,2026-06-01,thin,614,4.397,0.5431,2.6866,1.65
CELL-27,2026-06-02,thin,482,4.196,0.6088,2.7002,1.3
CELL-27,2026-06-03,thin,655,4.326,0.6077,2.8225,1.85
CELL-27,2026-06-04,thin,672,4.326,0.6043,3.2221,2.17
CELL-27,2026-06-05,thin,717,4.326,0.6069,2.6869,1.93
CELL-27,2026-06-06,thin,735,4.497,0.6621,3.3481,2.46
CELL-27,2026-06-07,thin,699,4.347,0.6873,3.1335,2.19
CELL-27,2026-06-08,thin,514,4.746,0.8589,4.7217,2.43
CELL-27,2026-06-09,thin,523,6.002,0.6643,4.2261,2.21
CELL-27,2026-06-10,thin,737,5.768,0.2588,1.7185,1.27
CELL-27,2026-06-11,thin,787,5.369,0.4192,2.1925,1.73
CELL-27,2026-06-12,thin,655,4.947,0.4451,2.3875,1.57
CELL-27,2026-06-13,thin,635,4.765,0.5526,3.1029,1.97
CELL-27,2026-06-14,thin,630,4.277,0.6291,3.1266,1.97
CELL-27,2026-06-15,thin,559,4.106,0.6855,3.0113,1.69
CELL-27,2026-06-16,thin,511,3.829,0.7447,3.1775,1.63
CELL-27,2026-06-17,thin,688,3.829,0.736,3.1391,2.16
CELL-27,2026-06-18,thin,805,3.964,0.7706,3.3627,2.71
CELL-27,2026-06-19,thin,738,4.383,0.3774,1.8507,1.37
CELL-27,2026-06-20,thin,639,3.73,0.8346,3.6641,2.34
CELL-27,2026-06-21,thin,633,3.73,0.7588,3.096,1.96
CELL-27,2026-06-22,thin,547,3.623,0.6794,2.9037,1.59
CELL-27,2026-06-23,thin,459,3.623,0.7879,3.5217,1.62
CELL-27,2026-06-24,thin,650,3.718,0.8237,3.5664,2.32
CELL-27,2026-06-25,thin,704,4.656,0.5438,2.6689,1.88
CELL-27,2026-06-26,thin,713,4.807,0.4437,2.1924,1.56
CELL-27,2026-06-27,thin,645,4.807,0.4704,2.3245,1.5
CELL-27,2026-06-28,thin,624,4.584,0.6466,3.2136,2.01
CELL-27,2026-06-29,thin,541,4.948,0.5783,2.7916,1.51
CELL-27,2026-06-30,thin,513,4.398,0.654,3.4273,1.76
CELL-27,2026-07-01,thin,704,4.929,0.6381,3.2096,2.26
CELL-27,2026-07-02,thin,704,5.644,0.4636,2.6843,1.89
CELL-27,2026-07-03,thin,723,4.544,0.6129,2.9962,2.17
CELL-27,2026-07-04,thin,646,4.544,0.5616,2.9505,1.91
CELL-27,2026-07-05,thin,655,4.872,0.3968,1.7366,1.14
CELL-27,2026-07-06,thin,549,4.872,0.3914,1.9912,1.09
CELL-27,2026-07-07,thin,559,4.872,0.4093,2.2056,1.23
CELL-27,2026-07-08,thin,685,4.332,0.6305,2.6295,1.8
CELL-27,2026-07-09,thin,741,4.59,0.4473,2.1154,1.57
CELL-27,2026-07-10,thin,720,4.904,0.5267,2.6965,1.94
CELL-27,2026-07-11,thin,717,4.567,0.6157,3.0758,2.21
CELL-27,2026-07-12,thin,680,4.515,0.6457,3.0268,2.06
CELL-27,2026-07-13,thin,545,4.279,0.6971,3.2623,1.78
CELL-27,2026-07-14,thin,452,4.639,0.6259,3.262,1.47
CELL-27,2026-07-15,thin,632,5.373,0.429,2.1822,1.38
CELL-27,2026-07-16,thin,747,4.427,0.6436,2.9477,2.2
CELL-27,2026-07-17,thin,765,4.287,0.6833,3.0754,2.35
CELL-27,2026-07-18,thin,645,4.141,0.7031,3.1144,2.01
CELL-27,2026-07-19,thin,611,3.701,0.8355,3.418,2.09
CELL-27,2026-07-20,thin,552,3.256,0.8659,3.2176,1.78
CELL-27,2026-07-21,thin,515,3.502,0.809,3.4044,1.76
CELL-27,2026-07-22,thin,666,3.693,0.7567,3.363,2.24
CELL-27,2026-07-23,thin,718,4.668,0.5731,2.9762,2.14
CELL-27,2026-07-24,thin,713,3.912,0.7472,3.3895,2.42
CELL-27,2026-07-25,thin,648,4.44,0.6315,3.0091,1.95
CELL-27,2026-07-26,thin,645,4.998,0.4437,2.573,1.66
CELL-27,2026-07-27,thin,555,4.727,0.3697,2.0933,1.16
CELL-27,2026-07-28,thin,500,4.727,0.459,2.2898,1.15
CELL-27,2026-07-29,thin,734,4.727,0.5139,2.6499,1.95
CELL-27,2026-07-30,thin,728,4.971,0.4917,2.3139,1.69
CELL-27,2026-07-31,thin,695,3.842,0.7543,3.3065,2.3
CELL-27,2026-08-01,thin,668,3.539,0.7982,3.0834,2.06
CELL-27,2026-08-02,thin,685,3.891,0.7204,2.9107,2.0
CELL-27,2026-08-03,thin,571,4.593,0.4697,2.2464,1.28
CELL-27,2026-08-04,thin,483,4.098,0.7243,3.383,1.64
CELL-27,2026-08-05,thin,614,4.123,0.7593,3.3901,2.08
CELL-27,2026-08-06,thin,701,4.334,0.6092,2.9165,2.05
CELL-27,2026-08-07,thin,708,3.984,0.732,3.2281,2.29
CELL-27,2026-08-08,thin,694,3.965,0.7058,2.9884,2.08
CELL-27,2026-08-09,thin,651,3.455,0.8347,3.2978,2.15
CELL-27,2026-08-10,thin,517,3.594,0.3403,1.3553,0.7
CELL-27,2026-08-11,thin,512,3.588,0.8569,3.3535,1.72
CELL-27,2026-08-12,thin,682,4.027,0.759,3.3228,2.27
CELL-27,2026-08-13,thin,725,4.204,0.6853,3.2399,2.35
CELL-27,2026-08-14,thin,749,4.342,0.7041,3.2229,2.42
CELL-27,2026-08-15,thin,717,4.652,0.5345,2.7359,1.96
CELL-27,2026-08-16,thin,655,4.652,0.6023,2.6715,1.75
CELL-27,2026-08-17,thin,555,5.129,0.3616,2.0647,1.15
CELL-27,2026-08-18,thin,546,5.02,0.4828,2.4612,1.35
CELL-27,2026-08-19,thin,691,5.02,0.5072,2.5514,1.76
CELL-27,2026-08-20,thin,678,4.627,0.5842,3.1094,2.11
CELL-27,2026-08-21,thin,729,4.335,0.704,3.0955,2.26
CELL-27,2026-08-22,thin,663,4.335,0.632,2.9537,1.96
CELL-27,2026-08-23,thin,604,4.394,0.5711,2.5041,1.51
CELL-27,2026-08-24,thin,498,4.16,0.5104,2.3638,1.18
CELL-27,2026-08-25,thin,516,3.565,0.7605,2.8557,1.48
CELL-27,2026-08-26,thin,685,3.896,0.6197,2.6958,1.85
CELL-27,2026-08-27,thin,734,3.432,0.8225,3.2767,2.41
CELL-27,2026-08-28,thin,741,3.293,0.8711,3.3365,2.47
CELL-27,2026-08-29,thin,664,3.557,0.857,3.4629,2.3
CELL-27,2026-08-30,thin,577,3.557,0.801,3.2019,1.85
CELL-27,2026-08-31,thin,543,3.785,0.7086,2.68,1.46
CELL-27,2026-09-01,thin,497,4.732,0.5258,2.5858,1.29
CELL-27,2026-09-02,thin,723,4.732,0.5355,2.4927,1.8
CELL-27,2026-09-03,thin,671,4.115,0.7828,3.647,2.45
CELL-27,2026-09-04,thin,735,4.286,0.7632,3.7156,2.73
CELL-27,2026-09-05,thin,714,5.301,0.521,2.7795,1.99
CELL-27,2026-09-06,thin,630,4.255,0.6563,2.7928,1.76
CELL-27,2026-09-07,thin,491,3.916,0.5897,2.4771,1.22
CELL-27,2026-09-08,thin,510,3.648,0.7907,2.9673,1.51
CELL-27,2026-09-09,thin,685,4.409,0.5387,2.504,1.72
CELL-27,2026-09-10,thin,692,4.409,0.6477,3.2154,2.23
CELL-27,2026-09-11,thin,655,4.822,0.4866,2.6099,1.71
CELL-27,2026-09-12,thin,702,3.591,0.7514,3.1171,2.19
CELL-27,2026-09-13,thin,604,3.01,0.901,3.1719,1.92
CELL-27,2026-09-14,thin,518,3.562,0.8253,3.5655,1.85
CELL-27,2026-09-15,thin,496,3.797,0.7833,3.2743,1.63
CELL-27,2026-09-16,thin,675,4.438,0.5702,2.7459,1.86
CELL-27,2026-09-17,thin,752,4.551,0.5466,2.6476,1.99
CELL-27,2026-09-18,thin,743,4.228,0.6793,3.1672,2.35
CELL-27,2026-09-19,thin,627,4.227,0.544,2.5134,1.58
CELL-27,2026-09-20,thin,663,3.539,0.7112,2.7125,1.8
CELL-27,2026-09-21,thin,568,3.949,0.6382,2.6016,1.48
CELL-27,2026-09-22,thin,516,4.063,0.4157,1.8142,0.94
CELL-27,2026-09-23,thin,673,3.635,0.7735,3.1453,2.12
CELL-27,2026-09-24,thin,725,4.512,0.5391,2.5126,1.82
CELL-27,2026-09-25,thin,712,4.314,0.8425,4.3161,3.07
CELL-27,2026-09-26,thin,662,4.864,0.7951,4.2175,2.79
CELL-27,2026-09-27,thin,657,5.745,0.5494,3.4476,2.27
CELL-28,2026-04-01,thick,101458,2.504,0.9986,5.3273,540.5
CELL-28,2026-04-02,thick,110101,2.504,0.9986,5.3412,588.07
CELL-28,2026-04-03,thick,108738,3.078,0.9934,5.4949,597.51
CELL-28,2026-04-04,thick,106956,3.078,0.9926,5.3969,577.23
CELL-28,2026-04-05,thick,97206,3.463,0.9744,5.0444,490.35
CELL-28,2026-04-06,thick,78281,4.472,0.891,4.9616,388.41
CELL-28,2026-04-07,thick,72346,4.835,0.8224,4.6406,335.73
CELL-28,2026-04-08,thick,95566,4.835,0.8623,5.0246,480.18
CELL-28,2026-04-09,thick,100575,5.028,0.8802,5.4352,546.64
CELL-28,2026-04-10,thick,92042,5.25,0.8656,5.5191,507.99
CELL-28,2026-04-11,thick,100061,6.345,0.6029,4.0945,409.71
CELL-28,2026-04-12,thick,95485,6.576,0.5392,3.764,359.4
CELL-28,2026-04-13,thick,80414,7.509,0.4193,3.2738,263.26
CELL-28,2026-04-14,thick,70574,6.963,0.4915,3.587,253.15
CELL-28,2026-04-15,thick,95950,6.963,0.4514,3.3015,316.78
CELL-28,2026-04-16,thick,109869,6.303,0.6689,4.612,506.72
CELL-28,2026-04-17,thick,90866,6.955,0.5225,3.8085,346.06
CELL-28,2026-04-18,thick,90845,6.72,0.4325,3.0467,276.78
CELL-28,2026-04-19,thick,98000,6.555,0.511,3.5054,343.53
CELL-28,2026-04-20,thick,84429,6.616,0.5515,3.8533,325.33
CELL-28,2026-04-21,thick,75353,6.188,0.6491,4.3679,329.13
CELL-28,2026-04-22,thick,93850,6.388,0.6386,4.4116,414.03
CELL-28,2026-04-23,thick,107420,6.467,0.6843,4.8642,522.52
CELL-28,2026-04-24,thick,98743,6.427,0.7335,5.2463,518.04
CELL-28,2026-04-25,thick,99280,6.529,0.2395,1.6073,159.57
CELL-28,2026-04-26,thick,86909,6.529,0.1578,1.0522,91.44
CELL-28,2026-04-27,thick,77445,6.529,0.1495,0.9652,74.75
CELL-28,2026-04-28,thick,67723,5.25,0.3183,1.6954,114.82
CELL-28,2026-04-29,thick,99573,4.825,0.4779,2.4291,241.87
CELL-28,2026-04-30,thick,109166,5.123,0.4367,2.3194,253.2
CELL-28,2026-05-01,thick,97882,4.413,0.6249,2.9969,293.34
CELL-28,2026-05-02,thick,92040,4.187,0.6519,2.9755,273.86
CELL-28,2026-05-03,thick,89726,4.456,0.5938,2.8434,255.13
CELL-28,2026-05-04,thick,77448,4.456,0.5596,2.6665,206.51
CELL-28,2026-05-05,thick,72872,3.679,0.7708,3.2142,234.23
CELL-28,2026-05-06,thick,105621,3.426,0.9148,4.0011,422.6
CELL-28,2026-05-07,thick,106080,4.462,0.7201,3.5667,378.36
CELL-28,2026-05-08,thick,106893,4.584,0.5893,2.9091,310.96
CELL-28,2026-05-09,thick,97638,4.494,0.5951,2.8465,277.93
CELL-28,2026-05-10,thick,97926,4.5,0.6358,3.0918,302.77
CELL-28,2026-05-11,thick,81022,4.201,0.6654,3.0702,248.76
CELL-28,2026-05-12,thick,76339,3.883,0.7296,3.1613,241.34
CELL-28,2026-05-13,thick,98097,3.544,0.8528,3.6102,354.15
CELL-28,2026-05-14,thick,93943,4.944,0.5005,2.6068,244.89
CELL-28,2026-05-15,thick,107319,4.527,0.5501,2.6481,284.2
CELL-28,2026-05-16,thick,96702,4.549,0.5846,2.8334,274.0
CELL-28,2026-05-17,thick,98440,5.15,0.4136,2.2147,218.01
CELL-28,2026-05-18,thick,79106,4.076,0.7323,3.3472,264.79
CELL-28,2026-05-19,thick,73836,4.412,0.5684,2.6397,194.91
CELL-28,2026-05-20,thick,93996,4.357,0.5523,2.552,239.87
CELL-28,2026-05-21,thick,99811,4.269,0.6284,2.8988,289.33
CELL-28,2026-05-22,thick,106494,4.549,0.5769,2.7991,298.08
CELL-28,2026-05-23,thick,94789,4.549,0.5894,2.8649,271.56
CELL-28,2026-05-24,thick,101347,4.252,0.6436,2.9621,300.2
CELL-28,2026-05-25,thick,83301,3.665,0.805,3.4199,284.89
CELL-28,2026-05-26,thick,75778,3.879,0.6104,2.5583,193.86
CELL-28,2026-05-27,thick,96540,3.647,0.7702,3.1966,308.6
CELL-28,2026-05-28,thick,105552,3.896,0.7604,3.3414,352.69
CELL-28,2026-05-29,thick,87901,3.9,0.802,3.6306,319.14
CELL-28,2026-05-30,thick,93271,5.456,0.4475,2.5057,233.71
CELL-28,2026-05-31,thick,100388,4.792,0.6328,3.27,328.28
CELL-28,2026-06-01,thick,80304,4.183,0.6839,3.1474,252.75
CELL-28,2026-06-02,thick,76794,4.043,0.7454,3.3911,260.42
CELL-28,2026-06-03,thick,89200,4.585,0.7266,3.7226,332.06
CELL-28,2026-06-04,thick,106096,5.837,0.3747,2.2223,235.78
CELL-28,2026-06-05,thick,104673,5.625,0.2718,1.5855,165.96
CELL-28,2026-06-06,thick,90976,4.99,0.7632,4.3145,392.52
CELL-28,2026-06-07,thick,87638,5.181,0.7487,4.3595,382.06
CELL-28,2026-06-08,thick,75779,5.722,0.6014,3.6956,280.05
CELL-28,2026-06-09,thick,71886,5.918,0.2439,1.4623,105.12
CELL-28,2026-06-10,thick,91152,4.868,0.461,2.3465,213.89
CELL-28,2026-06-11,thick,94190,4.934,0.3892,1.9698,185.53
CELL-28,2026-06-12,thick,99735,4.4,0.5621,2.6271,262.01
CELL-28,2026-06-13,thick,106520,4.395,0.53,2.4538,261.38
CELL-28,2026-06-14,thick,95998,4.753,0.2484,1.2441,119.43
CELL-28,2026-06-15,thick,76239,4.753,0.4662,2.3279,177.48
CELL-28,2026-06-16,thick,73070,3.994,0.6794,2.9835,218.01
CELL-28,2026-06-17,thick,90373,4.76,0.4692,2.3246,210.09
CELL-28,2026-06-18,thick,106061,4.76,0.5326,2.685,284.77
CELL-28,2026-06-19,thick,99529,4.76,0.6245,3.2182,320.3
CELL-28,2026-06-20,thick,91991,4.76,0.4832,2.4328,223.8
CELL-28,2026-06-21,thick,91649,4.76,0.5119,2.5831,236.74
CELL-28,2026-06-22,thick,76205,4.31,0.4861,2.2029,167.87
CELL-28,2026-06-23,thick,76763,4.044,0.4695,1.9939,153.06
CELL-28,2026-06-24,thick,101939,3.755,0.7245,3.0266,308.53
CELL-28,2026-06-25,thick,104940,3.755,0.8133,3.569,374.53
CELL-28,2026-06-26,thick,109282,3.79,0.8728,4.0229,439.63
CELL-28,2026-06-27,thick,97949,3.79,0.8561,3.9144,383.41
CELL-28,2026-06-28,thick,89338,4.988,0.6819,3.7256,332.84
CELL-28,2026-06-29,thick,75211,4.596,0.6092,3.0105,226.43
CELL-28,2026-06-30,thick,69401,4.082,0.6033,2.6397,183.2
CELL-28,2026-07-01,thick,99434,3.299,0.8626,3.4399,342.05
CELL-28,2026-07-02,thick,102591,3.299,0.903,3.7758,387.37
CELL-28,2026-07-03,thick,110035,4.155,0.7977,3.8047,418.66
CELL-28,2026-07-04,thick,96153,4.477,0.7563,3.8317,368.43
CELL-28,2026-07-05,thick,95454,4.835,0.5457,2.7781,265.19
CELL-28,2026-07-06,thick,75084,4.512,0.5263,2.549,191.39
CELL-28,2026-07-07,thick,72872,4.191,0.5343,2.3556,171.66
CELL-28,2026-07-08,thick,97519,4.429,0.8328,4.3444,423.66
CELL-28,2026-07-09,thick,93841,4.797,0.5736,2.9357,275.49
CELL-28,2026-07-10,thick,114519,4.411,0.6363,3.0338,347.43
CELL-28,2026-07-11,thick,97761,4.094,0.6864,3.0881,301.9
CELL-28,2026-07-12,thick,95354,4.701,0.2214,1.099,104.8
CELL-28,2026-07-13,thick,77912,3.395,0.8471,3.4174,266.25
CELL-28,2026-07-14,thick,73734,4.09,0.6495,2.8572,210.67
CELL-28,2026-07-15,thick,97415,3.947,0.7583,3.3691,328.2
CELL-28,2026-07-16,thick,112468,3.759,0.8069,3.5055,394.25
CELL-28,2026-07-17,thick,106831,4.389,0.5721,2.6864,286.99
CELL-28,2026-07-18,thick,105311,5.193,0.3843,2.0449,215.35
CELL-28,2026-07-19,thick,99345,4.852,0.4699,2.3776,236.2
CELL-28,2026-07-20,thick,85449,4.345,0.5811,2.6756,228.63
CELL-28,2026-07-21,thick,78205,4.212,0.5295,2.3521,183.95
CELL-28,2026-07-22,thick,91341,4.877,0.4234,2.1335,194.88
CELL-28,2026-07-23,thick,93322,4.56,0.5503,2.6672,248.91
CELL-28,2026-07-24,thick,92511,4.461,0.5531,2.6254,242.88
CELL-28,2026-07-25,thick,103463,4.02,0.7282,3.2714,338.47
CELL-28,2026-07-26,thick,98892,3.66,0.8434,3.6611,362.05
CELL-28,2026-07-27,thick,80503,3.761,0.7189,3.009,242.24
CELL-28,2026-07-28,thick,78768,4.299,0.6165,2.8773,226.64
CELL-28,2026-07-29,thick,91965,4.808,0.6219,3.2232,296.42
CELL-28,2026-07-30,thick,97289,4.494,0.6155,2.9659,288.55
CELL-28,2026-07-31,thick,97259,4.398,0.65,3.1144,302.91
CELL-28,2026-08-01,thick,93245,4.129,0.7088,3.2327,301.44
CELL-28,2026-08-02,thick,88422,4.754,0.4745,2.3724,209.77
CELL-28,2026-08-03,thick,78754,4.708,0.45,2.2132,174.3
CELL-28,2026-08-04,thick,75870,4.336,0.4708,2.1251,161.23
CELL-28,2026-08-05,thick,96020,4.235,0.6123,2.7814,267.07
CELL-28,2026-08-06,thick,95367,3.896,0.6896,2.957,282.0
CELL-28,2026-08-07,thick,97009,3.893,0.735,3.1891,309.38
CELL-28,2026-08-08,thick,85639,4.001,0.7354,3.3006,282.66
CELL-28,2026-08-09,thick,98574,4.341,0.6833,3.2376,319.15
CELL-28,2026-08-10,thick,79481,4.076,0.7587,3.4895,277.35
CELL-28,2026-08-11,thick,75132,4.197,0.5799,2.5965,195.08
CELL-28,2026-08-12,thick,90860,4.534,0.516,2.4652,223.99
CELL-28,2026-08-13,thick,101526,4.534,0.5904,2.8673,291.1
CELL-28,2026-08-14,thick,97442,4.768,0.5058,2.5436,247.86
CELL-28,2026-08-15,thick,91174,4.524,0.589,2.8518,260.02
CELL-28,2026-08-16,thick,84573,4.044,0.6604,2.8927,244.65
CELL-28,2026-08-17,thick,80849,3.992,0.5957,2.5435,205.64
CELL-28,2026-08-18,thick,68753,3.847,0.6513,2.7105,186.36
CELL-28,2026-08-19,thick,98419,4.088,0.7242,3.3028,325.07
CELL-28,2026-08-20,thick,103989,4.078,0.7461,3.4109,354.69
CELL-28,2026-08-21,thick,97426,4.277,0.7257,3.4741,338.47
CELL-28,2026-08-22,thick,96683,4.04,0.7717,3.5477,343.0
CELL-28,2026-08-23,thick,93382,4.545,0.5684,2.7275,254.71
CELL-28,2026-08-24,thick,82635,4.604,0.5528,2.6961,222.79
CELL-28,2026-08-25,thick,84670,4.765,0.5295,2.6859,227.41
CELL-28,2026-08-26,thick,103971,4.891,0.5784,3.0202,314.01
CELL-28,2026-08-27,thick,104607,4.891,0.5168,2.6605,278.31
CELL-28,2026-08-28,thick,100321,4.787,0.6393,3.3278,333.85
CELL-28,2026-08-29,thick,100377,4.787,0.6409,3.3018,331.42
CELL-28,2026-08-30,thick,91108,5.23,0.4298,2.3501,214.12
CELL-28,2026-08-31,thick,74278,5.23,0.4263,2.3045,171.17
CELL-28,2026-09-01,thick,74539,4.358,0.5688,2.6591,198.21
CELL-28,2026-09-02,thick,94533,3.957,0.7466,3.3128,313.17
CELL-28,2026-09-03,thick,104452,4.009,0.7289,3.2542,339.9
CELL-28,2026-09-04,thick,105810,4.701,0.5461,2.7321,289.08
CELL-28,2026-09-05,thick,93245,4.823,0.524,2.6917,250.99
CELL-28,2026-09-06,thick,93210,4.651,0.5596,2.757,256.98
CELL-28,2026-09-07,thick,70570,4.894,0.428,2.1698,153.12
CELL-28,2026-09-08,thick,75104,4.977,0.3966,2.0424,153.39
CELL-28,2026-09-09,thick,92089,4.66,0.5741,2.8566,263.06
CELL-28,2026-09-10,thick,100887,4.66,0.6147,3.0777,310.5
CELL-28,2026-09-11,thick,105237,5.318,0.4177,2.3031,242.38
CELL-28,2026-09-12,thick,97423,5.165,0.4943,2.6811,261.2
CELL-28,2026-09-13,thick,98317,5.165,0.4668,2.5284,248.59
CELL-28,2026-09-14,thick,77517,4.576,0.5228,2.513,194.8
CELL-28,2026-09-15,thick,68227,4.576,0.4804,2.3012,157.0
CELL-28,2026-09-16,thick,101660,5.067,0.5062,2.7043,274.93
CELL-28,2026-09-17,thick,110334,5.774,0.3221,1.9127,211.03
CELL-28,2026-09-18,thick,106710,4.376,0.5964,2.8041,299.23
CELL-28,2026-09-19,thick,100689,4.354,0.6015,2.8303,284.98
CELL-28,2026-09-20,thick,96435,4.354,0.6095,2.8599,275.8
CELL-28,2026-09-21,thick,83022,4.037,0.6116,2.6729,221.92
CELL-28,2026-09-22,thick,70103,4.391,0.5981,2.82,197.69
CELL-28,2026-09-23,thick,95180,4.391,0.6341,3.0368,289.05
CELL-28,2026-09-24,thick,95554,3.862,0.7407,3.2081,306.54
CELL-28,2026-09-25,thick,104237,3.862,0.7136,3.0529,318.23
CELL-28,2026-09-26,thick,97422,3.317,0.898,3.7098,361.42
CELL-28,2026-09-27,thick,89802,3.983,0.673,2.9372,263.76
CELL-29,2026-04-01,thick,130298,0.528,0.9998,2.2151,288.62
CELL-29,2026-04-02,thick,137184,0.584,0.9998,2.41,330.61
CELL-29,2026-04-03,thick,127389,0.584,0.9998,2.2014,280.43
CELL-29,2026-04-04,thick,129767,0.628,0.9996,2.1726,281.93
CELL-29,2026-04-05,thick,124705,0.937,0.9965,2.1613,269.52
CELL-29,2026-04-06,thick,101941,1.151,0.9675,1.89,192.67
CELL-29,2026-04-07,thick,92664,1.321,0.9398,1.8753,173.77
CELL-29,2026-04-08,thick,131065,1.321,0.974,2.2349,292.91
CELL-29,2026-04-09,thick,131404,1.792,0.9144,2.2703,298.33
CELL-29,2026-04-10,thick,126239,2.214,0.7725,2.0255,255.7
CELL-29,2026-04-11,thick,115305,2.099,0.8171,2.1094,243.23
CELL-29,2026-04-12,thick,119314,2.511,0.66,1.8715,223.3
CELL-29,2026-04-13,thick,99305,2.608,0.5531,1.5672,155.64
CELL-29,2026-04-14,thick,90010,2.474,0.6275,1.7161,154.47
CELL-29,2026-04-15,thick,111931,2.474,0.6047,1.6449,184.12
CELL-29,2026-04-16,thick,121051,2.327,0.6801,1.7807,215.55
CELL-29,2026-04-17,thick,123887,1.897,0.8451,2.0197,250.22
CELL-29,2026-04-18,thick,118840,2.42,0.6939,1.9121,227.24
CELL-29,2026-04-19,thick,110837,2.322,0.72,1.9177,212.55
CELL-29,2026-04-20,thick,99652,2.322,0.7113,1.8882,188.17
CELL-29,2026-04-21,thick,92666,2.442,0.5978,1.5957,147.87
CELL-29,2026-04-22,thick,122239,2.178,0.7751,2.0087,245.54
CELL-29,2026-04-23,thick,128628,2.313,0.7067,1.8701,240.55
CELL-29,2026-04-24,thick,125709,2.313,0.7731,2.1214,266.68
CELL-29,2026-04-25,thick,124296,2.96,0.5792,1.8772,233.33
CELL-29,2026-04-26,thick,123013,3.01,0.5281,1.7164,211.14
CELL-29,2026-04-27,thick,104660,2.686,0.6481,1.9474,203.82
CELL-29,2026-04-28,thick,86234,2.436,0.6792,1.8726,161.48
CELL-29,2026-04-29,thick,128317,2.436,0.7349,2.0781,266.66
CELL-29,2026-04-30,thick,130806,2.436,0.7443,2.1118,276.24
CELL-29,2026-05-01,thick,134318,2.659,0.7044,2.1382,287.2
CELL-29,2026-05-02,thick,127869,2.389,0.6998,1.9091,244.12
CELL-29,2026-05-03,thick,109200,2.179,0.8063,2.1371,233.38
CELL-29,2026-05-04,thick,97369,2.842,0.6471,2.0552,200.11
CELL-29,2026-05-05,thick,86511,2.668,0.6308,1.8603,160.94
CELL-29,2026-05-06,thick,122100,2.303,0.79,2.1897,267.36
CELL-29,2026-05-07,thick,128242,2.404,0.7462,2.0879,267.76
CELL-29,2026-05-08,thick,126793,2.334,0.7875,2.2089,280.08
CELL-29,2026-05-09,thick,128011,2.541,0.7051,2.0329,260.23
CELL-29,2026-05-10,thick,126970,2.674,0.6527,1.9446,246.91
CELL-29,2026-05-11,thick,96938,2.553,0.6334,1.7853,173.06
CELL-29,2026-05-12,thick,95349,2.47,0.6986,1.9693,187.77
CELL-29,2026-05-13,thick,126452,2.497,0.6304,1.7383,219.81
CELL-29,2026-05-14,thick,126600,2.419,0.7365,2.0695,262.0
CELL-29,2026-05-15,thick,126766,2.507,0.7035,2.0097,254.76
CELL-29,2026-05-16,thick,121463,2.677,0.6538,1.9593,237.99
CELL-29,2026-05-17,thick,113926,2.677,0.6807,2.0483,233.36
CELL-29,2026-05-18,thick,107355,2.677,0.6753,2.0381,218.8
CELL-29,2026-05-19,thick,94478,2.92,0.5288,1.6634,157.15
CELL-29,2026-05-20,thick,120102,2.453,0.7145,2.0038,240.67
CELL-29,2026-05-21,thick,126010,2.606,0.6785,1.9979,251.75
CELL-29,2026-05-22,thick,114425,2.48,0.7157,2.0381,233.21
CELL-29,2026-05-23,thick,126207,2.408,0.6374,1.7015,214.74
CELL-29,2026-05-24,thick,118658,2.369,0.6915,1.8571,220.36
CELL-29,2026-05-25,thick,89071,2.369,0.6375,1.6761,149.29
CELL-29,2026-05-26,thick,97104,2.441,0.6501,1.7744,172.3
CELL-29,2026-05-27,thick,124144,2.69,0.5772,1.6894,209.73
CELL-29,2026-05-28,thick,127678,2.654,0.5979,1.7408,222.27
CELL-29,2026-05-29,thick,133240,2.654,0.5601,1.6263,216.69
CELL-29,2026-05-30,thick,126206,2.654,0.631,1.8513,233.64
CELL-29,2026-05-31,thick,111770,2.654,0.6228,1.8205,203.48
CELL-29,2026-06-01,thick,96313,2.633,0.5585,1.5963,153.75
CELL-29,2026-06-02,thick,84347,2.633,0.5511,1.5874,133.9
CELL-29,2026-06-03,thick,133062,2.495,0.4158,1.1729,156.07
CELL-29,2026-06-04,thick,118437,2.268,0.8072,2.2248,263.5
CELL-29,2026-06-05,thick,125144,2.237,0.8178,2.2509,281.69
CELL-29,2026-06-06,thick,122134,2.306,0.767,2.0829,254.39
CELL-29,2026-06-07,thick,122022,2.163,0.7859,2.0339,248.18
CELL-29,2026-06-08,thick,103181,2.084,0.7453,1.804,186.14
CELL-29,2026-06-09,thick,92622,2.544,0.6071,1.6836,155.94
CELL-29,2026-06-10,thick,119972,2.626,0.6489,1.9004,227.99
CELL-29,2026-06-11,thick,129303,2.608,0.6209,1.7804,230.21
CELL-29,2026-06-12,thick,124429,3.119,0.4652,1.54,191.62
CELL-29,2026-06-13,thick,130250,2.605,0.6979,2.0724,269.93
CELL-29,2026-06-14,thick,114554,2.605,0.708,2.11,241.71
CELL-29,2026-06-15,thick,99750,3.24,0.4794,1.6576,165.35
CELL-29,2026-06-16,thick,92569,2.657,0.6202,1.8022,166.83
CELL-29,2026-06-17,thick,130810,2.637,0.6539,1.9292,252.36
CELL-29,2026-06-18,thick,129102,2.743,0.5833,1.7518,226.17
CELL-29,2026-06-19,thick,129404,2.827,0.5949,1.8456,238.83
CELL-29,2026-06-20,thick,117202,2.955,0.5318,1.6849,197.48
CELL-29,2026-06-21,thick,108395,2.974,0.5496,1.7671,191.54
CELL-29,2026-06-22,thick,96789,3.181,0.4756,1.6095,155.78
CELL-29,2026-06-23,thick,88507,3.111,0.5088,1.6853,149.16
CELL-29,2026-06-24,thick,135098,2.616,0.7409,2.2446,303.24
CELL-29,2026-06-25,thick,128010,2.595,0.6887,2.0341,260.39
CELL-29,2026-06-26,thick,124687,2.743,0.6222,1.8895,235.6
CELL-29,2026-06-27,thick,113353,2.578,0.6391,1.8282,207.23
CELL-29,2026-06-28,thick,108215,2.483,0.7058,1.9927,215.64
CELL-29,2026-06-29,thick,93655,2.661,0.5757,1.678,157.16
CELL-29,2026-06-30,thick,86382,2.661,0.5147,1.4725,127.2
CELL-29,2026-07-01,thick,112439,2.661,0.627,1.8602,209.16
CELL-29,2026-07-02,thick,125812,2.663,0.6534,1.945,244.7
CELL-29,2026-07-03,thick,136529,3.011,0.5728,1.8632,254.38
CELL-29,2026-07-04,thick,124579,3.105,0.5238,1.7462,217.53
CELL-29,2026-07-05,thick,121641,2.621,0.5944,1.7049,207.38
CELL-29,2026-07-06,thick,91727,3.477,0.376,1.3744,126.07
CELL-29,2026-07-07,thick,92206,2.936,0.5413,1.7126,157.91
CELL-29,2026-07-08,thick,138927,3.469,0.3583,1.2849,178.5
CELL-29,2026-07-09,thick,124862,3.14,0.4793,1.6085,200.84
CELL-29,2026-07-10,thick,124167,3.069,0.5176,1.7069,211.94
CELL-29,2026-07-11,thick,127936,3.174,0.4751,1.59,203.42
CELL-29,2026-07-12,thick,121245,2.645,0.6301,1.8444,223.63
CELL-29,2026-07-13,thick,104825,2.866,0.5848,1.8218,190.97
CELL-29,2026-07-14,thick,100279,2.866,0.6226,1.9812,198.67
CELL-29,2026-07-15,thick,116977,2.866,0.6392,2.0423,238.9
CELL-29,2026-07-16,thick,128545,2.866,0.7039,2.3105,297.01
CELL-29,2026-07-17,thick,121476,2.794,0.6905,2.1737,264.05
CELL-29,2026-07-18,thick,124183,3.145,0.5224,1.7693,219.72
CELL-29,2026-07-19,thick,108234,3.283,0.5571,1.9999,216.46
CELL-29,2026-07-20,thick,102029,3.157,0.4548,1.5183,154.91
CELL-29,2026-07-21,thick,96212,3.153,0.4272,1.4154,136.18
CELL-29,2026-07-22,thick,123925,2.609,0.6585,1.9175,237.62
CELL-29,2026-07-23,thick,140159,2.31,0.7797,2.1541,301.91
CELL-29,2026-07-24,thick,132920,3.376,0.4627,1.6426,218.33
CELL-29,2026-07-25,thick,119227,2.837,0.5193,1.5787,188.22
CELL-29,2026-07-26,thick,113581,2.502,0.6337,1.7528,199.09
CELL-29,2026-07-27,thick,94332,2.269,0.6883,1.7662,166.61
CELL-29,2026-07-28,thick,86559,2.269,0.7338,1.9297,167.03
CELL-29,2026-07-29,thick,132035,2.603,0.7243,2.1666,286.07
CELL-29,2026-07-30,thick,131421,2.802,0.6956,2.2237,292.25
CELL-29,2026-07-31,thick,134174,2.536,0.7778,2.3458,314.74
CELL-29,2026-08-01,thick,120635,2.995,0.6613,2.2219,268.04
CELL-29,2026-08-02,thick,114732,3.007,0.6937,2.3556,270.27
CELL-29,2026-08-03,thick,105664,3.198,0.5094,1.7357,183.4
CELL-29,2026-08-04,thick,88248,3.198,0.526,1.8263,161.16
CELL-29,2026-08-05,thick,120605,3.078,0.6123,2.0641,248.94
CELL-29,2026-08-06,thick,123141,3.35,0.4607,1.6353,201.38
CELL-29,2026-08-07,thick,126691,2.973,0.6408,2.1197,268.54
CELL-29,2026-08-08,thick,121838,2.557,0.7466,2.2389,272.79
CELL-29,2026-08-09,thick,110845,3.171,0.521,1.7789,197.18
CELL-29,2026-08-10,thick,109189,3.272,0.4709,1.6327,178.28
CELL-29,2026-08-11,thick,93214,3.36,0.3928,1.3815,128.77
CELL-29,2026-08-12,thick,120634,2.645,0.6487,1.9126,230.73
CELL-29,2026-08-13,thick,124981,2.786,0.7119,2.2775,284.65
CELL-29,2026-08-14,thick,132752,3.018,0.5831,1.9203,254.92
CELL-29,2026-08-15,thick,126390,3.018,0.4648,1.4948,188.93
CELL-29,2026-08-16,thick,120099,3.197,0.5324,1.8365,220.56
CELL-29,2026-08-17,thick,94389,3.051,0.5144,1.6787,158.45
CELL-29,2026-08-18,thick,95783,2.751,0.5651,1.7007,162.9
CELL-29,2026-08-19,thick,123924,2.802,0.5528,1.6741,207.46
CELL-29,2026-08-20,thick,131175,2.967,0.5283,1.6834,220.83
CELL-29,2026-08-21,thick,117769,2.753,0.6005,1.8129,213.5
CELL-29,2026-08-22,thick,130141,3.049,0.5573,1.845,240.1
CELL-29,2026-08-23,thick,103294,2.501,0.6472,1.8119,187.16
CELL-29,2026-08-24,thick,104894,2.086,0.7874,1.9592,205.51
CELL-29,2026-08-25,thick,101622,2.136,0.7495,1.8771,190.76
CELL-29,2026-08-26,thick,133101,2.136,0.8199,2.1495,286.11
CELL-29,2026-08-27,thick,130684,2.163,0.8414,2.2881,299.02
CELL-29,2026-08-28,thick,118211,2.351,0.7443,2.0348,240.54
CELL-29,2026-08-29,thick,125390,2.268,0.7634,2.0427,256.13
CELL-29,2026-08-30,thick,101715,2.337,0.7126,1.91,194.27
CELL-29,2026-08-31,thick,105812,2.337,0.7387,1.9989,211.5
CELL-29,2026-09-01,thick,92728,2.337,0.6688,1.758,163.02
CELL-29,2026-09-02,thick,113233,2.85,0.5908,1.8512,209.62
CELL-29,2026-09-03,thick,124138,2.879,0.6111,1.9431,241.21
CELL-29,2026-09-04,thick,129393,3.488,0.3946,1.4324,185.34
CELL-29,2026-09-05,thick,120339,2.965,0.4848,1.5192,182.82
CELL-29,2026-09-06,thick,112646,2.733,0.6299,1.9012,214.16
CELL-29,2026-09-07,thick,94648,2.689,0.6554,1.9628,185.78
CELL-29,2026-09-08,thick,88770,2.689,0.6638,1.9947,177.07
CELL-29,2026-09-09,thick,129294,2.689,0.7602,2.4111,311.75
CELL-29,2026-09-10,thick,133201,2.792,0.7201,2.3145,308.3
CELL-29,2026-09-11,thick,125247,3.288,0.532,1.8731,234.6
CELL-29,2026-09-12,thick,129378,2.387,0.8085,2.3531,304.44
CELL-29,2026-09-13,thick,124203,2.668,0.5609,1.6297,202.42
CELL-29,2026-09-14,thick,97830,2.593,0.4996,1.3812,135.13
CELL-29,2026-09-15,thick,96618,2.598,0.5084,1.4218,137.38
CELL-29,2026-09-16,thick,124928,2.958,0.5103,1.6073,200.8
CELL-29,2026-09-17,thick,124498,3.257,0.4731,1.6328,203.28
CELL-29,2026-09-18,thick,126523,2.862,0.5937,1.8553,234.75
CELL-29,2026-09-19,thick,118393,2.862,0.5016,1.5185,179.78
CELL-29,2026-09-20,thick,112312,2.81,0.5407,1.6469,184.97
CELL-29,2026-09-21,thick,98287,2.927,0.5377,1.7006,167.15
CELL-29,2026-09-22,thick,96911,2.927,0.5379,1.7076,165.49
CELL-29,2026-09-23,thick,121896,2.52,0.6984,2.0038,244.26
CELL-29,2026-09-24,thick,132581,2.426,0.7477,2.1189,280.93
CELL-29,2026-09-25,thick,125411,2.236,0.7904,2.123,266.25
CELL-29,2026-09-26,thick,113474,2.236,0.7694,2.0375,231.21
CELL-29,2026-09-27,thick,109514,2.619,0.612,1.77,193.84
CELL-30,2026-04-01,mid,3157,0.744,0.9832,1.2354,3.9
CELL-30,2026-04-02,mid,3206,0.877,0.9701,1.2761,4.09
CELL-30,2026-04-03,mid,3845,0.877,0.9674,1.2701,4.88
CELL-30,2026-04-04,mid,3517,1.028,0.9314,1.2793,4.5
CELL-30,2026-04-05,mid,2977,1.485,0.5877,0.9411,2.8
CELL-30,2026-04-06,mid,2490,1.485,0.5057,0.7798,1.94
CELL-30,2026-04-07,mid,2398,1.485,0.5099,0.7954,1.91
CELL-30,2026-04-08,mid,3272,1.464,0.6131,0.9626,3.15
CELL-30,2026-04-09,mid,3650,1.579,0.651,1.1076,4.04
CELL-30,2026-04-10,mid,3541,1.507,0.4314,0.7205,2.55
CELL-30,2026-04-11,mid,3198,1.434,0.7857,1.3196,4.22
CELL-30,2026-04-12,mid,3250,1.597,0.6497,1.1508,3.74
CELL-30,2026-04-13,mid,2529,1.75,0.4277,0.788,1.99
CELL-30,2026-04-14,mid,2437,1.588,0.5313,0.9379,2.29
CELL-30,2026-04-15,mid,2948,1.588,0.4682,0.7755,2.29
CELL-30,2026-04-16,mid,3415,1.34,0.664,0.9945,3.4
CELL-30,2026-04-17,mid,3316,1.444,0.669,1.0492,3.48
CELL-30,2026-04-18,mid,2959,1.451,0.6249,0.9508,2.81
CELL-30,2026-04-19,mid,3038,1.781,0.3131,0.5467,1.66
CELL-30,2026-04-20,mid,2596,1.322,0.485,0.7255,1.88
CELL-30,2026-04-21,mid,2414,1.244,0.7573,1.0589,2.56
CELL-30,2026-04-22,mid,3240,1.559,0.6769,1.1444,3.71
CELL-30,2026-04-23,mid,3197,1.467,0.6944,1.1555,3.7
CELL-30,2026-04-24,mid,3312,1.703,0.5322,0.9621,3.19
CELL-30,2026-04-25,mid,2996,1.55,0.5991,1.009,3.02
CELL-30,2026-04-26,mid,3127,1.501,0.5357,0.8949,2.8
CELL-30,2026-04-27,mid,2445,1.69,0.3887,0.6667,1.63
CELL-30,2026-04-28,mid,2308,1.467,0.25,0.3795,0.88
CELL-30,2026-04-29,mid,3499,1.235,0.7759,1.0688,3.74
CELL-30,2026-04-30,mid,3048,1.447,0.5879,0.9439,2.88
CELL-30,2026-05-01,mid,3362,1.429,0.6357,0.973,3.27
CELL-30,2026-05-02,mid,3310,1.584,0.5554,0.938,3.1
CELL-30,2026-05-03,mid,3059,1.558,0.5391,0.9089,2.78
CELL-30,2026-05-04,mid,2736,1.376,0.6457,1.0023,2.74
CELL-30,2026-05-05,mid,2353,1.237,0.7297,0.9764,2.3
CELL-30,2026-05-06,mid,3385,1.324,0.7733,1.1676,3.95
CELL-30,2026-05-07,mid,3433,1.347,0.801,1.2258,4.21
CELL-30,2026-05-08,mid,3300,1.566,0.6936,1.2283,4.05
CELL-30,2026-05-09,mid,3071,1.566,0.5964,1.0152,3.12
CELL-30,2026-05-10,mid,3266,1.556,0.532,0.8939,2.92
CELL-30,2026-05-11,mid,2542,1.43,0.6258,0.9485,2.41
CELL-30,2026-05-12,mid,2641,1.601,0.4226,0.6834,1.81
CELL-30,2026-05-13,mid,3383,1.497,0.6362,1.0629,3.6
CELL-30,2026-05-14,mid,3334,1.368,0.7557,1.1672,3.89
CELL-30,2026-05-15,mid,3432,1.381,0.7042,1.0754,3.69
CELL-30,2026-05-16,mid,3056,1.381,0.8114,1.2797,3.91
CELL-30,2026-05-17,mid,2945,1.381,0.8063,1.276,3.76
CELL-30,2026-05-18,mid,2530,1.381,0.7518,1.1824,2.99
CELL-30,2026-05-19,mid,2240,1.569,0.5588,0.9759,2.19
CELL-30,2026-05-20,mid,3242,1.482,0.6206,1.0086,3.27
CELL-30,2026-05-21,mid,3591,1.468,0.657,1.029,3.7
CELL-30,2026-05-22,mid,3616,1.514,0.708,1.1965,4.33
CELL-30,2026-05-23,mid,2982,1.629,0.5014,0.881,2.63
CELL-30,2026-05-24,mid,3041,1.517,0.583,0.9365,2.85
CELL-30,2026-05-25,mid,2389,1.503,0.5958,0.9751,2.33
CELL-30,2026-05-26,mid,2461,1.588,0.3882,0.6377,1.57
CELL-30,2026-05-27,mid,3264,1.506,0.5444,0.858,2.8
CELL-30,2026-05-28,mid,3284,1.506,0.5604,0.9088,2.98
CELL-30,2026-05-29,mid,3090,1.506,0.6307,1.0349,3.2
CELL-30,2026-05-30,mid,2991,1.751,0.3057,0.5816,1.74
CELL-30,2026-05-31,mid,2988,1.481,0.7048,1.1248,3.36
CELL-30,2026-06-01,mid,2551,1.481,0.5958,0.9559,2.44
CELL-30,2026-06-02,mid,2331,1.57,0.4831,0.7641,1.78
CELL-30,2026-06-03,mid,3245,1.415,0.6401,0.9809,3.18
CELL-30,2026-06-04,mid,3437,1.772,0.4405,0.7927,2.72
CELL-30,2026-06-05,mid,3415,1.65,0.5185,0.912,3.11
CELL-30,2026-06-06,mid,3419,1.437,0.7128,1.1435,3.91
CELL-30,2026-06-07,mid,3139,1.731,0.3656,0.6475,2.03
CELL-30,2026-06-08,mid,2437,1.6,0.5991,1.0091,2.46
CELL-30,2026-06-09,mid,2420,1.795,0.3248,0.5834,1.41
CELL-30,2026-06-10,mid,3047,1.593,0.5013,0.8495,2.59
CELL-30,2026-06-11,mid,3601,1.282,0.7866,1.1747,4.23
CELL-30,2026-06-12,mid,3610,1.804,0.4923,0.9935,3.59
CELL-30,2026-06-13,mid,2981,1.796,0.4249,0.7835,2.34
CELL-30,2026-06-14,mid,3112,1.471,0.6154,0.9527,2.97
CELL-30,2026-06-15,mid,2666,1.471,0.4964,0.7808,2.08
CELL-30,2026-06-16,mid,2433,1.398,0.4529,0.672,1.64
CELL-30,2026-06-17,mid,3483,1.321,0.5793,0.7946,2.77
CELL-30,2026-06-18,mid,3391,1.244,0.7154,0.9724,3.3
CELL-30,2026-06-19,mid,3447,1.398,0.6669,1.0221,3.52
CELL-30,2026-06-20,mid,2901,1.258,0.7041,0.9671,2.81
CELL-30,2026-06-21,mid,3245,1.259,0.7559,1.0766,3.49
CELL-30,2026-06-22,mid,2572,1.329,0.6628,1.0028,2.58
CELL-30,2026-06-23,mid,2455,1.329,0.653,0.9243,2.27
CELL-30,2026-06-24,mid,3465,1.707,0.4527,0.7774,2.69
CELL-30,2026-06-25,mid,3969,1.505,0.5451,0.8409,3.34
CELL-30,2026-06-26,mid,3342,1.379,0.6658,0.9986,3.34
CELL-30,2026-06-27,mid,3084,1.581,0.4706,0.7639,2.36
CELL-30,2026-06-28,mid,3054,1.284,0.7044,0.9859,3.01
CELL-30,2026-06-29,mid,2550,1.343,0.6606,0.9591,2.45
CELL-30,2026-06-30,mid,2551,1.343,0.709,1.0865,2.77
CELL-30,2026-07-01,mid,3296,1.343,0.7703,1.2014,3.96
CELL-30,2026-07-02,mid,3514,1.343,0.7353,1.1012,3.87
CELL-30,2026-07-03,mid,3252,1.477,0.6559,1.0164,3.31
CELL-30,2026-07-04,mid,3388,1.641,0.5778,0.9828,3.33
CELL-30,2026-07-05,mid,3282,1.641,0.5432,0.9762,3.2
CELL-30,2026-07-06,mid,2627,1.568,0.5325,0.8987,2.36
CELL-30,2026-07-07,mid,2329,1.61,0.5372,0.9227,2.15
CELL-30,2026-07-08,mid,3018,1.61,0.6023,1.0534,3.18
CELL-30,2026-07-09,mid,3646,1.894,0.5038,0.9693,3.53
CELL-30,2026-07-10,mid,3184,1.73,0.5467,1.0145,3.23
CELL-30,2026-07-11,mid,3184,1.627,0.6476,1.1608,3.7
CELL-30,2026-07-12,mid,2870,1.761,0.5736,1.0796,3.1
CELL-30,2026-07-13,mid,2504,1.791,0.5123,0.9608,2.41
CELL-30,2026-07-14,mid,2283,1.529,0.7361,1.2698,2.9
CELL-30,2026-07-15,mid,3124,1.704,0.6192,1.1073,3.46
CELL-30,2026-07-16,mid,3577,1.508,0.6634,1.1288,4.04
CELL-30,2026-07-17,mid,3201,1.795,0.4861,0.9378,3.0
CELL-30,2026-07-18,mid,3087,1.923,0.4118,0.8291,2.56
CELL-30,2026-07-19,mid,3247,1.613,0.5163,0.8422,2.73
CELL-30,2026-07-20,mid,2589,1.479,0.6329,0.9873,2.56
CELL-30,2026-07-21,mid,2337,1.278,0.7191,1.0396,2.43
CELL-30,2026-07-22,mid,3276,1.236,0.8059,1.1818,3.87
CELL-30,2026-07-23,mid,3266,1.266,0.7918,1.1439,3.74
CELL-30,2026-07-24,mid,3243,1.123,0.8842,1.2397,4.02
CELL-30,2026-07-25,mid,3506,1.291,0.8198,1.2301,4.31
CELL-30,2026-07-26,mid,3086,1.635,0.5802,0.998,3.08
CELL-30,2026-07-27,mid,2516,1.635,0.4789,0.7842,1.97
CELL-30,2026-07-28,mid,2405,1.391,0.6602,1.0384,2.5
CELL-30,2026-07-29,mid,3237,1.456,0.7033,1.1105,3.59
CELL-30,2026-07-30,mid,3277,1.666,0.6254,1.1063,3.63
CELL-30,2026-07-31,mid,3366,1.862,0.5011,1.0013,3.37
CELL-30,2026-08-01,mid,3235,1.495,0.3878,0.6191,2.0
CELL-30,2026-08-02,mid,3455,1.346,0.677,0.9921,3.43
CELL-30,2026-08-03,mid,2548,1.425,0.613,0.927,2.36
CELL-30,2026-08-04,mid,2197,1.486,0.5354,0.843,1.85
CELL-30,2026-08-05,mid,3379,1.265,0.8227,1.1876,4.01
CELL-30,2026-08-06,mid,3243,1.362,0.7817,1.1893,3.86
CELL-30,2026-08-07,mid,3111,1.558,0.661,1.1101,3.45
CELL-30,2026-08-08,mid,3041,1.558,0.5934,0.9578,2.91
CELL-30,2026-08-09,mid,2833,1.608,0.5055,0.8595,2.44
CELL-30,2026-08-10,mid,2747,1.729,0.4289,0.8321,2.29
CELL-30,2026-08-11,mid,2470,1.494,0.5497,0.882,2.18
CELL-30,2026-08-12,mid,2956,1.326,0.7271,1.0733,3.17
CELL-30,2026-08-13,mid,3419,1.454,0.7029,1.1334,3.88
CELL-30,2026-08-14,mid,2997,1.454,0.633,0.9943,2.98
CELL-30,2026-08-15,mid,3096,1.715,0.5016,0.93,2.88
CELL-30,2026-08-16,mid,2925,1.644,0.5094,0.9044,2.65
CELL-30,2026-08-17,mid,2600,1.642,0.4927,0.8391,2.18
CELL-30,2026-08-18,mid,2417,1.59,0.4978,0.8606,2.08
CELL-30,2026-08-19,mid,3250,1.653,0.5178,0.898,2.92
CELL-30,2026-08-20,mid,3333,1.421,0.7221,1.151,3.84
CELL-30,2026-08-21,mid,3263,1.645,0.5589,0.962,3.14
CELL-30,2026-08-22,mid,3199,1.773,0.4409,0.762,2.44
CELL-30,2026-08-23,mid,3137,1.637,0.4707,0.8201,2.57
CELL-30,2026-08-24,mid,2687,1.838,0.3264,0.6121,1.64
CELL-30,2026-08-25,mid,2503,2.014,0.3084,0.6071,1.52
CELL-30,2026-08-26,mid,3195,1.997,0.3928,0.848,2.71
CELL-30,2026-08-27,mid,3407,2.07,0.2501,0.5442,1.85
CELL-30,2026-08-28,mid,3508,1.593,0.5371,0.8853,3.11
CELL-30,2026-08-29,mid,3621,1.593,0.606,1.0409,3.77
CELL-30,2026-08-30,mid,2961,1.724,0.4697,0.846,2.51
CELL-30,2026-08-31,mid,2724,1.857,0.4009,0.7855,2.14
CELL-30,2026-09-01,mid,2536,1.857,0.446,0.8651,2.19
CELL-30,2026-09-02,mid,3119,2.1,0.3887,0.8704,2.72
CELL-30,2026-09-03,mid,3324,1.557,0.6814,1.1779,3.92
CELL-30,2026-09-04,mid,3085,1.616,0.6298,1.101,3.4
CELL-30,2026-09-05,mid,3109,1.771,0.5386,0.9769,3.04
CELL-30,2026-09-06,mid,3073,1.495,0.7352,1.1713,3.6
CELL-30,2026-09-07,mid,2460,1.807,0.5072,0.9778,2.41
CELL-30,2026-09-08,mid,2277,1.963,0.3619,0.6606,1.5
CELL-30,2026-09-09,mid,3312,1.514,0.7138,1.2018,3.98
CELL-30,2026-09-10,mid,3308,1.313,0.8841,1.4272,4.72
CELL-30,2026-09-11,mid,3223,1.313,0.8475,1.3746,4.43
CELL-30,2026-09-12,mid,3200,1.313,0.8739,1.4473,4.63
CELL-30,2026-09-13,mid,3102,1.741,0.53,1.0074,3.13
CELL-30,2026-09-14,mid,2578,1.548,0.6098,0.9937,2.56
CELL-30,2026-09-15,mid,2390,1.43,0.6627,1.0692,2.56
CELL-30,2026-09-16,mid,3123,1.706,0.5065,0.9322,2.91
CELL-30,2026-09-17,mid,3335,1.52,0.6429,1.0836,3.61
CELL-30,2026-09-18,mid,3082,1.37,0.8072,1.2622,3.89
CELL-30,2026-09-19,mid,2876,2.012,0.3661,0.7323,2.11
CELL-30,2026-09-20,mid,3097,2.091,0.677,1.5658,4.85
CELL-30,2026-09-21,mid,2406,2.091,0.6572,1.4882,3.58
CELL-30,2026-09-22,mid,2390,1.994,0.6678,1.4165,3.39
CELL-30,2026-09-23,mid,3049,2.226,0.2755,0.623,1.9
CELL-30,2026-09-24,mid,3237,1.82,0.459,0.8347,2.7
CELL-30,2026-09-25,mid,3142,1.82,0.4094,0.7605,2.39
CELL-30,2026-09-26,mid,3078,1.466,0.6608,1.0695,3.29
CELL-30,2026-09-27,mid,3125,1.523,0.6306,1.003,3.13
CELL-31,2026-04-01,thick,126872,0.925,0.9998,2.633,334.05
CELL-31,2026-04-02,thick,131433,1.122,0.9968,2.0312,266.96
CELL-31,2026-04-03,thick,127303,1.543,0.9716,2.1443,272.97
CELL-31,2026-04-04,thick,122870,2.091,0.7414,1.722,211.59
CELL-31,2026-04-05,thick,118606,2.461,0.5936,1.5499,183.83
CELL-31,2026-04-06,thick,92982,2.298,0.4865,1.1785,109.58
CELL-31,2026-04-07,thick,97200,2.576,0.3271,0.8642,84.0
CELL-31,2026-04-08,thick,121014,2.233,0.4715,1.0943,132.43
CELL-31,2026-04-09,thick,135731,2.11,0.6135,1.3767,186.86
CELL-31,2026-04-10,thick,117623,2.175,0.6216,1.4524,170.84
CELL-31,2026-04-11,thick,125254,2.078,0.6734,1.523,190.77
CELL-31,2026-04-12,thick,120481,2.047,0.7357,1.6738,201.66
CELL-31,2026-04-13,thick,99020,2.638,0.4102,1.1191,110.81
CELL-31,2026-04-14,thick,101000,2.965,0.2664,0.8058,81.39
CELL-31,2026-04-15,thick,116438,2.996,0.6847,2.244,261.28
CELL-31,2026-04-16,thick,128011,2.887,0.8101,2.6773,342.73
CELL-31,2026-04-17,thick,133926,3.243,0.3755,1.2599,168.73
CELL-31,2026-04-18,thick,124414,2.599,0.5361,1.4611,181.79
CELL-31,2026-04-19,thick,122281,2.915,0.2566,0.756,92.44
CELL-31,2026-04-20,thick,105123,2.259,0.4995,1.1765,123.68
CELL-31,2026-04-21,thick,99061,2.184,0.4711,1.0692,105.92
CELL-31,2026-04-22,thick,125741,2.343,0.5231,1.2931,162.6
CELL-31,2026-04-23,thick,129346,2.281,0.6983,1.7394,224.99
CELL-31,2026-04-24,thick,124968,2.649,0.5183,1.4497,181.16
CELL-31,2026-04-25,thick,130540,2.765,0.5698,1.6739,218.52
CELL-31,2026-04-26,thick,112034,2.845,0.4727,1.408,157.75
CELL-31,2026-04-27,thick,97515,2.722,0.4332,1.2229,119.25
CELL-31,2026-04-28,thick,100186,2.536,0.5455,1.4602,146.29
CELL-31,2026-04-29,thick,116284,2.919,0.3471,1.0288,119.63
CELL-31,2026-04-30,thick,139775,2.8,0.342,0.9803,137.03
CELL-31,2026-05-01,thick,135179,2.775,0.4332,1.2483,168.75
CELL-31,2026-05-02,thick,129711,2.801,0.2935,0.8469,109.85
CELL-31,2026-05-03,thick,110614,2.483,0.5989,1.5842,175.23
CELL-31,2026-05-04,thick,108801,2.276,0.6784,1.6799,182.77
CELL-31,2026-05-05,thick,99270,2.469,0.4711,1.2022,119.35
CELL-31,2026-05-06,thick,121854,2.469,0.5146,1.3346,162.63
CELL-31,2026-05-07,thick,128583,2.469,0.5017,1.3032,167.57
CELL-31,2026-05-08,thick,123967,2.469,0.5738,1.502,186.2
CELL-31,2026-05-09,thick,127293,2.28,0.6921,1.721,219.08
CELL-31,2026-05-10,thick,116739,2.528,0.5265,1.3993,163.36
CELL-31,2026-05-11,thick,96398,2.277,0.6111,1.4884,143.48
CELL-31,2026-05-12,thick,88023,2.106,0.6879,1.5792,139.0
CELL-31,2026-05-13,thick,133223,2.106,0.7126,1.6546,220.43
CELL-31,2026-05-14,thick,131790,2.247,0.6817,1.6759,220.87
CELL-31,2026-05-15,thick,137148,2.7,0.3927,1.0999,150.85
CELL-31,2026-05-16,thick,114631,2.637,0.3808,1.0346,118.6
CELL-31,2026-05-17,thick,116832,2.31,0.5918,1.4534,169.8
CELL-31,2026-05-18,thick,104389,2.515,0.4696,1.2398,129.42
CELL-31,2026-05-19,thick,96751,2.888,0.3449,1.0143,98.13
CELL-31,2026-05-20,thick,117100,2.796,0.3851,1.0969,128.45
CELL-31,2026-05-21,thick,142357,2.765,0.4399,1.2593,179.27
CELL-31,2026-05-22,thick,144853,2.557,0.571,1.5541,225.12
CELL-31,2026-05-23,thick,108796,2.31,0.6993,1.7726,192.85
CELL-31,2026-05-24,thick,114940,2.411,0.5864,1.5069,173.2
CELL-31,2026-05-25,thick,107109,2.411,0.2785,0.7102,76.07
CELL-31,2026-05-26,thick,89072,2.348,0.5779,1.4433,128.56
CELL-31,2026-05-27,thick,111996,2.348,0.7106,1.8367,205.7
CELL-31,2026-05-28,thick,134220,2.23,0.7633,1.9121,256.64
CELL-31,2026-05-29,thick,135941,2.417,0.7239,1.9428,264.1
CELL-31,2026-05-30,thick,115955,2.655,0.5238,1.466,169.99
CELL-31,2026-05-31,thick,112477,2.389,0.6181,1.576,177.26
CELL-31,2026-06-01,thick,97707,2.389,0.5584,1.4013,136.92
CELL-31,2026-06-02,thick,93223,2.271,0.5362,1.2728,118.65
CELL-31,2026-06-03,thick,117967,2.81,0.4879,1.4256,168.18
CELL-31,2026-06-04,thick,132567,3.024,0.3501,1.0886,144.32
CELL-31,2026-06-05,thick,132322,2.6,0.8155,2.4506,324.27
CELL-31,2026-06-06,thick,126322,2.551,0.808,2.3748,299.99
CELL-31,2026-06-07,thick,115080,3.164,0.632,2.1436,246.68
CELL-31,2026-06-08,thick,94078,3.378,0.1808,0.6121,57.59
CELL-31,2026-06-09,thick,88183,3.535,0.2106,0.7388,65.15
CELL-31,2026-06-10,thick,118622,2.987,0.3692,1.1307,134.12
CELL-31,2026-06-11,thick,122905,2.792,0.4536,1.3277,163.18
CELL-31,2026-06-12,thick,123127,2.398,0.6411,1.6449,202.53
CELL-31,2026-06-13,thick,123893,2.315,0.763,1.9656,243.52
CELL-31,2026-06-14,thick,136957,2.857,0.4208,1.244,170.38
CELL-31,2026-06-15,thick,97426,2.577,0.5123,1.3843,134.87
CELL-31,2026-06-16,thick,93117,2.577,0.4279,1.1401,106.16
CELL-31,2026-06-17,thick,129166,2.735,0.413,1.1571,149.46
CELL-31,2026-06-18,thick,125587,2.763,0.3622,1.0343,129.89
CELL-31,2026-06-19,thick,142199,2.819,0.2813,0.8016,113.99
CELL-31,2026-06-20,thick,119929,2.744,0.3019,0.8393,100.66
CELL-31,2026-06-21,thick,110714,2.533,0.4372,1.1508,127.41
CELL-31,2026-06-22,thick,110721,2.533,0.2808,0.726,80.38
CELL-31,2026-06-23,thick,92955,2.431,0.3899,0.9703,90.19
CELL-31,2026-06-24,thick,135569,2.861,0.3671,1.0844,147.01
CELL-31,2026-06-25,thick,124669,2.587,0.543,1.4741,183.78
CELL-31,2026-06-26,thick,127494,2.648,0.4436,1.2171,155.17
CELL-31,2026-06-27,thick,140412,2.728,0.4826,1.3752,193.09
CELL-31,2026-06-28,thick,124624,2.7,0.4735,1.3351,166.39
CELL-31,2026-06-29,thick,98865,2.294,0.5551,1.3563,134.09
CELL-31,2026-06-30,thick,100279,2.28,0.6311,1.5513,155.57
CELL-31,2026-07-01,thick,134183,2.153,0.7132,1.6909,226.9
CELL-31,2026-07-02,thick,135371,2.807,0.4771,1.3962,189.0
CELL-31,2026-07-03,thick,129457,2.374,0.7416,1.9628,254.11
CELL-31,2026-07-04,thick,123912,2.57,0.6057,1.6592,205.6
CELL-31,2026-07-05,thick,121465,2.946,0.3966,1.215,147.58
CELL-31,2026-07-06,thick,95951,3.032,0.3021,0.9442,90.59
CELL-31,2026-07-07,thick,103583,2.842,0.2976,0.8596,89.04
CELL-31,2026-07-08,thick,137151,2.592,0.5003,1.3505,185.22
CELL-31,2026-07-09,thick,138677,2.662,0.538,1.5125,209.75
CELL-31,2026-07-10,thick,131613,3.252,0.2892,0.9547,125.66
CELL-31,2026-07-11,thick,132878,3.392,0.2935,1.0079,133.93
CELL-31,2026-07-12,thick,117238,3.441,0.2231,0.7829,91.78
CELL-31,2026-07-13,thick,99000,2.85,0.3058,0.8856,87.67
CELL-31,2026-07-14,thick,91356,3.029,0.272,0.84,76.74
CELL-31,2026-07-15,thick,125771,2.74,0.5123,1.4758,185.62
CELL-31,2026-07-16,thick,133304,2.764,0.4553,1.308,174.36
CELL-31,2026-07-17,thick,128639,3.596,0.17,0.6148,79.09
CELL-31,2026-07-18,thick,134899,3.068,0.2547,0.8023,108.23
CELL-31,2026-07-19,thick,109796,2.413,0.5653,1.4528,159.52
CELL-31,2026-07-20,thick,106390,2.413,0.5243,1.3297,141.46
CELL-31,2026-07-21,thick,91471,2.293,0.581,1.4145,129.39
CELL-31,2026-07-22,thick,122210,2.426,0.4973,1.2583,153.77
CELL-31,2026-07-23,thick,135418,2.425,0.6356,1.666,225.6
CELL-31,2026-07-24,thick,122275,2.425,0.5982,1.5479,189.27
CELL-31,2026-07-25,thick,123320,2.842,0.3667,1.0633,131.13
CELL-31,2026-07-26,thick,131232,2.876,0.256,0.7563,99.25
CELL-31,2026-07-27,thick,103157,2.884,0.284,0.8271,85.32
CELL-31,2026-07-28,thick,96341,3.0,0.256,0.7822,75.36
CELL-31,2026-07-29,thick,116796,3.094,0.3213,1.021,119.25
CELL-31,2026-07-30,thick,142716,3.132,0.2092,0.6613,94.37
CELL-31,2026-07-31,thick,125144,2.992,0.2349,0.7125,89.16
CELL-31,2026-08-01,thick,121759,2.813,0.2597,0.7358,89.6
CELL-31,2026-08-02,thick,114891,2.813,0.3243,0.9304,106.89
CELL-31,2026-08-03,thick,95502,2.456,0.4129,1.0525,100.51
CELL-31,2026-08-04,thick,95786,2.11,0.5755,1.2807,122.67
CELL-31,2026-08-05,thick,129661,2.11,0.6643,1.5184,196.88
CELL-31,2026-08-06,thick,126804,2.21,0.676,1.6377,207.67
CELL-31,2026-08-07,thick,123546,2.221,0.7287,1.7926,221.47
CELL-31,2026-08-08,thick,127896,2.471,0.5549,1.4551,186.1
CELL-31,2026-08-09,thick,114578,2.371,0.6321,1.6156,185.12
CELL-31,2026-08-10,thick,100824,2.761,0.4258,1.2253,123.54
CELL-31,2026-08-11,thick,95741,2.481,0.509,1.3176,126.15
CELL-31,2026-08-12,thick,118297,2.329,0.7049,1.8021,213.18
CELL-31,2026-08-13,thick,129536,2.753,0.4496,1.2871,166.73
CELL-31,2026-08-14,thick,138562,2.983,0.3218,0.982,136.07
CELL-31,2026-08-15,thick,116606,2.581,0.4192,1.1123,129.7
CELL-31,2026-08-16,thick,126258,2.666,0.3926,1.0799,136.35
CELL-31,2026-08-17,thick,99546,2.666,0.3284,0.8979,89.38
CELL-31,2026-08-18,thick,86355,2.107,0.7022,1.6178,139.71
CELL-31,2026-08-19,thick,127823,2.198,0.63,1.4859,189.93
CELL-31,2026-08-20,thick,124762,2.561,0.4833,1.2907,161.04
CELL-31,2026-08-21,thick,120625,2.443,0.5767,1.5007,181.03
CELL-31,2026-08-22,thick,119064,2.491,0.5751,1.5137,180.23
CELL-31,2026-08-23,thick,112489,2.807,0.4742,1.3844,155.73
CELL-31,2026-08-24,thick,102863,2.807,0.3473,0.9889,101.72
CELL-31,2026-08-25,thick,92857,2.676,0.4407,1.2288,114.1
CELL-31,2026-08-26,thick,137897,2.676,0.5108,1.4296,197.13
CELL-31,2026-08-27,thick,137420,2.709,0.5722,1.6422,225.68
CELL-31,2026-08-28,thick,138985,3.108,0.4202,1.3547,188.28
CELL-31,2026-08-29,thick,133102,3.108,0.4767,1.5412,205.13
CELL-31,2026-08-30,thick,118859,3.054,0.4154,1.3161,156.44
CELL-31,2026-08-31,thick,100510,2.882,0.3661,1.0892,109.48
CELL-31,2026-09-01,thick,96810,2.632,0.553,1.53,148.12
CELL-31,2026-09-02,thick,121301,2.74,0.4877,1.3964,169.38
CELL-31,2026-09-03,thick,132937,2.713,0.5447,1.56,207.38
CELL-31,2026-09-04,thick,139376,2.407,0.7079,1.8715,260.85
CELL-31,2026-09-05,thick,124551,2.91,0.4116,1.2351,153.84
CELL-31,2026-09-06,thick,117676,2.91,0.4144,1.2446,146.46
CELL-31,2026-09-07,thick,95665,2.519,0.3948,1.022,97.77
CELL-31,2026-09-08,thick,97898,2.342,0.5686,1.4066,137.7
CELL-31,2026-09-09,thick,137909,2.571,0.6548,1.8234,251.47
CELL-31,2026-09-10,thick,140874,3.337,0.311,1.061,149.47
CELL-31,2026-09-11,thick,135651,3.419,0.3142,1.1047,149.86
CELL-31,2026-09-12,thick,139986,2.864,0.3864,1.1504,161.04
CELL-31,2026-09-13,thick,122619,3.011,0.2412,0.7335,89.94
CELL-31,2026-09-14,thick,104549,2.354,0.493,1.215,127.03
CELL-31,2026-09-15,thick,94064,2.352,0.4919,1.2184,114.61
CELL-31,2026-09-16,thick,134319,2.167,0.6885,1.6264,218.45
CELL-31,2026-09-17,thick,125595,1.867,0.8744,1.9653,246.83
CELL-31,2026-09-18,thick,134032,2.199,0.7506,1.8427,246.98
CELL-31,2026-09-19,thick,120344,2.939,0.4558,1.3821,166.33
CELL-31,2026-09-20,thick,111513,3.394,0.2464,0.8632,96.25
CELL-31,2026-09-21,thick,98563,2.808,0.3196,0.9184,90.52
CELL-31,2026-09-22,thick,95220,2.693,0.4082,1.126,107.21
CELL-31,2026-09-23,thick,117534,2.574,0.4918,1.3165,154.74
CELL-31,2026-09-24,thick,136517,2.412,0.5274,1.3277,181.25
CELL-31,2026-09-25,thick,131659,2.383,0.6623,1.7067,224.7
CELL-31,2026-09-26,thick,123122,2.802,0.4118,1.1875,146.2
CELL-31,2026-09-27,thick,122381,2.742,0.4916,1.4179,173.52
CELL-32,2026-04-01,thick,56737,0.269,0.9454,0.4058,23.02
CELL-32,2026-04-02,thick,58185,0.281,0.9361,0.401,23.33
CELL-32,2026-04-03,thick,57123,0.379,0.8861,0.447,25.54
CELL-32,2026-04-04,thick,58128,0.379,0.8645,0.4249,24.7
CELL-32,2026-04-05,thick,55293,0.541,0.6202,0.3688,20.39
CELL-32,2026-04-06,thick,43801,0.604,0.5336,0.3464,15.17
CELL-32,2026-04-07,thick,43326,0.578,0.4651,0.2812,12.18
CELL-32,2026-04-08,thick,64096,0.536,0.5964,0.3434,22.01
CELL-32,2026-04-09,thick,58192,0.504,0.6597,0.3658,21.29
CELL-32,2026-04-10,thick,61952,0.6,0.5302,0.3366,20.85
CELL-32,2026-04-11,thick,55608,0.577,0.4842,0.2959,16.46
CELL-32,2026-04-12,thick,54132,0.684,0.3283,0.2343,12.69
CELL-32,2026-04-13,thick,44678,0.684,0.3602,0.252,11.26
CELL-32,2026-04-14,thick,40218,0.598,0.4403,0.2731,10.98
CELL-32,2026-04-15,thick,57563,0.611,0.5237,0.3408,19.62
CELL-32,2026-04-16,thick,58489,0.611,0.5846,0.3903,22.83
CELL-32,2026-04-17,thick,53040,0.611,0.5646,0.3714,19.7
CELL-32,2026-04-18,thick,58353,0.611,0.5621,0.3674,21.44
CELL-32,2026-04-19,thick,56940,0.717,0.3908,0.2915,16.6
CELL-32,2026-04-20,thick,44915,0.78,0.3056,0.2414,10.84
CELL-32,2026-04-21,thick,43274,0.756,0.3041,0.233,10.08
CELL-32,2026-04-22,thick,56122,0.669,0.4945,0.3477,19.51
CELL-32,2026-04-23,thick,59798,0.734,0.3128,0.2333,13.95
CELL-32,2026-04-24,thick,58296,0.734,0.3466,0.2592,15.11
CELL-32,2026-04-25,thick,55311,0.734,0.1242,0.0921,5.09
CELL-32,2026-04-26,thick,59044,0.65,0.1671,0.1088,6.42
CELL-32,2026-04-27,thick,44652,0.51,0.3054,0.1596,7.13
CELL-32,2026-04-28,thick,42735,0.449,0.4733,0.2209,9.44
CELL-32,2026-04-29,thick,62838,0.452,0.5486,0.2644,16.62
CELL-32,2026-04-30,thick,64932,0.546,0.3275,0.1835,11.92
CELL-32,2026-05-01,thick,58681,0.498,0.4568,0.241,14.14
CELL-32,2026-05-02,thick,55114,0.549,0.362,0.2044,11.26
CELL-32,2026-05-03,thick,52338,0.578,0.3899,0.2314,12.11
CELL-32,2026-05-04,thick,48978,0.527,0.3889,0.2132,10.44
CELL-32,2026-05-05,thick,42477,0.488,0.414,0.2117,8.99
CELL-32,2026-05-06,thick,60757,0.469,0.5355,0.2671,16.23
CELL-32,2026-05-07,thick,62541,0.555,0.3882,0.222,13.89
CELL-32,2026-05-08,thick,61176,0.545,0.3717,0.2104,12.87
CELL-32,2026-05-09,thick,56320,0.571,0.3168,0.1876,10.57
CELL-32,2026-05-10,thick,55689,0.563,0.3417,0.1979,11.02
CELL-32,2026-05-11,thick,49649,0.563,0.3219,0.183,9.09
CELL-32,2026-05-12,thick,39968,0.491,0.4897,0.2545,10.17
CELL-32,2026-05-13,thick,58214,0.491,0.4814,0.2521,14.67
CELL-32,2026-05-14,thick,63578,0.454,0.6568,0.3296,20.95
CELL-32,2026-05-15,thick,59522,0.495,0.5187,0.2693,16.03
CELL-32,2026-05-16,thick,54178,0.625,0.3639,0.2356,12.76
CELL-32,2026-05-17,thick,47792,0.58,0.3956,0.24,11.47
CELL-32,2026-05-18,thick,44140,0.58,0.3397,0.2003,8.84
CELL-32,2026-05-19,thick,41442,0.533,0.4273,0.2362,9.79
CELL-32,2026-05-20,thick,59486,0.533,0.7196,0.4333,25.78
CELL-32,2026-05-21,thick,67076,0.641,0.1652,0.1051,7.05
CELL-32,2026-05-22,thick,61748,0.641,0.291,0.1859,11.48
CELL-32,2026-05-23,thick,59358,0.619,0.375,0.2419,14.36
CELL-32,2026-05-24,thick,53649,0.603,0.3739,0.2334,12.52
CELL-32,2026-05-25,thick,45861,0.579,0.327,0.1904,8.73
CELL-32,2026-05-26,thick,41999,0.588,0.3323,0.1983,8.33
CELL-32,2026-05-27,thick,60479,0.588,0.3505,0.2135,12.91
CELL-32,2026-05-28,thick,62499,0.588,0.3622,0.2196,13.72
CELL-32,2026-05-29,thick,60416,0.59,0.4428,0.2743,16.57
CELL-32,2026-05-30,thick,57290,0.678,0.267,0.1871,10.72
CELL-32,2026-05-31,thick,52185,0.576,0.3622,0.216,11.27
CELL-32,2026-06-01,thick,46348,0.507,0.4643,0.2484,11.51
CELL-32,2026-06-02,thick,39942,0.507,0.4613,0.2463,9.84
CELL-32,2026-06-03,thick,56448,0.536,0.4543,0.2564,14.47
CELL-32,2026-06-04,thick,57583,0.498,0.4713,0.2468,14.21
CELL-32,2026-06-05,thick,60799,0.541,0.4217,0.2386,14.51
CELL-32,2026-06-06,thick,59280,0.565,0.4013,0.2362,14.0
CELL-32,2026-06-07,thick,49574,0.753,0.1498,0.1124,5.57
CELL-32,2026-06-08,thick,47518,0.753,0.1378,0.1027,4.88
CELL-32,2026-06-09,thick,42083,0.753,0.154,0.1187,4.99
CELL-32,2026-06-10,thick,52769,0.654,0.2384,0.156,8.23
CELL-32,2026-06-11,thick,60722,0.52,0.406,0.2137,12.98
CELL-32,2026-06-12,thick,61031,0.435,0.5619,0.2608,15.92
CELL-32,2026-06-13,thick,53665,0.505,0.5099,0.2707,14.53
CELL-32,2026-06-14,thick,51464,0.591,0.3314,0.2041,10.5
CELL-32,2026-06-15,thick,43165,0.68,0.1931,0.1333,5.76
CELL-32,2026-06-16,thick,39450,0.649,0.2343,0.1544,6.09
CELL-32,2026-06-17,thick,57798,0.551,0.423,0.2435,14.07
CELL-32,2026-06-18,thick,61162,0.573,0.3882,0.2297,14.05
CELL-32,2026-06-19,thick,63626,0.55,0.4553,0.2646,16.83
CELL-32,2026-06-20,thick,54601,0.47,0.6193,0.3205,17.5
CELL-32,2026-06-21,thick,51485,0.47,0.5745,0.2909,14.98
CELL-32,2026-06-22,thick,44140,0.516,0.3681,0.1961,8.66
CELL-32,2026-06-23,thick,42847,0.462,0.4269,0.2091,8.96
CELL-32,2026-06-24,thick,55906,0.516,0.3353,0.1771,9.9
CELL-32,2026-06-25,thick,62844,0.516,0.3947,0.2114,13.28
CELL-32,2026-06-26,thick,58852,0.538,0.3859,0.2121,12.48
CELL-32,2026-06-27,thick,56965,0.54,0.3376,0.1867,10.63
CELL-32,2026-06-28,thick,56337,0.529,0.4459,0.2464,13.88
CELL-32,2026-06-29,thick,45498,0.464,0.5023,0.2467,11.23
CELL-32,2026-06-30,thick,36683,0.464,0.5617,0.2804,10.28
CELL-32,2026-07-01,thick,60209,0.439,0.5989,0.2838,17.09
CELL-32,2026-07-02,thick,60362,0.468,0.5532,0.2751,16.6
CELL-32,2026-07-03,thick,61739,0.488,0.6352,0.3377,20.85
CELL-32,2026-07-04,thick,57343,0.531,0.5127,0.2883,16.53
CELL-32,2026-07-05,thick,52571,0.543,0.4172,0.2356,12.38
CELL-32,2026-07-06,thick,43467,0.507,0.4164,0.2188,9.51
CELL-32,2026-07-07,thick,43693,0.6,0.2474,0.1488,6.5
CELL-32,2026-07-08,thick,56275,0.443,0.5189,0.2463,13.86
CELL-32,2026-07-09,thick,62716,0.441,0.7988,0.4211,26.41
CELL-32,2026-07-10,thick,64431,0.476,0.789,0.4477,28.84
CELL-32,2026-07-11,thick,56250,0.515,0.7194,0.4212,23.69
CELL-32,2026-07-12,thick,52916,0.515,0.4949,0.269,14.24
CELL-32,2026-07-13,thick,48745,0.543,0.4649,0.2619,12.77
CELL-32,2026-07-14,thick,43009,0.504,0.5328,0.2888,12.42
CELL-32,2026-07-15,thick,57664,0.501,0.5594,0.2973,17.14
CELL-32,2026-07-16,thick,62273,0.558,0.5564,0.3325,20.71
CELL-32,2026-07-17,thick,59824,0.553,0.4579,0.264,15.79
CELL-32,2026-07-18,thick,60922,0.575,0.4039,0.2404,14.65
CELL-32,2026-07-19,thick,54190,0.554,0.3913,0.2268,12.29
CELL-32,2026-07-20,thick,47877,0.577,0.3057,0.1783,8.54
CELL-32,2026-07-21,thick,44798,0.577,0.3458,0.2048,9.17
CELL-32,2026-07-22,thick,54065,0.509,0.4931,0.2661,14.39
CELL-32,2026-07-23,thick,63637,0.641,0.315,0.2091,13.31
CELL-32,2026-07-24,thick,63528,0.67,0.2555,0.1745,11.09
CELL-32,2026-07-25,thick,62784,0.58,0.3908,0.231,14.5
CELL-32,2026-07-26,thick,58897,0.58,0.3764,0.2247,13.23
CELL-32,2026-07-27,thick,44567,0.58,0.3891,0.2378,10.6
CELL-32,2026-07-28,thick,43456,0.538,0.429,0.2409,10.47
CELL-32,2026-07-29,thick,59786,0.449,0.5861,0.2819,16.86
CELL-32,2026-07-30,thick,57917,0.477,0.5228,0.2632,15.24
CELL-32,2026-07-31,thick,60971,0.491,0.4113,0.2056,12.54
CELL-32,2026-08-01,thick,58885,0.546,0.3419,0.1931,11.37
CELL-32,2026-08-02,thick,54997,0.544,0.348,0.1962,10.79
CELL-32,2026-08-03,thick,48050,0.451,0.7369,0.3827,18.39
CELL-32,2026-08-04,thick,42013,0.499,0.6893,0.3853,16.19
CELL-32,2026-08-05,thick,61044,0.619,0.2774,0.1772,10.82
CELL-32,2026-08-06,thick,58848,0.59,0.2709,0.1619,9.53
CELL-32,2026-08-07,thick,64526,0.514,0.403,0.2159,13.93
CELL-32,2026-08-08,thick,60070,0.47,0.544,0.274,16.46
CELL-32,2026-08-09,thick,53748,0.446,0.5869,0.28,15.05
CELL-32,2026-08-10,thick,47663,0.446,0.5682,0.2707,12.9
CELL-32,2026-08-11,thick,45045,0.446,0.5173,0.2461,11.08
CELL-32,2026-08-12,thick,55105,0.446,0.6364,0.3106,17.11
CELL-32,2026-08-13,thick,61382,0.572,0.4097,0.2456,15.07
CELL-32,2026-08-14,thick,59462,0.59,0.4143,0.2515,14.96
CELL-32,2026-08-15,thick,54046,0.59,0.4365,0.2706,14.62
CELL-32,2026-08-16,thick,56613,0.583,0.4045,0.2434,13.78
CELL-32,2026-08-17,thick,47993,0.509,0.529,0.2878,13.81
CELL-32,2026-08-18,thick,45011,0.525,0.4985,0.2766,12.45
CELL-32,2026-08-19,thick,59180,0.541,0.4896,0.282,16.69
CELL-32,2026-08-20,thick,59475,0.541,0.5605,0.3272,19.46
CELL-32,2026-08-21,thick,58478,0.541,0.5781,0.3378,19.75
CELL-32,2026-08-22,thick,51795,0.608,0.5294,0.3407,17.65
CELL-32,2026-08-23,thick,55220,0.608,0.4286,0.2724,15.04
CELL-32,2026-08-24,thick,40262,0.528,0.4545,0.2466,9.93
CELL-32,2026-08-25,thick,44798,0.552,0.3861,0.2196,9.84
CELL-32,2026-08-26,thick,59859,0.552,0.4474,0.2596,15.54
CELL-32,2026-08-27,thick,55270,0.49,0.4539,0.232,12.82
CELL-32,2026-08-28,thick,64156,0.454,0.534,0.259,16.61
CELL-32,2026-08-29,thick,55706,0.528,0.4552,0.2529,14.09
CELL-32,2026-08-30,thick,50153,0.532,0.4764,0.2665,13.36
CELL-32,2026-08-31,thick,42074,0.478,0.5608,0.2883,12.13
CELL-32,2026-09-01,thick,38359,0.488,0.5515,0.2887,11.07
CELL-32,2026-09-02,thick,56838,0.482,0.6348,0.3351,19.05
CELL-32,2026-09-03,thick,58859,0.508,0.6052,0.3332,19.61
CELL-32,2026-09-04,thick,63776,0.589,0.4441,0.2717,17.33
CELL-32,2026-09-05,thick,57323,0.517,0.4921,0.2686,15.39
CELL-32,2026-09-06,thick,55130,0.496,0.4375,0.229,12.63
CELL-32,2026-09-07,thick,45826,0.462,0.7646,0.4154,19.04
CELL-32,2026-09-08,thick,39001,0.562,0.3002,0.1714,6.68
CELL-32,2026-09-09,thick,60967,0.438,0.5479,0.2585,15.76
CELL-32,2026-09-10,thick,59843,0.438,0.583,0.2765,16.54
CELL-32,2026-09-11,thick,58195,0.475,0.6074,0.31,18.04
CELL-32,2026-09-12,thick,59472,0.521,0.4166,0.2268,13.49
CELL-32,2026-09-13,thick,51067,0.521,0.5303,0.2931,14.97
CELL-32,2026-09-14,thick,47926,0.638,0.3348,0.2178,10.44
CELL-32,2026-09-15,thick,41965,0.527,0.1872,0.1026,4.3
CELL-32,2026-09-16,thick,57678,0.453,0.5644,0.2744,15.83
CELL-32,2026-09-17,thick,59140,0.465,0.5367,0.2666,15.76
CELL-32,2026-09-18,thick,58790,0.457,0.6391,0.3217,18.92
CELL-32,2026-09-19,thick,60865,0.457,0.6161,0.3042,18.51
CELL-32,2026-09-20,thick,58373,0.457,0.5976,0.2949,17.21
CELL-32,2026-09-21,thick,42058,0.537,0.3916,0.2166,9.11
CELL-32,2026-09-22,thick,40586,0.509,0.4109,0.2161,8.77
CELL-32,2026-09-23,thick,55332,0.508,0.4296,0.2282,12.63
CELL-32,2026-09-24,thick,63535,0.431,0.6176,0.2896,18.4
CELL-32,2026-09-25,thick,60536,0.431,0.6563,0.3144,19.04
CELL-32,2026-09-26,thick,56849,0.469,0.3198,0.1543,8.77
CELL-32,2026-09-27,thick,52523,0.441,0.2908,0.1305,6.86
CELL-33,2026-04-01,thick,100755,0.53,0.9993,1.1525,116.12
CELL-33,2026-04-02,thick,102806,0.769,0.9871,1.1614,119.4
CELL-33,2026-04-03,thick,93016,0.911,0.9532,1.1575,107.67
CELL-33,2026-04-04,thick,101706,1.075,0.8401,1.0527,107.07
CELL-33,2026-04-05,thick,85295,1.075,0.7577,0.9181,78.31
CELL-33,2026-04-06,thick,85631,1.288,0.5171,0.6988,59.84
CELL-33,2026-04-07,thick,72662,1.339,0.5261,0.7393,53.72
CELL-33,2026-04-08,thick,101482,1.339,0.5991,0.8518,86.44
CELL-33,2026-04-09,thick,99594,1.542,0.4905,0.7833,78.01
CELL-33,2026-04-10,thick,104814,1.585,0.3668,0.596,62.47
CELL-33,2026-04-11,thick,94984,1.483,0.5614,0.8836,83.93
CELL-33,2026-04-12,thick,93139,1.55,0.4722,0.7601,70.8
CELL-33,2026-04-13,thick,79078,1.441,0.4768,0.717,56.7
CELL-33,2026-04-14,thick,74107,1.472,0.4301,0.6608,48.97
CELL-33,2026-04-15,thick,94699,1.472,0.4646,0.706,66.85
CELL-33,2026-04-16,thick,98790,1.381,0.6349,0.9377,92.64
CELL-33,2026-04-17,thick,101289,1.381,0.6637,0.9836,99.63
CELL-33,2026-04-18,thick,92245,1.598,0.5869,0.9877,91.11
CELL-33,2026-04-19,thick,93685,1.986,0.2987,0.6029,56.48
CELL-33,2026-04-20,thick,77215,1.775,0.3606,0.6533,50.45
CELL-33,2026-04-21,thick,68689,1.775,0.2681,0.4847,33.29
CELL-33,2026-04-22,thick,84256,1.851,0.3121,0.5857,49.35
CELL-33,2026-04-23,thick,95424,1.616,0.4517,0.7532,71.87
CELL-33,2026-04-24,thick,100212,1.664,0.4669,0.8155,81.73
CELL-33,2026-04-25,thick,107303,1.398,0.7084,1.0891,116.86
CELL-33,2026-04-26,thick,87452,1.795,0.369,0.6812,59.57
CELL-33,2026-04-27,thick,77137,1.976,0.1849,0.3737,28.83
CELL-33,2026-04-28,thick,77564,1.843,0.1974,0.3658,28.38
CELL-33,2026-04-29,thick,95450,2.054,0.1941,0.4007,38.24
CELL-33,2026-04-30,thick,104485,1.65,0.4148,0.7001,73.15
CELL-33,2026-05-01,thick,96767,1.745,0.3298,0.5833,56.45
CELL-33,2026-05-02,thick,92447,1.745,0.2774,0.4949,45.76
CELL-33,2026-05-03,thick,89154,1.822,0.2505,0.4613,41.13
CELL-33,2026-05-04,thick,75626,1.7,0.3026,0.5263,39.8
CELL-33,2026-05-05,thick,68000,1.496,0.4331,0.6715,45.67
CELL-33,2026-05-06,thick,85996,1.602,0.3798,0.6299,54.17
CELL-33,2026-05-07,thick,93942,1.53,0.4403,0.6909,64.9
CELL-33,2026-05-08,thick,105680,1.322,0.6218,0.881,93.11
CELL-33,2026-05-09,thick,95227,1.551,0.3865,0.6172,58.78
CELL-33,2026-05-10,thick,90017,1.551,0.4053,0.639,57.53
CELL-33,2026-05-11,thick,69289,1.375,0.4858,0.6875,47.63
CELL-33,2026-05-12,thick,71485,1.423,0.4559,0.6701,47.9
CELL-33,2026-05-13,thick,103125,1.507,0.5277,0.8361,86.23
CELL-33,2026-05-14,thick,89786,1.74,0.3377,0.5957,53.48
CELL-33,2026-05-15,thick,95479,1.982,0.2771,0.5587,53.35
CELL-33,2026-05-16,thick,101878,1.803,0.3339,0.6174,62.9
CELL-33,2026-05-17,thick,89280,1.803,0.2761,0.5033,44.93
CELL-33,2026-05-18,thick,83275,1.543,0.437,0.6914,57.58
CELL-33,2026-05-19,thick,63446,1.533,0.3936,0.6187,39.25
CELL-33,2026-05-20,thick,92188,1.749,0.2941,0.5232,48.24
CELL-33,2026-05-21,thick,104375,1.483,0.5607,0.8649,90.27
CELL-33,2026-05-22,thick,95175,1.81,0.251,0.4562,43.42
CELL-33,2026-05-23,thick,95722,1.508,0.4912,0.7691,73.62
CELL-33,2026-05-24,thick,89950,1.642,0.3849,0.6425,57.79
CELL-33,2026-05-25,thick,73498,1.26,0.7355,1.0286,75.6
CELL-33,2026-05-26,thick,71699,1.69,0.3832,0.6637,47.59
CELL-33,2026-05-27,thick,96191,1.671,0.506,0.8794,84.59
CELL-33,2026-05-28,thick,106974,1.769,0.3665,0.6674,71.4
CELL-33,2026-05-29,thick,94621,1.678,0.4756,0.8305,78.58
CELL-33,2026-05-30,thick,88887,1.471,0.2978,0.4655,41.38
CELL-33,2026-05-31,thick,82464,1.549,0.4673,0.7501,61.85
CELL-33,2026-06-01,thick,69302,1.545,0.4442,0.7098,49.19
CELL-33,2026-06-02,thick,70800,1.439,0.5157,0.7707,54.57
CELL-33,2026-06-03,thick,101607,1.779,0.3843,0.7061,71.75
CELL-33,2026-06-04,thick,101233,1.68,0.3149,0.5388,54.54
CELL-33,2026-06-05,thick,102413,1.573,0.4312,0.6962,71.3
CELL-33,2026-06-06,thick,95654,1.805,0.38,0.7024,67.19
CELL-33,2026-06-07,thick,90877,1.97,0.2064,0.4057,36.87
CELL-33,2026-06-08,thick,73671,1.728,0.3015,0.5262,38.76
CELL-33,2026-06-09,thick,67697,1.903,0.2273,0.4426,29.96
CELL-33,2026-06-10,thick,99950,1.725,0.3428,0.6004,60.01
CELL-33,2026-06-11,thick,104850,1.738,0.3381,0.5934,62.22
CELL-33,2026-06-12,thick,92725,1.43,0.3059,0.4578,42.45
CELL-33,2026-06-13,thick,93209,1.419,0.4656,0.6816,63.53
CELL-33,2026-06-14,thick,91946,1.483,0.4064,0.6198,56.99
CELL-33,2026-06-15,thick,71856,1.507,0.4244,0.6672,47.94
CELL-33,2026-06-16,thick,68351,1.427,0.5147,0.7644,52.25
CELL-33,2026-06-17,thick,93869,1.592,0.4062,0.6671,62.62
CELL-33,2026-06-18,thick,98825,1.602,0.2102,0.3431,33.91
CELL-33,2026-06-19,thick,89746,1.602,0.3828,0.6315,56.67
CELL-33,2026-06-20,thick,89414,1.623,0.3413,0.5661,50.62
CELL-33,2026-06-21,thick,96409,1.51,0.362,0.5626,54.24
CELL-33,2026-06-22,thick,80903,1.579,0.3244,0.5261,42.57
CELL-33,2026-06-23,thick,67426,1.579,0.2859,0.4515,30.44
CELL-33,2026-06-24,thick,95331,1.659,0.3162,0.5346,50.96
CELL-33,2026-06-25,thick,100184,1.579,0.3724,0.6025,60.36
CELL-33,2026-06-26,thick,94719,1.371,0.581,0.833,78.9
CELL-33,2026-06-27,thick,91162,1.555,0.4813,0.7715,70.33
CELL-33,2026-06-28,thick,88562,1.603,0.4025,0.6646,58.86
CELL-33,2026-06-29,thick,77510,1.562,0.3777,0.6093,47.23
CELL-33,2026-06-30,thick,69002,1.481,0.5421,0.8485,58.55
CELL-33,2026-07-01,thick,92055,1.447,0.6239,0.9618,88.54
CELL-33,2026-07-02,thick,103191,1.447,0.5889,0.9085,93.75
CELL-33,2026-07-03,thick,102799,1.608,0.4776,0.7936,81.58
CELL-33,2026-07-04,thick,98361,1.617,0.5648,0.9626,94.68
CELL-33,2026-07-05,thick,86592,1.551,0.4983,0.8072,69.9
CELL-33,2026-07-06,thick,71167,1.643,0.3725,0.6216,44.24
CELL-33,2026-07-07,thick,71371,1.643,0.3138,0.5172,36.91
CELL-33,2026-07-08,thick,94672,1.647,0.4428,0.7484,70.86
CELL-33,2026-07-09,thick,109650,1.749,0.3872,0.6979,76.53
CELL-33,2026-07-10,thick,100244,1.724,0.415,0.7428,74.46
CELL-33,2026-07-11,thick,94195,1.589,0.4402,0.7266,68.45
CELL-33,2026-07-12,thick,90435,1.519,0.5497,0.8741,79.05
CELL-33,2026-07-13,thick,74995,1.55,0.3996,0.6332,47.49
CELL-33,2026-07-14,thick,74172,1.55,0.4627,0.7462,55.34
CELL-33,2026-07-15,thick,100169,1.756,0.339,0.6126,61.36
CELL-33,2026-07-16,thick,99550,1.78,0.2811,0.5027,50.05
CELL-33,2026-07-17,thick,98575,1.697,0.3788,0.6543,64.5
CELL-33,2026-07-18,thick,88765,1.591,0.3766,0.6154,54.63
CELL-33,2026-07-19,thick,92983,1.447,0.4799,0.7184,66.8
CELL-33,2026-07-20,thick,74652,1.432,0.4758,0.7083,52.87
CELL-33,2026-07-21,thick,73915,1.332,0.5286,0.7391,54.63
CELL-33,2026-07-22,thick,93730,1.769,0.312,0.5509,51.64
CELL-33,2026-07-23,thick,91638,1.435,0.6544,1.0095,92.51
CELL-33,2026-07-24,thick,95909,1.437,0.6673,1.0313,98.91
CELL-33,2026-07-25,thick,94931,1.406,0.6213,0.9267,87.97
CELL-33,2026-07-26,thick,92896,1.494,0.6535,1.0547,97.98
CELL-33,2026-07-27,thick,72102,1.552,0.4156,0.6647,47.93
CELL-33,2026-07-28,thick,73584,1.694,0.3063,0.5289,38.92
CELL-33,2026-07-29,thick,95009,1.302,0.7331,1.061,100.8
CELL-33,2026-07-30,thick,97709,1.302,0.7792,1.1417,111.55
CELL-33,2026-07-31,thick,96097,1.302,0.7378,1.0642,102.27
CELL-33,2026-08-01,thick,92150,1.355,0.6563,0.9617,88.62
CELL-33,2026-08-02,thick,96073,1.41,0.4747,0.6946,66.73
CELL-33,2026-08-03,thick,77445,1.36,0.5594,0.8066,62.47
CELL-33,2026-08-04,thick,72767,1.397,0.5961,0.8891,64.7
CELL-33,2026-08-05,thick,97184,1.321,0.6493,0.9257,89.96
CELL-33,2026-08-06,thick,98134,1.305,0.5746,0.7915,77.67
CELL-33,2026-08-07,thick,90485,1.417,0.6187,0.9325,84.37
CELL-33,2026-08-08,thick,87163,1.418,0.7006,1.084,94.48
CELL-33,2026-08-09,thick,87439,1.778,0.3024,0.5478,47.9
CELL-33,2026-08-10,thick,77333,1.452,0.4515,0.677,52.36
CELL-33,2026-08-11,thick,70291,1.425,0.4111,0.6032,42.4
CELL-33,2026-08-12,thick,86740,1.356,0.6053,0.8739,75.8
CELL-33,2026-08-13,thick,106753,1.363,0.6795,1.0035,107.13
CELL-33,2026-08-14,thick,97401,1.386,0.6301,0.9333,90.91
CELL-33,2026-08-15,thick,86425,1.553,0.4732,0.7598,65.67
CELL-33,2026-08-16,thick,87331,1.726,0.3871,0.6874,60.03
CELL-33,2026-08-17,thick,75623,1.449,0.3241,0.4938,37.35
CELL-33,2026-08-18,thick,72854,1.33,0.5529,0.7697,56.07
CELL-33,2026-08-19,thick,97967,1.33,0.6759,0.9725,95.27
CELL-33,2026-08-20,thick,94124,1.213,0.8088,1.1258,105.96
CELL-33,2026-08-21,thick,99321,1.68,0.3584,0.6197,61.55
CELL-33,2026-08-22,thick,91774,1.68,0.3202,0.5459,50.1
CELL-33,2026-08-23,thick,89516,2.021,0.1881,0.3847,34.44
CELL-33,2026-08-24,thick,83143,2.021,0.1234,0.2464,20.49
CELL-33,2026-08-25,thick,74803,1.735,0.2127,0.3763,28.15
CELL-33,2026-08-26,thick,88299,1.624,0.3388,0.5633,49.74
CELL-33,2026-08-27,thick,96652,1.31,0.6105,0.8507,82.22
CELL-33,2026-08-28,thick,94616,1.341,0.5561,0.788,74.56
CELL-33,2026-08-29,thick,100164,1.297,0.582,0.7931,79.44
CELL-33,2026-08-30,thick,91086,1.297,0.6775,0.9559,87.07
CELL-33,2026-08-31,thick,73129,1.541,0.4597,0.7305,53.42
CELL-33,2026-09-01,thick,71556,1.663,0.3163,0.5325,38.11
CELL-33,2026-09-02,thick,93431,1.541,0.3795,0.597,55.78
CELL-33,2026-09-03,thick,96545,1.541,0.259,0.4118,39.76
CELL-33,2026-09-04,thick,101317,1.373,0.5709,0.8216,83.25
CELL-33,2026-09-05,thick,94841,1.374,0.6712,0.9939,94.26
CELL-33,2026-09-06,thick,82508,1.432,0.6031,0.9189,75.81
CELL-33,2026-09-07,thick,75144,1.848,0.2798,0.5259,39.52
CELL-33,2026-09-08,thick,75386,1.281,0.3184,0.4457,33.6
CELL-33,2026-09-09,thick,90796,1.364,0.6263,0.9148,83.06
CELL-33,2026-09-10,thick,105180,1.364,0.688,1.0235,107.66
CELL-33,2026-09-11,thick,90613,1.823,0.1925,0.351,31.8
CELL-33,2026-09-12,thick,105939,1.533,0.4134,0.6533,69.21
CELL-33,2026-09-13,thick,85982,1.614,0.411,0.6833,58.75
CELL-33,2026-09-14,thick,69659,1.614,0.2656,0.4439,30.92
CELL-33,2026-09-15,thick,70963,1.291,0.6906,0.9671,68.63
CELL-33,2026-09-16,thick,92250,1.291,0.7883,1.1509,106.17
CELL-33,2026-09-17,thick,99114,1.658,0.4798,0.8232,81.59
CELL-33,2026-09-18,thick,92467,1.78,0.3437,0.629,58.16
CELL-33,2026-09-19,thick,97444,1.438,0.6525,1.0075,98.17
CELL-33,2026-09-20,thick,85103,1.612,0.3515,0.5901,50.22
CELL-33,2026-09-21,thick,67779,1.156,0.7304,0.9268,62.82
CELL-33,2026-09-22,thick,67435,1.139,0.7725,0.986,66.49
CELL-33,2026-09-23,thick,92724,1.2,0.72,0.9532,88.39
CELL-33,2026-09-24,thick,98333,1.55,0.4488,0.7178,70.59
CELL-33,2026-09-25,thick,99855,1.313,0.5914,0.8234,82.22
CELL-33,2026-09-26,thick,92905,1.226,0.6648,0.8804,81.8
CELL-33,2026-09-27,thick,99731,1.501,0.4249,0.6596,65.78
CELL-34,2026-04-01,thick,35716,0.493,1.0,1.4963,53.44
CELL-34,2026-04-02,thick,35179,0.591,0.9993,1.5141,53.27
CELL-34,2026-04-03,thick,36469,0.63,0.9994,1.5002,54.71
CELL-34,2026-04-04,thick,36037,0.805,0.995,1.5848,57.11
CELL-34,2026-04-05,thick,33677,0.962,0.9705,1.4461,48.7
CELL-34,2026-04-06,thick,27848,1.32,0.8432,1.3481,37.54
CELL-34,2026-04-07,thick,29074,1.557,0.6604,1.1203,32.57
CELL-34,2026-04-08,thick,35704,1.766,0.6007,1.1557,41.27
CELL-34,2026-04-09,thick,41399,1.766,0.6878,1.3493,55.86
CELL-34,2026-04-10,thick,37585,1.766,0.7203,1.4444,54.29
CELL-34,2026-04-11,thick,34812,2.256,0.4805,1.1523,40.11
CELL-34,2026-04-12,thick,36068,1.668,0.6792,1.2591,45.41
CELL-34,2026-04-13,thick,30645,1.692,0.7092,1.3354,40.92
CELL-34,2026-04-14,thick,26242,1.985,0.5424,1.1551,30.31
CELL-34,2026-04-15,thick,33800,1.926,0.6469,1.3562,45.84
CELL-34,2026-04-16,thick,37881,2.041,0.4913,1.0612,40.2
CELL-34,2026-04-17,thick,38552,2.142,0.4383,0.987,38.05
CELL-34,2026-04-18,thick,37056,2.142,0.4457,1.0092,37.4
CELL-34,2026-04-19,thick,36549,1.821,0.6069,1.1993,43.83
CELL-34,2026-04-20,thick,30015,1.609,0.7109,1.3054,39.18
CELL-34,2026-04-21,thick,27862,1.664,0.7246,1.3513,37.65
CELL-34,2026-04-22,thick,37467,1.422,0.8523,1.4802,55.46
CELL-34,2026-04-23,thick,37189,1.759,0.6066,1.1517,42.83
CELL-34,2026-04-24,thick,39231,1.869,0.5678,1.1413,44.77
CELL-34,2026-04-25,thick,33321,2.09,0.5029,1.125,37.49
CELL-34,2026-04-26,thick,35329,2.364,0.266,0.627,22.15
CELL-34,2026-04-27,thick,26820,1.899,0.3663,0.7177,19.25
CELL-34,2026-04-28,thick,29179,1.561,0.53,0.8821,25.74
CELL-34,2026-04-29,thick,35246,1.44,0.6374,0.9996,35.23
CELL-34,2026-04-30,thick,40103,1.283,0.7901,1.1843,47.49
CELL-34,2026-05-01,thick,39601,1.315,0.7669,1.1557,45.77
CELL-34,2026-05-02,thick,37911,1.558,0.6077,1.0176,38.58
CELL-34,2026-05-03,thick,37857,1.703,0.5283,0.956,36.19
CELL-34,2026-05-04,thick,29232,1.703,0.5068,0.9202,26.9
CELL-34,2026-05-05,thick,27729,1.703,0.5003,0.8996,24.95
CELL-34,2026-05-06,thick,35833,1.703,0.5727,1.0406,37.29
CELL-34,2026-05-07,thick,38939,1.708,0.6728,1.2798,49.83
CELL-34,2026-05-08,thick,39186,1.708,0.5435,0.9963,39.04
CELL-34,2026-05-09,thick,37436,1.592,0.3265,0.5644,21.13
CELL-34,2026-05-10,thick,37868,1.509,0.723,1.2328,46.68
CELL-34,2026-05-11,thick,29661,1.447,0.6358,0.9956,29.53
CELL-34,2026-05-12,thick,27185,1.416,0.6011,0.9147,24.87
CELL-34,2026-05-13,thick,38980,1.46,0.6321,1.0172,39.65
CELL-34,2026-05-14,thick,38138,1.577,0.5295,0.8833,33.69
CELL-34,2026-05-15,thick,41303,1.577,0.5808,0.9897,40.88
CELL-34,2026-05-16,thick,35077,1.591,0.5563,0.9438,33.11
CELL-34,2026-05-17,thick,33477,1.312,0.7267,1.0869,36.39
CELL-34,2026-05-18,thick,28125,1.343,0.75,1.1576,32.56
CELL-34,2026-05-19,thick,27988,1.38,0.7146,1.1109,31.09
CELL-34,2026-05-20,thick,35067,1.481,0.6821,1.1277,39.54
CELL-34,2026-05-21,thick,39019,1.481,0.7196,1.1955,46.65
CELL-34,2026-05-22,thick,38971,1.429,0.8128,1.3823,53.87
CELL-34,2026-05-23,thick,35695,1.505,0.7528,1.2852,45.88
CELL-34,2026-05-24,thick,33199,1.44,0.7108,1.1595,38.49
CELL-34,2026-05-25,thick,28627,1.518,0.6473,1.0822,30.98
CELL-34,2026-05-26,thick,25713,1.451,0.6912,1.1266,28.97
CELL-34,2026-05-27,thick,34963,1.451,0.6891,1.1134,38.93
CELL-34,2026-05-28,thick,35759,1.487,0.6815,1.1224,40.14
CELL-34,2026-05-29,thick,39696,1.431,0.7091,1.1272,44.74
CELL-34,2026-05-30,thick,37664,1.406,0.7403,1.1864,44.68
CELL-34,2026-05-31,thick,34027,1.435,0.6878,1.1015,37.48
CELL-34,2026-06-01,thick,27151,1.408,0.2925,0.4549,12.35
CELL-34,2026-06-02,thick,27773,1.11,0.4127,0.551,15.3
CELL-34,2026-06-03,thick,35001,1.319,0.76,1.1584,40.55
CELL-34,2026-06-04,thick,38924,1.254,0.8299,1.2522,48.74
CELL-34,2026-06-05,thick,38475,1.403,0.7179,1.1463,44.1
CELL-34,2026-06-06,thick,35924,1.332,0.8354,1.3499,48.49
CELL-34,2026-06-07,thick,33522,1.332,0.8078,1.2682,42.51
CELL-34,2026-06-08,thick,32059,1.528,0.635,1.0565,33.87
CELL-34,2026-06-09,thick,26792,2.031,0.3023,0.6072,16.27
CELL-34,2026-06-10,thick,33822,1.516,0.5645,0.9151,30.95
CELL-34,2026-06-11,thick,40311,1.516,0.535,0.8536,34.41
CELL-34,2026-06-12,thick,39980,1.516,0.4882,0.7783,31.12
CELL-34,2026-06-13,thick,38134,1.781,0.36,0.6752,25.75
CELL-34,2026-06-14,thick,34326,1.635,0.5073,0.8842,30.35
CELL-34,2026-06-15,thick,29379,1.601,0.4531,0.754,22.15
CELL-34,2026-06-16,thick,29769,1.601,0.5007,0.8529,25.39
CELL-34,2026-06-17,thick,36597,1.854,0.4587,0.8933,32.69
CELL-34,2026-06-18,thick,39768,1.592,0.6127,1.0618,42.23
CELL-34,2026-06-19,thick,38426,1.758,0.4621,0.8455,32.49
CELL-34,2026-06-20,thick,40324,1.589,0.6347,1.106,44.6
CELL-34,2026-06-21,thick,36849,1.525,0.6468,1.0854,40.0
CELL-34,2026-06-22,thick,27520,1.727,0.4598,0.8375,23.05
CELL-34,2026-06-23,thick,27145,1.727,0.4554,0.8193,22.24
CELL-34,2026-06-24,thick,36985,1.497,0.6842,1.1365,42.03
CELL-34,2026-06-25,thick,40326,1.614,0.6726,1.1998,48.39
CELL-34,2026-06-26,thick,39477,1.76,0.5656,1.0754,42.45
CELL-34,2026-06-27,thick,36638,1.569,0.6069,1.032,37.81
CELL-34,2026-06-28,thick,35885,1.273,0.7248,1.0411,37.36
CELL-34,2026-06-29,thick,28802,1.273,0.6723,0.9475,27.29
CELL-34,2026-06-30,thick,27660,1.599,0.4764,0.8043,22.25
CELL-34,2026-07-01,thick,40175,1.608,0.5782,0.9827,39.48
CELL-34,2026-07-02,thick,36513,1.505,0.5759,0.9335,34.09
CELL-34,2026-07-03,thick,40977,1.631,0.5049,0.8696,35.63
CELL-34,2026-07-04,thick,35521,1.631,0.5051,0.8736,31.03
CELL-34,2026-07-05,thick,33604,1.631,0.5575,0.9748,32.76
CELL-34,2026-07-06,thick,29476,1.234,0.776,1.1136,32.83
CELL-34,2026-07-07,thick,24870,1.234,0.7613,1.0873,27.04
CELL-34,2026-07-08,thick,36356,1.351,0.7796,1.2241,44.51
CELL-34,2026-07-09,thick,40159,1.522,0.6775,1.1384,45.72
CELL-34,2026-07-10,thick,36529,1.843,0.4606,0.8958,32.72
CELL-34,2026-07-11,thick,38071,1.546,0.6073,1.0291,39.18
CELL-34,2026-07-12,thick,34594,1.339,0.7254,1.1006,38.08
CELL-34,2026-07-13,thick,29288,1.55,0.5956,0.9994,29.27
CELL-34,2026-07-14,thick,24563,1.609,0.4547,0.7616,18.71
CELL-34,2026-07-15,thick,36840,1.609,0.5851,1.0312,37.99
CELL-34,2026-07-16,thick,37947,1.609,0.5181,0.8902,33.78
CELL-34,2026-07-17,thick,41870,1.538,0.5713,0.9458,39.6
CELL-34,2026-07-18,thick,39626,1.538,0.5855,0.9783,38.77
CELL-34,2026-07-19,thick,32926,1.545,0.4653,0.7495,24.68
CELL-34,2026-07-20,thick,27402,1.479,0.575,0.9218,25.26
CELL-34,2026-07-21,thick,28110,1.511,0.5604,0.9116,25.62
CELL-34,2026-07-22,thick,38971,1.285,0.8268,1.2761,49.73
CELL-34,2026-07-23,thick,36977,1.285,0.784,1.176,43.49
CELL-34,2026-07-24,thick,38592,1.339,0.7506,1.1433,44.12
CELL-34,2026-07-25,thick,34361,1.486,0.6019,0.9829,33.77
CELL-34,2026-07-26,thick,36791,1.676,0.4756,0.8334,30.66
CELL-34,2026-07-27,thick,28736,1.341,0.6636,0.9808,28.18
CELL-34,2026-07-28,thick,26041,1.21,0.7438,1.0178,26.51
CELL-34,2026-07-29,thick,38267,1.112,0.8692,1.2102,46.31
CELL-34,2026-07-30,thick,35687,1.369,0.7569,1.1951,42.65
CELL-34,2026-07-31,thick,38794,1.551,0.5916,0.9938,38.55
CELL-34,2026-08-01,thick,36145,1.464,0.6353,1.0185,36.82
CELL-34,2026-08-02,thick,37220,1.464,0.7343,1.2163,45.27
CELL-34,2026-08-03,thick,28420,1.491,0.7152,1.1983,34.05
CELL-34,2026-08-04,thick,27911,1.503,0.7038,1.1856,33.09
CELL-34,2026-08-05,thick,39111,1.414,0.7591,1.2277,48.02
CELL-34,2026-08-06,thick,39475,1.619,0.5781,1.0014,39.53
CELL-34,2026-08-07,thick,41310,1.619,0.8155,1.5677,64.76
CELL-34,2026-08-08,thick,38481,2.129,0.6182,1.4214,54.7
CELL-34,2026-08-09,thick,36078,1.807,0.7326,1.495,53.94
CELL-34,2026-08-10,thick,27850,1.685,0.4576,0.8072,22.48
CELL-34,2026-08-11,thick,26978,1.685,0.4679,0.8245,22.25
CELL-34,2026-08-12,thick,38719,1.641,0.5935,1.0534,40.79
CELL-34,2026-08-13,thick,39364,1.664,0.6109,1.0915,42.97
CELL-34,2026-08-14,thick,34931,1.664,0.8499,1.7316,60.49
CELL-34,2026-08-15,thick,37182,1.909,0.7597,1.6566,61.6
CELL-34,2026-08-16,thick,35015,1.909,0.724,1.568,54.9
CELL-34,2026-08-17,thick,28277,1.876,0.4355,0.8575,24.25
CELL-34,2026-08-18,thick,26474,1.811,0.3962,0.7382,19.54
CELL-34,2026-08-19,thick,38719,1.675,0.5476,0.9892,38.3
CELL-34,2026-08-20,thick,40301,1.605,0.5568,0.9636,38.83
CELL-34,2026-08-21,thick,39233,1.552,0.7224,1.2659,49.67
CELL-34,2026-08-22,thick,36823,1.694,0.5381,0.9783,36.02
CELL-34,2026-08-23,thick,36049,1.694,0.5885,1.0775,38.84
CELL-34,2026-08-24,thick,28648,1.694,0.4546,0.8077,23.14
CELL-34,2026-08-25,thick,29720,1.827,0.3884,0.7407,22.01
CELL-34,2026-08-26,thick,38919,1.421,0.7017,1.112,43.28
CELL-34,2026-08-27,thick,38364,1.605,0.5381,0.9214,35.35
CELL-34,2026-08-28,thick,39769,1.311,0.7517,1.1259,44.78
CELL-34,2026-08-29,thick,34919,1.714,0.5223,0.9428,32.92
CELL-34,2026-08-30,thick,34699,1.686,0.5101,0.9191,31.89
CELL-34,2026-08-31,thick,30517,1.775,0.4244,0.7913,24.15
CELL-34,2026-09-01,thick,28970,1.791,0.4552,0.8603,24.92
CELL-34,2026-09-02,thick,35718,1.642,0.589,1.0324,36.88
CELL-34,2026-09-03,thick,40746,1.423,0.7922,1.3257,54.02
CELL-34,2026-09-04,thick,41079,1.477,0.7408,1.2508,51.38
CELL-34,2026-09-05,thick,36517,1.477,0.7306,1.2356,45.12
CELL-34,2026-09-06,thick,35369,1.309,0.7958,1.2172,43.05
CELL-34,2026-09-07,thick,30018,1.353,0.6866,1.0374,31.14
CELL-34,2026-09-08,thick,29063,1.353,0.7046,1.0711,31.13
CELL-34,2026-09-09,thick,36509,1.575,0.5579,0.9458,34.53
CELL-34,2026-09-10,thick,38454,1.676,0.6019,1.0974,42.2
CELL-34,2026-09-11,thick,41088,1.676,0.5224,0.9389,38.58
CELL-34,2026-09-12,thick,35872,1.633,0.5191,0.9005,32.3
CELL-34,2026-09-13,thick,34004,1.356,0.7393,1.1429,38.86
CELL-34,2026-09-14,thick,31171,1.472,0.5751,0.9108,28.39
CELL-34,2026-09-15,thick,27542,1.407,0.7279,1.1516,31.72
CELL-34,2026-09-16,thick,35887,1.407,0.6886,1.0841,38.91
CELL-34,2026-09-17,thick,37830,1.63,0.6473,1.1595,43.86
CELL-34,2026-09-18,thick,36065,1.928,0.4589,0.9371,33.8
CELL-34,2026-09-19,thick,37483,1.928,0.4438,0.9028,33.84
CELL-34,2026-09-20,thick,35114,2.008,0.3762,0.7713,27.08
CELL-34,2026-09-21,thick,28405,1.608,0.5009,0.8532,24.24
CELL-34,2026-09-22,thick,27647,1.608,0.338,0.5921,16.37
CELL-34,2026-09-23,thick,37141,1.608,0.6271,1.0984,40.8
CELL-34,2026-09-24,thick,40571,1.608,0.6085,1.0671,43.29
CELL-34,2026-09-25,thick,38849,1.467,0.7378,1.2255,47.61
CELL-34,2026-09-26,thick,38811,1.605,0.6503,1.1539,44.78
CELL-34,2026-09-27,thick,37131,1.538,0.7106,1.2265,45.54
CELL-35,2026-04-01,thin,518,1.312,0.9982,3.1861,1.65
CELL-35,2026-04-02,thin,517,1.898,0.9848,3.2614,1.69
CELL-35,2026-04-03,thin,518,2.831,0.9074,3.4806,1.81
CELL-35,2026-04-04,thin,488,4.019,0.5856,2.6472,1.29
CELL-35,2026-04-05,thin,473,3.714,0.7252,2.8704,1.36
CELL-35,2026-04-06,thin,393,4.356,0.5447,2.4298,0.96
CELL-35,2026-04-07,thin,375,5.015,0.3545,1.7689,0.67
CELL-35,2026-04-08,thin,538,5.267,0.381,1.901,1.02
CELL-35,2026-04-09,thin,546,4.701,0.4526,1.9436,1.06
CELL-35,2026-04-10,thin,518,4.34,0.5527,2.4369,1.26
CELL-35,2026-04-11,thin,485,4.597,0.5185,2.7343,1.33
CELL-35,2026-04-12,thin,527,4.837,0.4126,1.9378,1.02
CELL-35,2026-04-13,thin,412,4.89,0.4044,2.1526,0.89
CELL-35,2026-04-14,thin,390,4.68,0.4497,2.0983,0.82
CELL-35,2026-04-15,thin,500,5.091,0.3377,1.6581,0.83
CELL-35,2026-04-16,thin,536,4.778,0.4581,2.2244,1.19
CELL-35,2026-04-17,thin,540,4.778,0.3546,1.6129,0.87
CELL-35,2026-04-18,thin,501,4.142,0.4735,2.0291,1.02
CELL-35,2026-04-19,thin,509,3.483,0.7587,3.2459,1.65
CELL-35,2026-04-20,thin,400,3.921,0.5825,2.7115,1.09
CELL-35,2026-04-21,thin,365,4.56,0.4459,2.2901,0.84
CELL-35,2026-04-22,thin,500,3.54,0.6444,2.5741,1.29
CELL-35,2026-04-23,thin,551,4.109,0.5576,2.5704,1.42
CELL-35,2026-04-24,thin,583,3.71,0.6422,2.6492,1.55
CELL-35,2026-04-25,thin,529,4.109,0.4979,2.4992,1.32
CELL-35,2026-04-26,thin,488,3.756,0.601,2.6573,1.3
CELL-35,2026-04-27,thin,397,3.835,0.5369,2.4183,0.96
CELL-35,2026-04-28,thin,434,3.835,0.442,1.8785,0.82
CELL-35,2026-04-29,thin,515,3.35,0.6957,2.4587,1.27
CELL-35,2026-04-30,thin,511,3.862,0.6301,2.6066,1.33
CELL-35,2026-05-01,thin,503,3.862,0.7999,3.8971,1.96
CELL-35,2026-05-02,thin,524,4.75,0.6362,3.3203,1.74
CELL-35,2026-05-03,thin,504,4.82,0.3342,1.7392,0.88
CELL-35,2026-05-04,thin,383,4.597,0.3841,1.5554,0.6
CELL-35,2026-05-05,thin,380,4.687,0.4537,2.1619,0.82
CELL-35,2026-05-06,thin,492,4.615,0.4569,2.2704,1.12
CELL-35,2026-05-07,thin,558,4.487,0.5935,2.768,1.55
CELL-35,2026-05-08,thin,522,4.487,0.6123,3.1577,1.65
CELL-35,2026-05-09,thin,489,5.436,0.431,2.5037,1.23
CELL-35,2026-05-10,thin,487,5.875,0.2592,1.2792,0.62
CELL-35,2026-05-11,thin,400,5.541,0.2684,1.5774,0.63
CELL-35,2026-05-12,thin,364,5.541,0.3646,2.3396,0.85
CELL-35,2026-05-13,thin,512,6.089,0.3421,1.8951,0.97
CELL-35,2026-05-14,thin,529,5.343,0.4487,2.3993,1.27
CELL-35,2026-05-15,thin,529,5.405,0.4599,2.5505,1.35
CELL-35,2026-05-16,thin,529,5.17,0.4248,2.1922,1.16
CELL-35,2026-05-17,thin,526,4.377,0.4983,2.234,1.18
CELL-35,2026-05-18,thin,386,4.47,0.4278,2.2746,0.88
CELL-35,2026-05-19,thin,353,4.486,0.4199,1.8972,0.67
CELL-35,2026-05-20,thin,491,4.217,0.3425,1.57,0.77
CELL-35,2026-05-21,thin,565,3.602,0.6556,2.7943,1.58
CELL-35,2026-05-22,thin,566,2.952,0.8256,2.8872,1.64
CELL-35,2026-05-23,thin,467,3.885,0.6505,2.9293,1.37
CELL-35,2026-05-24,thin,459,3.885,0.6299,2.581,1.18
CELL-35,2026-05-25,thin,439,3.608,0.6852,2.6547,1.17
CELL-35,2026-05-26,thin,354,4.101,0.5309,2.3017,0.82
CELL-35,2026-05-27,thin,463,4.269,0.5803,2.9668,1.37
CELL-35,2026-05-28,thin,558,4.533,0.5669,2.6408,1.47
CELL-35,2026-05-29,thin,519,3.763,0.2966,1.3766,0.72
CELL-35,2026-05-30,thin,480,3.952,0.5291,2.3779,1.14
CELL-35,2026-05-31,thin,491,4.079,0.528,2.4231,1.19
CELL-35,2026-06-01,thin,413,4.18,0.4785,2.1681,0.9
CELL-35,2026-06-02,thin,372,4.11,0.5368,2.3987,0.89
CELL-35,2026-06-03,thin,523,3.471,0.7847,3.3701,1.76
CELL-35,2026-06-04,thin,528,3.953,0.7441,3.3758,1.79
CELL-35,2026-06-05,thin,551,3.953,0.7299,3.2157,1.77
CELL-35,2026-06-06,thin,495,5.365,0.3641,2.191,1.09
CELL-35,2026-06-07,thin,487,4.721,0.4598,2.4097,1.18
CELL-35,2026-06-08,thin,389,4.607,0.5029,2.554,0.99
CELL-35,2026-06-09,thin,369,4.174,0.5729,2.5978,0.96
CELL-35,2026-06-10,thin,518,3.985,0.5696,2.5719,1.33
CELL-35,2026-06-11,thin,510,3.7,0.6864,3.0949,1.58
CELL-35,2026-06-12,thin,516,3.993,0.6689,2.9812,1.54
CELL-35,2026-06-13,thin,486,4.365,0.6364,3.0194,1.47
CELL-35,2026-06-14,thin,513,4.925,0.4811,2.2971,1.18
CELL-35,2026-06-15,thin,389,4.261,0.5247,2.4438,0.95
CELL-35,2026-06-16,thin,410,5.34,0.2267,1.0739,0.44
CELL-35,2026-06-17,thin,523,5.339,0.3193,1.8226,0.95
CELL-35,2026-06-18,thin,546,4.052,0.8538,4.52,2.47
CELL-35,2026-06-19,thin,535,5.313,0.481,2.5515,1.37
CELL-35,2026-06-20,thin,538,4.458,0.5939,3.0125,1.62
CELL-35,2026-06-21,thin,440,4.298,0.4971,2.3983,1.06
CELL-35,2026-06-22,thin,405,4.017,0.5083,2.2493,0.91
CELL-35,2026-06-23,thin,350,4.213,0.4922,2.2936,0.8
CELL-35,2026-06-24,thin,481,4.296,0.5601,2.3979,1.16
CELL-35,2026-06-25,thin,561,4.152,0.6059,2.9317,1.64
CELL-35,2026-06-26,thin,561,4.452,0.5783,3.0152,1.69
CELL-35,2026-06-27,thin,490,4.234,0.5312,2.4776,1.21
CELL-35,2026-06-28,thin,475,3.739,0.6623,2.9056,1.38
CELL-35,2026-06-29,thin,411,4.181,0.5745,2.4616,1.01
CELL-35,2026-06-30,thin,348,4.243,0.5709,2.45,0.85
CELL-35,2026-07-01,thin,505,4.418,0.5731,2.4263,1.23
CELL-35,2026-07-02,thin,517,3.836,0.6457,2.7827,1.44
CELL-35,2026-07-03,thin,559,4.899,0.4125,2.3623,1.32
CELL-35,2026-07-04,thin,498,5.517,0.2867,1.5293,0.76
CELL-35,2026-07-05,thin,475,5.517,0.2942,1.7454,0.83
CELL-35,2026-07-06,thin,449,4.823,0.3421,1.9689,0.89
CELL-35,2026-07-07,thin,372,5.275,0.3575,1.8591,0.69
CELL-35,2026-07-08,thin,488,5.762,0.2769,1.6044,0.78
CELL-35,2026-07-09,thin,494,4.528,0.5522,2.8788,1.42
CELL-35,2026-07-10,thin,526,4.731,0.5702,2.8515,1.5
CELL-35,2026-07-11,thin,481,4.731,0.5899,2.8664,1.38
CELL-35,2026-07-12,thin,497,5.625,0.3317,2.0992,1.05
CELL-35,2026-07-13,thin,390,5.625,0.4072,2.2951,0.9
CELL-35,2026-07-14,thin,380,4.05,0.5997,2.9025,1.1
CELL-35,2026-07-15,thin,539,4.036,0.6767,3.0752,1.66
CELL-35,2026-07-16,thin,587,3.922,0.7345,3.2462,1.91
CELL-35,2026-07-17,thin,546,4.246,0.6808,3.3198,1.81
CELL-35,2026-07-18,thin,522,4.509,0.5114,2.6874,1.4
CELL-35,2026-07-19,thin,460,3.896,0.6489,2.7981,1.29
CELL-35,2026-07-20,thin,403,3.273,0.6868,2.4622,0.99
CELL-35,2026-07-21,thin,369,3.605,0.6551,2.6485,0.98
CELL-35,2026-07-22,thin,522,4.077,0.5852,2.6303,1.37
CELL-35,2026-07-23,thin,566,4.629,0.4761,2.4164,1.37
CELL-35,2026-07-24,thin,586,4.891,0.413,1.932,1.13
CELL-35,2026-07-25,thin,519,4.891,0.3802,1.8796,0.98
CELL-35,2026-07-26,thin,495,4.953,0.1599,0.8252,0.41
CELL-35,2026-07-27,thin,411,4.433,0.4656,2.2032,0.91
CELL-35,2026-07-28,thin,361,4.548,0.4385,1.974,0.71
CELL-35,2026-07-29,thin,535,5.354,0.3324,1.951,1.05
CELL-35,2026-07-30,thin,533,4.658,0.5374,2.6066,1.39
CELL-35,2026-07-31,thin,535,5.311,0.3601,1.9927,1.07
CELL-35,2026-08-01,thin,491,4.883,0.4784,2.2168,1.09
CELL-35,2026-08-02,thin,516,4.337,0.5036,2.1943,1.13
CELL-35,2026-08-03,thin,385,4.317,0.3804,1.8525,0.71
CELL-35,2026-08-04,thin,376,4.665,0.3712,1.9657,0.74
CELL-35,2026-08-05,thin,534,4.295,0.4822,2.3115,1.24
CELL-35,2026-08-06,thin,559,4.113,0.5931,2.6282,1.47
CELL-35,2026-08-07,thin,534,4.521,0.5785,2.646,1.41
CELL-35,2026-08-08,thin,540,5.552,0.398,2.4591,1.33
CELL-35,2026-08-09,thin,513,5.094,0.4392,1.9378,0.99
CELL-35,2026-08-10,thin,411,4.837,0.4476,2.1398,0.88
CELL-35,2026-08-11,thin,409,4.9,0.402,1.894,0.78
CELL-35,2026-08-12,thin,491,4.175,0.6023,2.7152,1.33
CELL-35,2026-08-13,thin,553,4.289,0.4582,2.2278,1.23
CELL-35,2026-08-14,thin,521,4.289,0.5773,2.3887,1.25
CELL-35,2026-08-15,thin,531,4.437,0.5387,2.5391,1.35
CELL-35,2026-08-16,thin,515,4.7,0.4577,2.5689,1.32
CELL-35,2026-08-17,thin,410,5.017,0.331,1.9257,0.79
CELL-35,2026-08-18,thin,380,3.886,0.576,2.4201,0.92
CELL-35,2026-08-19,thin,549,3.886,0.6589,2.7645,1.52
CELL-35,2026-08-20,thin,537,4.564,0.4604,2.4257,1.3
CELL-35,2026-08-21,thin,492,5.108,0.2999,1.7954,0.88
CELL-35,2026-08-22,thin,488,5.108,0.3159,1.8222,0.89
CELL-35,2026-08-23,thin,472,4.7,0.3805,1.5904,0.75
CELL-35,2026-08-24,thin,381,3.948,0.4967,2.2961,0.88
CELL-35,2026-08-25,thin,393,3.948,0.5342,2.4617,0.97
CELL-35,2026-08-26,thin,495,3.938,0.6939,2.8894,1.43
CELL-35,2026-08-27,thin,538,4.368,0.6265,2.7845,1.5
CELL-35,2026-08-28,thin,533,4.765,0.4823,2.5402,1.35
CELL-35,2026-08-29,thin,510,3.913,0.6523,2.7728,1.42
CELL-35,2026-08-30,thin,519,4.609,0.5835,3.0583,1.59
CELL-35,2026-08-31,thin,415,4.609,0.4919,2.3126,0.96
CELL-35,2026-09-01,thin,376,3.735,0.6849,2.8624,1.08
CELL-35,2026-09-02,thin,530,3.35,0.7656,3.1541,1.67
CELL-35,2026-09-03,thin,546,4.422,0.6936,3.217,1.76
CELL-35,2026-09-04,thin,505,4.369,0.6028,2.9216,1.48
CELL-35,2026-09-05,thin,472,5.181,0.4193,2.1844,1.03
CELL-35,2026-09-06,thin,488,5.181,0.3961,2.2593,1.1
CELL-35,2026-09-07,thin,419,4.511,0.4657,2.0385,0.86
CELL-35,2026-09-08,thin,343,3.6,0.6485,2.5709,0.88
CELL-35,2026-09-09,thin,485,4.295,0.5231,2.4477,1.19
CELL-35,2026-09-10,thin,500,3.883,0.6639,3.0214,1.51
CELL-35,2026-09-11,thin,503,4.834,0.4307,2.432,1.22
CELL-35,2026-09-12,thin,472,3.615,0.6341,2.4396,1.15
CELL-35,2026-09-13,thin,490,3.765,0.5959,2.4518,1.2
CELL-35,2026-09-14,thin,395,4.332,0.4762,2.0059,0.79
CELL-35,2026-09-15,thin,373,4.543,0.4093,1.9971,0.75
CELL-35,2026-09-16,thin,499,4.969,0.4522,2.337,1.17
CELL-35,2026-09-17,thin,521,4.394,0.5896,3.035,1.58
CELL-35,2026-09-18,thin,522,4.451,0.5307,2.8421,1.48
CELL-35,2026-09-19,thin,535,4.151,0.5069,1.9397,1.04
CELL-35,2026-09-20,thin,511,3.75,0.645,2.7938,1.43
CELL-35,2026-09-21,thin,386,4.39,0.4938,2.4956,0.97
CELL-35,2026-09-22,thin,394,4.645,0.4594,2.0798,0.82
CELL-35,2026-09-23,thin,493,5.233,0.3038,2.0256,1.0
CELL-35,2026-09-24,thin,493,5.233,0.292,1.7211,0.85
CELL-35,2026-09-25,thin,517,4.959,0.357,2.042,1.06
CELL-35,2026-09-26,thin,523,5.236,0.4361,2.1,1.1
CELL-35,2026-09-27,thin,505,5.225,0.24,1.5448,0.78
CELL-36,2026-04-01,thick,42455,0.576,0.9823,1.0574,44.89
CELL-36,2026-04-02,thick,43964,0.585,0.9813,1.0511,46.21
CELL-36,2026-04-03,thick,43647,0.717,0.949,1.0467,45.69
CELL-36,2026-04-04,thick,38479,0.717,0.944,1.031,39.67
CELL-36,2026-04-05,thick,37471,0.835,0.7103,0.6787,25.43
CELL-36,2026-04-06,thick,31808,0.85,0.5556,0.5103,16.23
CELL-36,2026-04-07,thick,31657,0.813,0.604,0.5384,17.05
CELL-36,2026-04-08,thick,43345,0.813,0.6752,0.6141,26.62
CELL-36,2026-04-09,thick,45549,0.931,0.5907,0.5991,27.29
CELL-36,2026-04-10,thick,45480,0.767,0.7724,0.7021,31.93
CELL-36,2026-04-11,thick,43385,0.767,0.7805,0.7138,30.97
CELL-36,2026-04-12,thick,45741,1.003,0.5607,0.6067,27.75
CELL-36,2026-04-13,thick,33179,0.96,0.5593,0.5762,19.12
CELL-36,2026-04-14,thick,29150,0.715,0.7473,0.6194,18.06
CELL-36,2026-04-15,thick,40615,0.701,0.8515,0.7673,31.16
CELL-36,2026-04-16,thick,44890,0.745,0.8345,0.7784,34.94
CELL-36,2026-04-17,thick,43315,0.921,0.7165,0.7516,32.56
CELL-36,2026-04-18,thick,41429,0.983,0.6424,0.7052,29.22
CELL-36,2026-04-19,thick,40387,0.842,0.8917,1.0164,41.05
CELL-36,2026-04-20,thick,34885,0.916,0.8771,1.0563,36.85
CELL-36,2026-04-21,thick,31049,1.027,0.7814,0.9567,29.7
CELL-36,2026-04-22,thick,42973,1.115,0.4579,0.5436,23.36
CELL-36,2026-04-23,thick,44239,1.09,0.528,0.6256,27.67
CELL-36,2026-04-24,thick,44330,0.989,0.5817,0.6221,27.58
CELL-36,2026-04-25,thick,41926,1.021,0.5641,0.6244,26.18
CELL-36,2026-04-26,thick,43722,1.091,0.5085,0.5952,26.02
CELL-36,2026-04-27,thick,35076,1.162,0.5035,0.6191,21.72
CELL-36,2026-04-28,thick,31704,1.092,0.465,0.5411,17.16
CELL-36,2026-04-29,thick,38827,0.9,0.6702,0.67,26.01
CELL-36,2026-04-30,thick,44091,0.91,0.6923,0.7172,31.62
CELL-36,2026-05-01,thick,45948,0.79,0.8165,0.7967,36.61
CELL-36,2026-05-02,thick,41972,0.779,0.8037,0.7596,31.88
CELL-36,2026-05-03,thick,40635,0.814,0.7622,0.7283,29.6
CELL-36,2026-05-04,thick,33922,1.108,0.5093,0.5989,20.32
CELL-36,2026-05-05,thick,30375,1.118,0.3932,0.459,13.94
CELL-36,2026-05-06,thick,43095,1.018,0.4581,0.4943,21.3
CELL-36,2026-05-07,thick,42177,0.979,0.5226,0.5472,23.08
CELL-36,2026-05-08,thick,42871,1.008,0.5875,0.6456,27.68
CELL-36,2026-05-09,thick,43551,0.99,0.5865,0.6344,27.63
CELL-36,2026-05-10,thick,40013,1.156,0.4144,0.4998,20.0
CELL-36,2026-05-11,thick,33266,1.061,0.4348,0.4867,16.19
CELL-36,2026-05-12,thick,31220,1.044,0.4301,0.4661,14.55
CELL-36,2026-05-13,thick,40746,0.989,0.5222,0.5552,22.62
CELL-36,2026-05-14,thick,41580,0.989,0.565,0.606,25.2
CELL-36,2026-05-15,thick,49461,0.989,0.4925,0.5212,25.78
CELL-36,2026-05-16,thick,40107,0.946,0.5905,0.608,24.39
CELL-36,2026-05-17,thick,40168,1.041,0.5053,0.5641,22.66
CELL-36,2026-05-18,thick,33949,1.126,0.331,0.383,13.0
CELL-36,2026-05-19,thick,29845,1.012,0.4406,0.4693,14.01
CELL-36,2026-05-20,thick,40409,0.932,0.5293,0.5331,21.54
CELL-36,2026-05-21,thick,41735,0.783,0.7456,0.6801,28.38
CELL-36,2026-05-22,thick,42841,0.851,0.7483,0.7424,31.81
CELL-36,2026-05-23,thick,44063,0.994,0.6048,0.6633,29.23
CELL-36,2026-05-24,thick,35524,1.121,0.4922,0.5866,20.84
CELL-36,2026-05-25,thick,37311,1.121,0.5241,0.6276,23.42
CELL-36,2026-05-26,thick,30104,1.279,0.2808,0.3729,11.23
CELL-36,2026-05-27,thick,37255,0.983,0.5486,0.5883,21.92
CELL-36,2026-05-28,thick,45915,0.954,0.6401,0.68,31.22
CELL-36,2026-05-29,thick,41927,1.04,0.5584,0.6338,26.57
CELL-36,2026-05-30,thick,37857,0.883,0.7973,0.8532,32.3
CELL-36,2026-05-31,thick,40968,0.873,0.7522,0.7702,31.56
CELL-36,2026-06-01,thick,33381,0.87,0.6472,0.6228,20.79
CELL-36,2026-06-02,thick,29359,0.886,0.5859,0.5702,16.74
CELL-36,2026-06-03,thick,42057,0.831,0.6633,0.6145,25.85
CELL-36,2026-06-04,thick,42192,0.922,0.6261,0.6382,26.93
CELL-36,2026-06-05,thick,46344,0.922,0.622,0.6297,29.18
CELL-36,2026-06-06,thick,43508,0.879,0.7114,0.7105,30.91
CELL-36,2026-06-07,thick,39171,0.947,0.5386,0.5441,21.32
CELL-36,2026-06-08,thick,35007,0.855,0.5432,0.5019,17.57
CELL-36,2026-06-09,thick,31899,0.747,0.7253,0.6207,19.8
CELL-36,2026-06-10,thick,44441,0.793,0.7432,0.6807,30.25
CELL-36,2026-06-11,thick,44021,0.893,0.6956,0.7069,31.12
CELL-36,2026-06-12,thick,44675,0.939,0.5837,0.5966,26.65
CELL-36,2026-06-13,thick,43005,0.846,0.6973,0.6633,28.53
CELL-36,2026-06-14,thick,37115,1.189,0.4548,0.5614,20.84
CELL-36,2026-06-15,thick,36778,1.125,0.4525,0.5326,19.59
CELL-36,2026-06-16,thick,31163,1.125,0.4679,0.5543,17.28
CELL-36,2026-06-17,thick,45798,1.027,0.5748,0.6391,29.27
CELL-36,2026-06-18,thick,43001,0.955,0.6391,0.6738,28.98
CELL-36,2026-06-19,thick,42269,0.822,0.7931,0.7908,33.43
CELL-36,2026-06-20,thick,39731,0.973,0.6301,0.6687,26.57
CELL-36,2026-06-21,thick,38706,1.086,0.5335,0.635,24.58
CELL-36,2026-06-22,thick,33151,1.12,0.523,0.6289,20.85
CELL-36,2026-06-23,thick,31855,1.12,0.4691,0.5648,17.99
CELL-36,2026-06-24,thick,43488,1.186,0.5348,0.673,29.27
CELL-36,2026-06-25,thick,46437,1.307,0.4291,0.5951,27.63
CELL-36,2026-06-26,thick,41294,1.137,0.5022,0.5974,24.67
CELL-36,2026-06-27,thick,41984,1.163,0.4096,0.4937,20.73
CELL-36,2026-06-28,thick,41985,0.994,0.5158,0.5469,22.96
CELL-36,2026-06-29,thick,33237,0.822,0.7035,0.6598,21.93
CELL-36,2026-06-30,thick,33493,0.822,0.6676,0.614,20.57
CELL-36,2026-07-01,thick,45539,1.071,0.5903,0.6952,31.66
CELL-36,2026-07-02,thick,42407,1.364,0.3149,0.4404,18.68
CELL-36,2026-07-03,thick,43448,1.137,0.4346,0.5118,22.24
CELL-36,2026-07-04,thick,42673,1.137,0.4857,0.5865,25.03
CELL-36,2026-07-05,thick,42632,1.173,0.4797,0.595,25.36
CELL-36,2026-07-06,thick,36782,1.011,0.5482,0.5914,21.75
CELL-36,2026-07-07,thick,30288,0.93,0.5913,0.6002,18.18
CELL-36,2026-07-08,thick,39586,0.93,0.6517,0.6721,26.61
CELL-36,2026-07-09,thick,44327,0.93,0.65,0.673,29.83
CELL-36,2026-07-10,thick,38623,0.848,0.6759,0.6393,24.69
CELL-36,2026-07-11,thick,41378,0.779,0.7408,0.6701,27.73
CELL-36,2026-07-12,thick,41740,0.819,0.6924,0.6435,26.86
CELL-36,2026-07-13,thick,34223,0.938,0.6262,0.6519,22.31
CELL-36,2026-07-14,thick,33733,0.975,0.554,0.5862,19.77
CELL-36,2026-07-15,thick,39402,0.957,0.5565,0.5772,22.74
CELL-36,2026-07-16,thick,45589,0.884,0.665,0.661,30.13
CELL-36,2026-07-17,thick,43687,0.884,0.7256,0.7402,32.34
CELL-36,2026-07-18,thick,42169,0.884,0.7017,0.7079,29.85
CELL-36,2026-07-19,thick,37791,0.918,0.5989,0.6057,22.89
CELL-36,2026-07-20,thick,35641,0.863,0.6633,0.6388,22.77
CELL-36,2026-07-21,thick,33077,0.819,0.709,0.6626,21.92
CELL-36,2026-07-22,thick,38032,0.792,0.7669,0.716,27.23
CELL-36,2026-07-23,thick,41348,0.911,0.7006,0.7271,30.06
CELL-36,2026-07-24,thick,43911,0.791,0.7929,0.757,33.24
CELL-36,2026-07-25,thick,39849,1.05,0.6064,0.6916,27.56
CELL-36,2026-07-26,thick,41008,0.93,0.6519,0.6767,27.75
CELL-36,2026-07-27,thick,33190,0.902,0.6162,0.6111,20.28
CELL-36,2026-07-28,thick,33565,0.902,0.5712,0.5612,18.84
CELL-36,2026-07-29,thick,41640,0.935,0.5723,0.5742,23.91
CELL-36,2026-07-30,thick,46033,0.867,0.6474,0.6263,28.83
CELL-36,2026-07-31,thick,44843,1.004,0.5877,0.6449,28.92
CELL-36,2026-08-01,thick,38859,1.05,0.5333,0.5988,23.27
CELL-36,2026-08-02,thick,39838,1.017,0.5181,0.571,22.75
CELL-36,2026-08-03,thick,32705,1.017,0.5331,0.5854,19.15
CELL-36,2026-08-04,thick,32678,1.042,0.5432,0.6068,19.83
CELL-36,2026-08-05,thick,44444,0.941,0.6312,0.6493,28.86
CELL-36,2026-08-06,thick,42992,0.941,0.5823,0.6075,26.12
CELL-36,2026-08-07,thick,39379,0.867,0.7097,0.7021,27.65
CELL-36,2026-08-08,thick,44192,1.006,0.5333,0.5713,25.25
CELL-36,2026-08-09,thick,40069,0.99,0.5569,0.5975,23.94
CELL-36,2026-08-10,thick,29860,0.921,0.5231,0.5129,15.31
CELL-36,2026-08-11,thick,32511,0.921,0.5743,0.5767,18.75
CELL-36,2026-08-12,thick,40540,0.921,0.6663,0.6913,28.03
CELL-36,2026-08-13,thick,43013,1.07,0.5073,0.5819,25.03
CELL-36,2026-08-14,thick,41419,1.035,0.5141,0.5691,23.57
CELL-36,2026-08-15,thick,43494,0.976,0.5715,0.6031,26.23
CELL-36,2026-08-16,thick,38213,1.279,0.3454,0.4566,17.45
CELL-36,2026-08-17,thick,38783,1.229,0.4007,0.5126,19.88
CELL-36,2026-08-18,thick,32770,1.229,0.3533,0.4486,14.7
CELL-36,2026-08-19,thick,42641,1.214,0.4228,0.5302,22.61
CELL-36,2026-08-20,thick,42805,1.155,0.5285,0.6561,28.08
CELL-36,2026-08-21,thick,41047,1.117,0.6024,0.7467,30.65
CELL-36,2026-08-22,thick,42032,1.05,0.5809,0.6664,28.01
CELL-36,2026-08-23,thick,40113,0.941,0.7278,0.7912,31.74
CELL-36,2026-08-24,thick,35978,0.78,0.6186,0.5291,19.04
CELL-36,2026-08-25,thick,33178,0.78,0.6449,0.5596,18.57
CELL-36,2026-08-26,thick,40078,0.855,0.5262,0.485,19.44
CELL-36,2026-08-27,thick,43960,0.74,0.6965,0.5849,25.71
CELL-36,2026-08-28,thick,42893,0.728,0.7471,0.6258,26.84
CELL-36,2026-08-29,thick,41393,0.831,0.592,0.5299,21.94
CELL-36,2026-08-30,thick,40415,0.885,0.5326,0.5038,20.36
CELL-36,2026-08-31,thick,33173,0.857,0.5474,0.504,16.72
CELL-36,2026-09-01,thick,31100,0.855,0.5617,0.5201,16.17
CELL-36,2026-09-02,thick,43490,0.912,0.505,0.489,21.27
CELL-36,2026-09-03,thick,46515,0.827,0.591,0.5295,24.63
CELL-36,2026-09-04,thick,44408,0.707,0.7102,0.5742,25.5
CELL-36,2026-09-05,thick,44664,0.675,0.7748,0.6181,27.6
CELL-36,2026-09-06,thick,42902,0.633,0.8267,0.6485,27.82
CELL-36,2026-09-07,thick,33236,0.715,0.6767,0.5441,18.09
CELL-36,2026-09-08,thick,33276,0.728,0.6563,0.5289,17.6
CELL-36,2026-09-09,thick,43682,0.648,0.7935,0.6167,26.94
CELL-36,2026-09-10,thick,44648,0.827,0.6229,0.5694,25.42
CELL-36,2026-09-11,thick,43552,0.84,0.6282,0.5912,25.75
CELL-36,2026-09-12,thick,40681,0.81,0.6537,0.5927,24.11
CELL-36,2026-09-13,thick,40609,0.996,0.4183,0.4385,17.81
CELL-36,2026-09-14,thick,33064,0.957,0.3692,0.3636,12.02
CELL-36,2026-09-15,thick,29433,0.879,0.4655,0.4394,12.93
CELL-36,2026-09-16,thick,42556,0.777,0.6444,0.5526,23.51
CELL-36,2026-09-17,thick,46388,0.777,0.3879,0.3474,16.12
CELL-36,2026-09-18,thick,44793,0.682,0.784,0.6436,28.83
CELL-36,2026-09-19,thick,39197,0.682,0.7733,0.6253,24.51
CELL-36,2026-09-20,thick,39268,0.682,0.8017,0.6608,25.95
CELL-36,2026-09-21,thick,35763,0.767,0.6955,0.6072,21.72
CELL-36,2026-09-22,thick,31233,0.767,0.3992,0.3201,10.0
CELL-36,2026-09-23,thick,43519,0.71,0.4783,0.3638,15.83
CELL-36,2026-09-24,thick,42064,0.695,0.4888,0.359,15.1
CELL-36,2026-09-25,thick,45744,0.737,0.4569,0.358,16.38
CELL-36,2026-09-26,thick,41658,0.751,0.4591,0.3633,15.13
CELL-36,2026-09-27,thick,40347,0.778,0.3985,0.3223,13.01
CELL-37,2026-04-01,thick,33806,1.333,0.8007,1.4295,48.33
CELL-37,2026-04-02,thick,32176,1.632,0.7055,1.386,44.6
CELL-37,2026-04-03,thick,35475,1.452,0.7693,1.4378,51.01
CELL-37,2026-04-04,thick,30422,1.562,0.7442,1.4567,44.32
CELL-37,2026-04-05,thick,30546,1.42,0.8107,1.5429,47.13
CELL-37,2026-04-06,thick,29503,1.53,0.7562,1.4618,43.13
CELL-37,2026-04-07,thick,27358,1.362,0.8037,1.4661,40.11
CELL-37,2026-04-08,thick,32002,1.362,0.829,1.5809,50.59
CELL-37,2026-04-09,thick,34240,1.429,0.7933,1.4947,51.18
CELL-37,2026-04-10,thick,35659,1.745,0.6446,1.313,46.82
CELL-37,2026-04-11,thick,34132,1.892,0.5884,1.2651,43.18
CELL-37,2026-04-12,thick,34482,2.305,0.5036,1.2581,43.38
CELL-37,2026-04-13,thick,27210,2.307,0.4837,1.2284,33.42
CELL-37,2026-04-14,thick,25619,2.427,0.4781,1.2543,32.13
CELL-37,2026-04-15,thick,33746,2.034,0.5937,1.3736,46.35
CELL-37,2026-04-16,thick,35184,2.162,0.5111,1.2202,42.93
CELL-37,2026-04-17,thick,38964,2.162,0.5293,1.2731,49.6
CELL-37,2026-04-18,thick,34763,2.071,0.5014,1.1358,39.48
CELL-37,2026-04-19,thick,33708,1.925,0.5485,1.1799,39.77
CELL-37,2026-04-20,thick,26980,1.925,0.5682,1.1996,32.37
CELL-37,2026-04-21,thick,26165,2.099,0.5104,1.1607,30.37
CELL-37,2026-04-22,thick,34817,1.969,0.6198,1.4049,48.91
CELL-37,2026-04-23,thick,35316,1.968,0.6282,1.4261,50.37
CELL-37,2026-04-24,thick,38044,2.127,0.5871,1.4096,53.63
CELL-37,2026-04-25,thick,34020,2.05,0.5729,1.3063,44.44
CELL-37,2026-04-26,thick,36025,2.224,0.4872,1.1678,42.07
CELL-37,2026-04-27,thick,26552,2.124,0.5312,1.2627,33.53
CELL-37,2026-04-28,thick,25973,2.068,0.5515,1.2533,32.55
CELL-37,2026-04-29,thick,34802,1.72,0.6909,1.4162,49.29
CELL-37,2026-04-30,thick,37462,1.967,0.6363,1.4635,54.83
CELL-37,2026-05-01,thick,38545,1.716,0.7153,1.5132,58.33
CELL-37,2026-05-02,thick,35243,2.033,0.614,1.4214,50.09
CELL-37,2026-05-03,thick,30408,2.033,0.5735,1.3136,39.94
CELL-37,2026-05-04,thick,26996,1.934,0.6196,1.3778,37.2
CELL-37,2026-05-05,thick,24817,2.09,0.5244,1.1885,29.5
CELL-37,2026-05-06,thick,35178,2.013,0.5722,1.2722,44.75
CELL-37,2026-05-07,thick,35437,1.927,0.5193,1.1067,39.22
CELL-37,2026-05-08,thick,38818,1.784,0.6552,1.3768,53.45
CELL-37,2026-05-09,thick,35379,1.784,0.7069,1.5258,53.98
CELL-37,2026-05-10,thick,30004,1.784,0.7083,1.5389,46.17
CELL-37,2026-05-11,thick,26905,1.784,0.6871,1.453,39.1
CELL-37,2026-05-12,thick,27367,1.891,0.6348,1.4075,38.52
CELL-37,2026-05-13,thick,30792,2.01,0.6395,1.4994,46.17
CELL-37,2026-05-14,thick,38033,2.117,0.5708,1.3512,51.39
CELL-37,2026-05-15,thick,38513,2.39,0.5161,1.3392,51.58
CELL-37,2026-05-16,thick,36123,2.558,0.4941,1.3424,48.49
CELL-37,2026-05-17,thick,33984,2.558,0.4606,1.266,43.02
CELL-37,2026-05-18,thick,28027,2.316,0.4734,1.1995,33.62
CELL-37,2026-05-19,thick,26807,2.488,0.4364,1.1599,31.09
CELL-37,2026-05-20,thick,36315,2.22,0.5333,1.297,47.1
CELL-37,2026-05-21,thick,35486,2.219,0.5208,1.2781,45.36
CELL-37,2026-05-22,thick,34987,2.431,0.4702,1.2406,43.41
CELL-37,2026-05-23,thick,34503,2.308,0.5384,1.37,47.27
CELL-37,2026-05-24,thick,27442,2.017,0.6137,1.4225,39.04
CELL-37,2026-05-25,thick,28670,2.236,0.5401,1.3325,38.2
CELL-37,2026-05-26,thick,24117,2.357,0.506,1.2996,31.34
CELL-37,2026-05-27,thick,36397,2.001,0.7741,2.0104,73.17
CELL-37,2026-05-28,thick,34002,2.044,0.7656,1.9715,67.04
CELL-37,2026-05-29,thick,35909,2.315,0.7586,2.2198,79.71
CELL-37,2026-05-30,thick,31861,2.199,0.6028,1.5003,47.8
CELL-37,2026-05-31,thick,34821,2.199,0.6055,1.5096,52.57
CELL-37,2026-06-01,thick,29137,2.199,0.5125,1.245,36.28
CELL-37,2026-06-02,thick,25195,2.302,0.4489,1.0832,27.29
CELL-37,2026-06-03,thick,33211,2.194,0.4814,1.148,38.13
CELL-37,2026-06-04,thick,36139,1.795,0.5572,1.1303,40.85
CELL-37,2026-06-05,thick,35087,1.758,0.7043,1.5,52.63
CELL-37,2026-06-06,thick,33958,1.758,0.7107,1.5303,51.97
CELL-37,2026-06-07,thick,31319,1.758,0.6924,1.469,46.01
CELL-37,2026-06-08,thick,28895,1.599,0.7112,1.3862,40.06
CELL-37,2026-06-09,thick,24643,1.884,0.6064,1.3038,32.13
CELL-37,2026-06-10,thick,36204,1.668,0.7015,1.4178,51.33
CELL-37,2026-06-11,thick,36665,1.668,0.7325,1.5027,55.1
CELL-37,2026-06-12,thick,35895,1.877,0.6926,1.5727,56.45
CELL-37,2026-06-13,thick,36342,1.877,0.664,1.4816,53.84
CELL-37,2026-06-14,thick,30685,1.735,0.6811,1.4077,43.2
CELL-37,2026-06-15,thick,27465,1.861,0.6239,1.3458,36.96
CELL-37,2026-06-16,thick,26974,1.713,0.641,1.2839,34.63
CELL-37,2026-06-17,thick,34374,1.706,0.7177,1.5092,51.88
CELL-37,2026-06-18,thick,36736,1.721,0.7153,1.5336,56.34
CELL-37,2026-06-19,thick,36247,1.782,0.7245,1.5846,57.44
CELL-37,2026-06-20,thick,34165,1.582,0.5814,1.0343,35.34
CELL-37,2026-06-21,thick,30938,1.758,0.4514,0.8542,26.43
CELL-37,2026-06-22,thick,26599,1.728,0.441,0.8184,21.77
CELL-37,2026-06-23,thick,26329,1.556,0.5015,0.849,22.35
CELL-37,2026-06-24,thick,34776,1.551,0.5019,0.8494,29.54
CELL-37,2026-06-25,thick,37373,1.551,0.5347,0.9167,34.26
CELL-37,2026-06-26,thick,33321,1.468,0.5914,0.9742,32.46
CELL-37,2026-06-27,thick,34988,1.468,0.5387,0.8767,30.67
CELL-37,2026-06-28,thick,33270,1.468,0.553,0.9082,30.22
CELL-37,2026-06-29,thick,27102,1.561,0.497,0.8506,23.05
CELL-37,2026-06-30,thick,24753,1.595,0.4584,0.7811,19.34
CELL-37,2026-07-01,thick,36014,1.595,0.4708,0.817,29.42
CELL-37,2026-07-02,thick,36355,1.595,0.5227,0.9269,33.7
CELL-37,2026-07-03,thick,33906,1.661,0.4728,0.8451,28.65
CELL-37,2026-07-04,thick,33998,1.605,0.4934,0.8617,29.3
CELL-37,2026-07-05,thick,32455,1.236,0.6561,0.9418,30.57
CELL-37,2026-07-06,thick,28909,1.314,0.6224,0.9298,26.88
CELL-37,2026-07-07,thick,26874,1.411,0.5563,0.8772,23.57
CELL-37,2026-07-08,thick,33364,1.35,0.5289,0.7907,26.38
CELL-37,2026-07-09,thick,38272,1.325,0.5355,0.7842,30.01
CELL-37,2026-07-10,thick,37165,1.076,0.702,0.9127,33.92
CELL-37,2026-07-11,thick,32527,1.302,0.5461,0.8014,26.07
CELL-37,2026-07-12,thick,33240,1.302,0.5813,0.8582,28.53
CELL-37,2026-07-13,thick,28053,1.325,0.5098,0.7403,20.77
CELL-37,2026-07-14,thick,24832,1.158,0.624,0.837,20.79
CELL-37,2026-07-15,thick,33075,0.958,0.7479,0.9167,30.32
CELL-37,2026-07-16,thick,36521,0.972,0.739,0.9036,33.0
CELL-37,2026-07-17,thick,33843,0.972,0.79,1.0099,34.18
CELL-37,2026-07-18,thick,35004,1.061,0.7499,0.9999,35.0
CELL-37,2026-07-19,thick,32662,0.974,0.7503,0.9319,30.44
CELL-37,2026-07-20,thick,28349,0.974,0.7187,0.8545,24.22
CELL-37,2026-07-21,thick,24238,1.166,0.6141,0.821,19.9
CELL-37,2026-07-22,thick,34990,1.206,0.6533,0.9282,32.48
CELL-37,2026-07-23,thick,33536,1.117,0.7093,0.9704,32.54
CELL-37,2026-07-24,thick,35069,1.32,0.5957,0.8977,31.48
CELL-37,2026-07-25,thick,34619,1.32,0.5519,0.8122,28.12
CELL-37,2026-07-26,thick,31452,1.174,0.6628,0.9317,29.3
CELL-37,2026-07-27,thick,28745,1.401,0.5104,0.7738,22.24
CELL-37,2026-07-28,thick,27324,1.462,0.478,0.7671,20.96
CELL-37,2026-07-29,thick,35813,1.336,0.7455,1.2559,44.98
CELL-37,2026-07-30,thick,35570,1.446,0.7021,1.2315,43.81
CELL-37,2026-07-31,thick,34057,1.406,0.7367,1.3019,44.34
CELL-37,2026-08-01,thick,35661,1.217,0.8125,1.3354,47.62
CELL-37,2026-08-02,thick,32935,1.442,0.6602,1.1208,36.91
CELL-37,2026-08-03,thick,27059,1.45,0.6225,1.0385,28.1
CELL-37,2026-08-04,thick,26199,1.189,0.6863,0.9841,25.78
CELL-37,2026-08-05,thick,35313,1.215,0.6843,0.9989,35.27
CELL-37,2026-08-06,thick,32896,1.156,0.7737,1.1659,38.35
CELL-37,2026-08-07,thick,36711,1.104,0.804,1.1887,43.64
CELL-37,2026-08-08,thick,32516,1.146,0.7862,1.189,38.66
CELL-37,2026-08-09,thick,31164,1.168,0.7921,1.2279,38.27
CELL-37,2026-08-10,thick,27795,1.298,0.7445,1.2189,33.88
CELL-37,2026-08-11,thick,25648,1.298,0.7322,1.1856,30.41
CELL-37,2026-08-12,thick,36950,1.121,0.839,1.3075,48.31
CELL-37,2026-08-13,thick,36078,1.299,0.7652,1.2836,46.31
CELL-37,2026-08-14,thick,36088,1.418,0.6947,1.1915,43.0
CELL-37,2026-08-15,thick,35465,1.609,0.6634,1.2725,45.13
CELL-37,2026-08-16,thick,34955,1.802,0.5631,1.1395,39.83
CELL-37,2026-08-17,thick,25476,1.756,0.5461,1.0636,27.1
CELL-37,2026-08-18,thick,26364,1.439,0.672,1.1325,29.86
CELL-37,2026-08-19,thick,37659,1.439,0.6693,1.1355,42.76
CELL-37,2026-08-20,thick,35787,1.496,0.687,1.2329,44.12
CELL-37,2026-08-21,thick,32713,1.803,0.5707,1.1595,37.93
CELL-37,2026-08-22,thick,35851,1.621,0.6007,1.1035,39.56
CELL-37,2026-08-23,thick,32857,1.341,0.6766,1.0809,35.52
CELL-37,2026-08-24,thick,25860,1.348,0.6693,1.0571,27.34
CELL-37,2026-08-25,thick,28183,1.184,0.7583,1.1581,32.64
CELL-37,2026-08-26,thick,35308,1.182,0.8162,1.3128,46.35
CELL-37,2026-08-27,thick,33352,1.182,0.8246,1.3508,45.05
CELL-37,2026-08-28,thick,35926,1.182,0.5113,0.8608,30.93
CELL-37,2026-08-29,thick,34732,1.185,0.8298,1.3573,47.14
CELL-37,2026-08-30,thick,30952,1.464,0.7113,1.2734,39.42
CELL-37,2026-08-31,thick,26285,1.549,0.6416,1.1624,30.55
CELL-37,2026-09-01,thick,26620,1.67,0.6225,1.1833,31.5
CELL-37,2026-09-02,thick,32852,1.656,0.6186,1.1719,38.5
CELL-37,2026-09-03,thick,38206,1.523,0.7188,1.3423,51.28
CELL-37,2026-09-04,thick,34991,1.523,0.704,1.2954,45.33
CELL-37,2026-09-05,thick,33061,1.466,0.7176,1.2997,42.97
CELL-37,2026-09-06,thick,31948,1.253,0.758,1.2205,38.99
CELL-37,2026-09-07,thick,29989,1.253,0.7137,1.1046,33.13
CELL-37,2026-09-08,thick,26386,1.386,0.6853,1.1369,30.0
CELL-37,2026-09-09,thick,33382,1.155,0.7499,1.0927,36.48
CELL-37,2026-09-10,thick,31022,1.36,0.7388,1.2587,39.05
CELL-37,2026-09-11,thick,33618,1.146,0.8189,1.2942,43.51
CELL-37,2026-09-12,thick,34485,1.226,0.7823,1.2525,43.19
CELL-37,2026-09-13,thick,32009,1.238,0.7503,1.1676,37.37
CELL-37,2026-09-14,thick,28938,1.184,0.77,1.1837,34.26
CELL-37,2026-09-15,thick,23967,1.291,0.6709,1.0243,24.55
CELL-37,2026-09-16,thick,33035,1.162,0.785,1.2138,40.1
CELL-37,2026-09-17,thick,37759,1.181,0.7964,1.2476,47.11
CELL-37,2026-09-18,thick,34544,1.351,0.7699,1.3404,46.3
CELL-37,2026-09-19,thick,33213,1.403,0.7569,1.3579,45.1
CELL-37,2026-09-20,thick,31657,1.403,0.6898,1.1561,36.6
CELL-37,2026-09-21,thick,28335,1.61,0.5875,1.0697,30.31
CELL-37,2026-09-22,thick,26569,1.517,0.6021,1.0469,27.82
CELL-37,2026-09-23,thick,37252,1.517,0.6542,1.1563,43.07
CELL-37,2026-09-24,thick,35978,1.587,0.632,1.1562,41.6
CELL-37,2026-09-25,thick,37542,1.629,0.6361,1.1913,44.73
CELL-37,2026-09-26,thick,30784,1.841,0.5179,1.0534,32.43
CELL-37,2026-09-27,thick,32799,1.841,0.4764,0.9347,30.66
CELL-38,2026-04-01,mid,3935,1.307,0.9432,1.8015,7.09
CELL-38,2026-04-02,mid,4099,1.597,0.8535,1.761,7.22
CELL-38,2026-04-03,mid,4082,1.928,0.7648,1.6964,6.92
CELL-38,2026-04-04,mid,3686,1.928,0.7092,1.5895,5.86
CELL-38,2026-04-05,mid,3221,2.007,0.7542,1.7767,5.72
CELL-38,2026-04-06,mid,3000,2.055,0.6595,1.5924,4.78
CELL-38,2026-04-07,mid,2991,2.055,0.6538,1.5096,4.52
CELL-38,2026-04-08,mid,3862,1.933,0.8091,1.8777,7.25
CELL-38,2026-04-09,mid,4616,1.947,0.4078,0.9306,4.3
CELL-38,2026-04-10,mid,4326,2.028,0.8655,2.2286,9.64
CELL-38,2026-04-11,mid,3810,2.028,0.8912,2.4778,9.44
CELL-38,2026-04-12,mid,3951,2.028,0.8931,2.4418,9.65
CELL-38,2026-04-13,mid,3017,2.028,0.7097,1.6807,5.07
CELL-38,2026-04-14,mid,2964,1.938,0.9076,2.4912,7.38
CELL-38,2026-04-15,mid,3839,2.072,0.7964,1.9967,7.67
CELL-38,2026-04-16,mid,3764,2.072,0.7873,2.0225,7.61
CELL-38,2026-04-17,mid,3949,2.38,0.6931,1.8241,7.2
CELL-38,2026-04-18,mid,3833,3.287,0.4208,1.4618,5.6
CELL-38,2026-04-19,mid,3605,2.873,0.5172,1.5869,5.72
CELL-38,2026-04-20,mid,2868,2.873,0.4191,1.2789,3.67
CELL-38,2026-04-21,mid,2959,2.361,0.54,1.3728,4.06
CELL-38,2026-04-22,mid,4147,2.361,0.5696,1.4583,6.05
CELL-38,2026-04-23,mid,4137,2.235,0.6374,1.5848,6.56
CELL-38,2026-04-24,mid,4077,2.376,0.5876,1.4881,6.07
CELL-38,2026-04-25,mid,3361,2.311,0.5709,1.4267,4.8
CELL-38,2026-04-26,mid,3602,2.094,0.6461,1.4817,5.34
CELL-38,2026-04-27,mid,3190,1.862,0.7342,1.5686,5.01
CELL-38,2026-04-28,mid,2735,1.821,0.7483,1.5239,4.17
CELL-38,2026-04-29,mid,3993,1.897,0.743,1.6259,6.49
CELL-38,2026-04-30,mid,3818,1.897,0.7976,1.8303,6.99
CELL-38,2026-05-01,mid,4245,2.046,0.7774,1.8856,8.01
CELL-38,2026-05-02,mid,3678,2.373,0.654,1.7256,6.35
CELL-38,2026-05-03,mid,3598,2.582,0.5845,1.5916,5.73
CELL-38,2026-05-04,mid,3236,2.939,0.4299,1.3621,4.41
CELL-38,2026-05-05,mid,3115,2.326,0.5865,1.5264,4.76
CELL-38,2026-05-06,mid,3829,2.326,0.6239,1.6181,6.2
CELL-38,2026-05-07,mid,4174,2.516,0.6139,1.7412,7.27
CELL-38,2026-05-08,mid,3785,2.593,0.6376,1.7892,6.77
CELL-38,2026-05-09,mid,3627,2.799,0.5909,1.8181,6.6
CELL-38,2026-05-10,mid,3727,2.799,0.5436,1.6825,6.27
CELL-38,2026-05-11,mid,2976,2.895,0.5498,1.6083,4.79
CELL-38,2026-05-12,mid,2728,2.895,0.5006,1.603,4.37
CELL-38,2026-05-13,mid,3841,2.895,0.502,1.5519,5.96
CELL-38,2026-05-14,mid,4058,2.77,0.4203,1.266,5.14
CELL-38,2026-05-15,mid,3779,2.712,0.6148,1.84,6.95
CELL-38,2026-05-16,mid,3658,2.949,0.5376,1.6944,6.2
CELL-38,2026-05-17,mid,3433,2.941,0.5371,1.6905,5.8
CELL-38,2026-05-18,mid,3160,3.162,0.4503,1.5722,4.97
CELL-38,2026-05-19,mid,2867,3.25,0.4054,1.4102,4.04
CELL-38,2026-05-20,mid,3783,2.617,0.5824,1.6879,6.39
CELL-38,2026-05-21,mid,4006,2.659,0.5884,1.6501,6.61
CELL-38,2026-05-22,mid,3776,2.628,0.4934,1.3451,5.08
CELL-38,2026-05-23,mid,3835,2.525,0.5468,1.4764,5.66
CELL-38,2026-05-24,mid,3283,2.921,0.3884,1.2396,4.07
CELL-38,2026-05-25,mid,3144,2.518,0.4965,1.3141,4.13
CELL-38,2026-05-26,mid,2927,2.287,0.5761,1.3701,4.01
CELL-38,2026-05-27,mid,3869,2.296,0.5886,1.4698,5.69
CELL-38,2026-05-28,mid,4169,2.492,0.5903,1.612,6.72
CELL-38,2026-05-29,mid,4083,2.621,0.5371,1.516,6.19
CELL-38,2026-05-30,mid,3761,2.621,0.5509,1.6326,6.14
CELL-38,2026-05-31,mid,3437,1.966,0.7911,1.913,6.58
CELL-38,2026-06-01,mid,2956,2.075,0.7116,1.6837,4.98
CELL-38,2026-06-02,mid,2692,1.96,0.7719,1.7971,4.84
CELL-38,2026-06-03,mid,3823,1.96,0.7661,1.825,6.98
CELL-38,2026-06-04,mid,4039,2.293,0.6344,1.5682,6.33
CELL-38,2026-06-05,mid,3918,2.449,0.6707,1.8818,7.37
CELL-38,2026-06-06,mid,4217,3.177,0.4173,1.4403,6.08
CELL-38,2026-06-07,mid,3815,2.644,0.5399,1.526,5.82
CELL-38,2026-06-08,mid,2809,2.919,0.3466,0.988,2.78
CELL-38,2026-06-09,mid,2964,2.567,0.46,1.2936,3.83
CELL-38,2026-06-10,mid,4192,2.129,0.6721,1.6105,6.75
CELL-38,2026-06-11,mid,4023,2.129,0.6799,1.6691,6.72
CELL-38,2026-06-12,mid,4278,2.658,0.5492,1.5542,6.65
CELL-38,2026-06-13,mid,3967,2.475,0.6165,1.6771,6.65
CELL-38,2026-06-14,mid,3560,2.498,0.5859,1.5985,5.69
CELL-38,2026-06-15,mid,2885,2.644,0.3029,0.8211,2.37
CELL-38,2026-06-16,mid,2794,2.59,0.3222,0.9126,2.55
CELL-38,2026-06-17,mid,3935,2.59,0.5276,1.5079,5.93
CELL-38,2026-06-18,mid,4000,2.227,0.7905,2.1559,8.62
CELL-38,2026-06-19,mid,3901,2.269,0.7729,2.1041,8.21
CELL-38,2026-06-20,mid,3528,2.59,0.6835,2.0066,7.08
CELL-38,2026-06-21,mid,3558,2.449,0.7292,2.0013,7.12
CELL-38,2026-06-22,mid,3400,2.473,0.7035,2.0012,6.81
CELL-38,2026-06-23,mid,2937,2.583,0.7186,2.0548,6.04
CELL-38,2026-06-24,mid,4004,3.072,0.5428,1.8345,7.35
CELL-38,2026-06-25,mid,4365,3.109,0.5917,2.026,8.84
CELL-38,2026-06-26,mid,3916,3.067,0.5799,2.0121,7.88
CELL-38,2026-06-27,mid,3835,3.067,0.3342,1.0186,3.91
CELL-38,2026-06-28,mid,3740,3.148,0.7566,2.8026,10.48
CELL-38,2026-06-29,mid,3223,3.281,0.7092,2.6833,8.65
CELL-38,2026-06-30,mid,2876,3.647,0.4078,1.5298,4.4
CELL-38,2026-07-01,mid,3761,3.647,0.4034,1.5689,5.9
CELL-38,2026-07-02,mid,3877,2.841,0.6304,1.9796,7.68
CELL-38,2026-07-03,mid,4247,2.985,0.6397,2.1431,9.1
CELL-38,2026-07-04,mid,4206,2.746,0.6484,2.0529,8.64
CELL-38,2026-07-05,mid,3613,2.746,0.6328,2.0012,7.23
CELL-38,2026-07-06,mid,2886,2.497,0.6425,1.7699,5.11
CELL-38,2026-07-07,mid,2926,3.35,0.4013,1.4419,4.22
CELL-38,2026-07-08,mid,3650,2.939,0.4603,1.5266,5.57
CELL-38,2026-07-09,mid,3864,3.061,0.5212,1.6928,6.54
CELL-38,2026-07-10,mid,4285,2.913,0.5787,1.842,7.89
CELL-38,2026-07-11,mid,3887,2.913,0.6607,2.1284,8.27
CELL-38,2026-07-12,mid,3616,2.722,0.7563,2.4302,8.79
CELL-38,2026-07-13,mid,3200,2.983,0.5481,1.8172,5.82
CELL-38,2026-07-14,mid,2916,2.561,0.6248,1.7272,5.04
CELL-38,2026-07-15,mid,4160,2.864,0.5945,1.903,7.92
CELL-38,2026-07-16,mid,4041,2.864,0.5852,1.8355,7.42
CELL-38,2026-07-17,mid,4209,3.046,0.589,1.9295,8.12
CELL-38,2026-07-18,mid,3737,3.046,0.5742,1.9098,7.14
CELL-38,2026-07-19,mid,3753,3.408,0.4387,1.568,5.88
CELL-38,2026-07-20,mid,3247,2.529,0.659,1.8407,5.98
CELL-38,2026-07-21,mid,3093,2.976,0.5738,1.8366,5.68
CELL-38,2026-07-22,mid,4039,2.927,0.6112,2.0132,8.13
CELL-38,2026-07-23,mid,4322,2.927,0.6575,2.131,9.21
CELL-38,2026-07-24,mid,3592,2.865,0.7119,2.4093,8.65
CELL-38,2026-07-25,mid,3809,2.593,0.7296,2.2134,8.43
CELL-38,2026-07-26,mid,3409,2.783,0.6054,1.8299,6.24
CELL-38,2026-07-27,mid,3064,3.206,0.4375,1.5546,4.76
CELL-38,2026-07-28,mid,2881,3.016,0.5281,1.7758,5.12
CELL-38,2026-07-29,mid,3682,3.016,0.5375,1.7849,6.57
CELL-38,2026-07-30,mid,3964,2.38,0.7436,2.0869,8.27
CELL-38,2026-07-31,mid,3974,2.565,0.7187,2.1272,8.46
CELL-38,2026-08-01,mid,3997,2.572,0.7536,2.3262,9.3
CELL-38,2026-08-02,mid,3967,2.902,0.6517,2.0726,8.22
CELL-38,2026-08-03,mid,3028,2.653,0.6429,1.9102,5.78
CELL-38,2026-08-04,mid,2885,2.542,0.6482,1.8011,5.2
CELL-38,2026-08-05,mid,4120,2.5,0.3518,0.9668,3.98
CELL-38,2026-08-06,mid,4097,2.5,0.6944,1.8873,7.73
CELL-38,2026-08-07,mid,3956,2.426,0.7343,2.0619,8.16
CELL-38,2026-08-08,mid,3792,2.301,0.8067,2.2973,8.71
CELL-38,2026-08-09,mid,3549,2.506,0.7481,2.1813,7.74
CELL-38,2026-08-10,mid,3103,2.851,0.6084,1.9127,5.94
CELL-38,2026-08-11,mid,2700,3.005,0.4893,1.5999,4.32
CELL-38,2026-08-12,mid,3863,3.005,0.5182,1.6225,6.27
CELL-38,2026-08-13,mid,4293,2.781,0.6019,1.8057,7.75
CELL-38,2026-08-14,mid,4069,2.502,0.7061,2.0183,8.21
CELL-38,2026-08-15,mid,3696,2.716,0.6935,2.1512,7.95
CELL-38,2026-08-16,mid,3499,2.716,0.6746,2.0096,7.03
CELL-38,2026-08-17,mid,3109,3.194,0.4995,1.64,5.1
CELL-38,2026-08-18,mid,2888,3.269,0.4433,1.5178,4.38
CELL-38,2026-08-19,mid,3605,3.091,0.5263,1.7536,6.32
CELL-38,2026-08-20,mid,3997,3.416,0.4982,1.8147,7.25
CELL-38,2026-08-21,mid,4114,3.416,0.5223,1.8977,7.81
CELL-38,2026-08-22,mid,3798,3.012,0.5526,1.7674,6.71
CELL-38,2026-08-23,mid,3517,2.939,0.6042,1.8863,6.64
CELL-38,2026-08-24,mid,3091,2.939,0.547,1.7205,5.32
CELL-38,2026-08-25,mid,2963,2.957,0.5331,1.7564,5.21
CELL-38,2026-08-26,mid,3784,2.997,0.5595,1.8357,6.95
CELL-38,2026-08-27,mid,3920,3.271,0.4383,1.5158,5.94
CELL-38,2026-08-28,mid,4290,2.672,0.3024,0.8903,3.82
CELL-38,2026-08-29,mid,3228,2.23,0.7402,1.8701,6.04
CELL-38,2026-08-30,mid,3881,2.23,0.7648,2.02,7.84
CELL-38,2026-08-31,mid,3088,2.738,0.6042,1.8613,5.75
CELL-38,2026-09-01,mid,3093,3.07,0.5103,1.5903,4.92
CELL-38,2026-09-02,mid,4022,3.247,0.4897,1.6565,6.66
CELL-38,2026-09-03,mid,3969,3.449,0.4088,1.4484,5.75
CELL-38,2026-09-04,mid,3995,3.449,0.4051,1.4332,5.73
CELL-38,2026-09-05,mid,3917,3.048,0.5847,1.9667,7.7
CELL-38,2026-09-06,mid,3789,2.784,0.6776,2.1263,8.06
CELL-38,2026-09-07,mid,2732,2.784,0.5807,1.7192,4.7
CELL-38,2026-09-08,mid,2796,3.092,0.5134,1.6921,4.73
CELL-38,2026-09-09,mid,3843,2.979,0.6242,2.0873,8.02
CELL-38,2026-09-10,mid,3691,3.377,0.5988,2.1398,7.9
CELL-38,2026-09-11,mid,3963,3.712,0.4784,1.8754,7.43
CELL-38,2026-09-12,mid,4236,3.515,0.4814,1.8738,7.94
CELL-38,2026-09-13,mid,3779,4.05,0.409,1.7599,6.65
CELL-38,2026-09-14,mid,3024,4.334,0.3693,1.6688,5.05
CELL-38,2026-09-15,mid,2890,4.334,0.2796,1.2313,3.56
CELL-38,2026-09-16,mid,3633,3.156,0.5149,1.7394,6.32
CELL-38,2026-09-17,mid,4346,3.282,0.5533,1.9642,8.54
CELL-38,2026-09-18,mid,3885,3.02,0.5991,1.9686,7.65
CELL-38,2026-09-19,mid,4201,4.055,0.3823,1.6173,6.8
CELL-38,2026-09-20,mid,3376,4.073,0.3521,1.4696,4.96
CELL-38,2026-09-21,mid,3075,4.073,0.4055,1.8634,5.73
CELL-38,2026-09-22,mid,2741,3.324,0.5332,1.9271,5.28
CELL-38,2026-09-23,mid,3564,4.02,0.4076,1.7489,6.23
CELL-38,2026-09-24,mid,3836,4.215,0.3402,1.5575,5.97
CELL-38,2026-09-25,mid,3884,4.215,0.3559,1.5191,5.9
CELL-38,2026-09-26,mid,3664,3.413,0.5654,2.1147,7.75
CELL-38,2026-09-27,mid,3941,3.808,0.4837,1.9354,7.63
CELL-39,2026-04-01,thick,233606,1.056,0.9714,1.9829,463.23
CELL-39,2026-04-02,thick,228326,1.268,0.9665,2.2628,516.66
CELL-39,2026-04-03,thick,262205,1.436,0.931,2.0388,534.59
CELL-39,2026-04-04,thick,209612,1.823,0.8346,1.9204,402.55
CELL-39,2026-04-05,thick,225706,2.099,0.7853,1.9846,447.93
CELL-39,2026-04-06,thick,177066,2.27,0.683,1.7442,308.85
CELL-39,2026-04-07,thick,170811,2.278,0.7047,1.8238,311.52
CELL-39,2026-04-08,thick,231876,2.692,0.5981,1.7573,407.48
CELL-39,2026-04-09,thick,273465,2.509,0.7175,2.0738,567.11
CELL-39,2026-04-10,thick,250003,2.509,0.676,1.9085,477.13
CELL-39,2026-04-11,thick,222946,2.425,0.6683,1.8224,406.3
CELL-39,2026-04-12,thick,227703,2.407,0.6618,1.7846,406.36
CELL-39,2026-04-13,thick,183880,1.989,0.8926,2.4613,452.59
CELL-39,2026-04-14,thick,165035,1.989,0.8278,2.0641,340.66
CELL-39,2026-04-15,thick,214270,1.902,0.8868,2.3079,494.5
CELL-39,2026-04-16,thick,243565,2.184,0.8046,2.1513,523.98
CELL-39,2026-04-17,thick,245432,2.461,0.6838,1.9033,467.14
CELL-39,2026-04-18,thick,238775,2.661,0.6492,1.9158,457.45
CELL-39,2026-04-19,thick,213173,2.751,0.6196,1.864,397.35
CELL-39,2026-04-20,thick,172913,2.812,0.5705,1.7266,298.56
CELL-39,2026-04-21,thick,173572,2.812,0.7764,2.6109,453.18
CELL-39,2026-04-22,thick,226412,2.675,0.8639,3.0342,686.97
CELL-39,2026-04-23,thick,223086,3.043,0.7992,2.9556,659.36
CELL-39,2026-04-24,thick,222199,3.064,0.5931,1.9813,440.25
CELL-39,2026-04-25,thick,218863,2.683,0.66,1.9759,432.45
CELL-39,2026-04-26,thick,226297,2.695,0.5976,1.7564,397.46
CELL-39,2026-04-27,thick,185721,2.382,0.6765,1.8146,337.01
CELL-39,2026-04-28,thick,174371,2.133,0.71,1.732,302.01
CELL-39,2026-04-29,thick,236094,1.971,0.7759,1.827,431.34
CELL-39,2026-04-30,thick,254921,1.954,0.8092,1.9485,496.7
CELL-39,2026-05-01,thick,252343,1.896,0.857,2.1086,532.08
CELL-39,2026-05-02,thick,246297,2.208,0.7663,2.0086,494.7
CELL-39,2026-05-03,thick,208763,2.208,0.741,1.9139,399.56
CELL-39,2026-05-04,thick,180572,2.55,0.6435,1.8177,328.23
CELL-39,2026-05-05,thick,169080,2.373,0.7189,1.9664,332.47
CELL-39,2026-05-06,thick,237926,2.373,0.722,1.9643,467.35
CELL-39,2026-05-07,thick,226946,2.026,0.8133,2.0402,463.01
CELL-39,2026-05-08,thick,230751,2.026,0.8098,2.0137,464.67
CELL-39,2026-05-09,thick,230528,2.026,0.7791,1.8968,437.27
CELL-39,2026-05-10,thick,221655,2.409,0.6309,1.6765,371.61
CELL-39,2026-05-11,thick,175830,2.426,0.5887,1.5451,271.67
CELL-39,2026-05-12,thick,174656,2.859,0.5167,1.5771,275.45
CELL-39,2026-05-13,thick,226479,2.836,0.4898,1.4793,335.03
CELL-39,2026-05-14,thick,236540,2.64,0.5716,1.6355,386.85
CELL-39,2026-05-15,thick,248498,2.735,0.5274,1.5434,383.53
CELL-39,2026-05-16,thick,215120,2.499,0.6675,1.8589,399.88
CELL-39,2026-05-17,thick,218663,2.873,0.6103,1.9166,419.1
CELL-39,2026-05-18,thick,180039,2.94,0.5278,1.6603,298.91
CELL-39,2026-05-19,thick,188066,2.94,0.4318,1.3315,250.42
CELL-39,2026-05-20,thick,232143,2.731,0.5367,1.5772,366.14
CELL-39,2026-05-21,thick,219618,2.684,0.6384,1.9017,417.64
CELL-39,2026-05-22,thick,237749,2.779,0.587,1.7698,420.76
CELL-39,2026-05-23,thick,207845,2.336,0.7285,1.9611,407.6
CELL-39,2026-05-24,thick,213715,2.319,0.7238,1.9459,415.88
CELL-39,2026-05-25,thick,176755,2.599,0.6458,1.8629,329.28
CELL-39,2026-05-26,thick,176829,2.424,0.6801,1.8524,327.56
CELL-39,2026-05-27,thick,228440,2.424,0.7537,2.1471,490.48
CELL-39,2026-05-28,thick,263240,2.576,0.7591,2.3141,609.16
CELL-39,2026-05-29,thick,264442,2.324,0.7752,2.1463,567.58
CELL-39,2026-05-30,thick,210226,2.441,0.6898,1.9023,399.92
CELL-39,2026-05-31,thick,217998,2.321,0.724,1.9335,421.5
CELL-39,2026-06-01,thick,179234,2.175,0.7693,1.9795,354.8
CELL-39,2026-06-02,thick,171497,2.175,0.7859,2.0661,354.32
CELL-39,2026-06-03,thick,236201,2.175,0.7964,2.1011,496.27
CELL-39,2026-06-04,thick,243964,2.175,0.8008,2.1195,517.09
CELL-39,2026-06-05,thick,238331,2.309,0.7549,2.057,490.26
CELL-39,2026-06-06,thick,222216,2.309,0.7095,1.8668,414.84
CELL-39,2026-06-07,thick,207297,1.878,0.7318,1.5952,330.69
CELL-39,2026-06-08,thick,171539,1.857,0.7557,1.6571,284.25
CELL-39,2026-06-09,thick,161480,1.975,0.7448,1.7228,278.19
CELL-39,2026-06-10,thick,231409,1.984,0.787,1.8858,436.39
CELL-39,2026-06-11,thick,240797,1.984,0.8042,1.9525,470.15
CELL-39,2026-06-12,thick,237672,1.984,0.8088,1.9681,467.76
CELL-39,2026-06-13,thick,227692,2.24,0.7518,1.9716,448.92
CELL-39,2026-06-14,thick,215590,2.283,0.7639,2.0655,445.31
CELL-39,2026-06-15,thick,176376,2.112,0.8095,2.1014,370.63
CELL-39,2026-06-16,thick,168231,2.112,0.7538,1.8679,314.25
CELL-39,2026-06-17,thick,232847,2.424,0.4905,1.2652,294.61
CELL-39,2026-06-18,thick,258550,2.424,0.4977,1.285,332.25
CELL-39,2026-06-19,thick,242638,2.424,0.7351,2.0716,502.64
CELL-39,2026-06-20,thick,220139,2.516,0.751,2.2101,486.53
CELL-39,2026-06-21,thick,207800,2.617,0.716,2.1515,447.08
CELL-39,2026-06-22,thick,171523,2.791,0.6168,1.8894,324.08
CELL-39,2026-06-23,thick,177658,2.371,0.7007,1.882,334.35
CELL-39,2026-06-24,thick,223882,2.562,0.5874,1.6339,365.8
CELL-39,2026-06-25,thick,235469,2.331,0.6893,1.8159,427.59
CELL-39,2026-06-26,thick,232735,2.15,0.7624,1.942,451.97
CELL-39,2026-06-27,thick,235925,1.86,0.8327,1.9525,460.65
CELL-39,2026-06-28,thick,216293,1.872,0.8279,1.9368,418.92
CELL-39,2026-06-29,thick,194266,2.349,0.6499,1.7001,330.28
CELL-39,2026-06-30,thick,173472,2.523,0.6214,1.7311,300.29
CELL-39,2026-07-01,thick,268611,2.234,0.7467,1.948,523.25
CELL-39,2026-07-02,thick,262793,2.407,0.7189,1.977,519.55
CELL-39,2026-07-03,thick,238447,2.407,0.6799,1.8403,438.82
CELL-39,2026-07-04,thick,237514,2.754,0.5659,1.676,398.09
CELL-39,2026-07-05,thick,213544,2.414,0.7164,1.9751,421.78
CELL-39,2026-07-06,thick,191725,2.999,0.4803,1.5277,292.89
CELL-39,2026-07-07,thick,184877,3.077,0.4201,1.3546,250.44
CELL-39,2026-07-08,thick,239212,3.043,0.457,1.462,349.74
CELL-39,2026-07-09,thick,238567,2.755,0.583,1.7511,417.75
CELL-39,2026-07-10,thick,242657,2.618,0.6504,1.8964,460.18
CELL-39,2026-07-11,thick,229150,2.618,0.5945,1.6917,387.65
CELL-39,2026-07-12,thick,232637,2.735,0.578,1.7179,399.64
CELL-39,2026-07-13,thick,198393,2.755,0.5505,1.6276,322.9
CELL-39,2026-07-14,thick,158306,2.324,0.6808,1.7896,283.31
CELL-39,2026-07-15,thick,230732,2.164,0.7278,1.8153,418.85
CELL-39,2026-07-16,thick,244332,2.323,0.7302,1.9639,479.84
CELL-39,2026-07-17,thick,226833,2.091,0.7833,1.9643,445.58
CELL-39,2026-07-18,thick,230884,1.971,0.8498,2.1524,496.95
CELL-39,2026-07-19,thick,222825,1.971,0.8119,1.9683,438.58
CELL-39,2026-07-20,thick,202030,2.181,0.7049,1.7576,355.08
CELL-39,2026-07-21,thick,180586,2.041,0.7839,1.9274,348.06
CELL-39,2026-07-22,thick,223235,2.009,0.8117,2.0064,447.91
CELL-39,2026-07-23,thick,242640,2.262,0.7537,1.9961,484.33
CELL-39,2026-07-24,thick,240694,2.232,0.7702,2.0391,490.81
CELL-39,2026-07-25,thick,233827,2.232,0.7618,2.0148,471.12
CELL-39,2026-07-26,thick,221918,2.435,0.6643,1.8053,400.62
CELL-39,2026-07-27,thick,170162,2.233,0.7294,1.8921,321.96
CELL-39,2026-07-28,thick,174411,2.233,0.711,1.822,317.78
CELL-39,2026-07-29,thick,208026,2.676,0.6682,2.0042,416.92
CELL-39,2026-07-30,thick,233245,3.213,0.346,1.153,268.92
CELL-39,2026-07-31,thick,239450,3.213,0.4406,1.488,356.3
CELL-39,2026-08-01,thick,237233,2.489,0.7254,2.0862,494.91
CELL-39,2026-08-02,thick,225036,2.607,0.6635,1.935,435.44
CELL-39,2026-08-03,thick,177718,3.01,0.4884,1.557,276.71
CELL-39,2026-08-04,thick,164862,3.01,0.434,1.3675,225.45
CELL-39,2026-08-05,thick,229058,2.418,0.4641,1.1783,269.91
CELL-39,2026-08-06,thick,228192,2.418,0.511,1.3155,300.19
CELL-39,2026-08-07,thick,257151,2.418,0.49,1.2534,322.31
CELL-39,2026-08-08,thick,228155,2.155,0.567,1.3238,302.03
CELL-39,2026-08-09,thick,204327,1.807,0.659,1.3301,271.77
CELL-39,2026-08-10,thick,176713,1.977,0.5485,1.1617,205.28
CELL-39,2026-08-11,thick,165908,1.895,0.5286,1.0748,178.31
CELL-39,2026-08-12,thick,242856,1.895,0.5759,1.1812,286.86
CELL-39,2026-08-13,thick,219649,1.895,0.6203,1.2929,283.99
CELL-39,2026-08-14,thick,230533,1.895,0.6232,1.2999,299.68
CELL-39,2026-08-15,thick,225846,1.895,0.6793,1.4442,326.18
CELL-39,2026-08-16,thick,232989,1.944,0.612,1.3024,303.44
CELL-39,2026-08-17,thick,191725,1.789,0.6727,1.353,259.4
CELL-39,2026-08-18,thick,184235,1.94,0.5714,1.1959,220.33
CELL-39,2026-08-19,thick,214062,1.945,0.6157,1.3223,283.06
CELL-39,2026-08-20,thick,250550,2.078,0.5994,1.3575,340.13
CELL-39,2026-08-21,thick,235632,2.078,0.5802,1.3133,309.44
CELL-39,2026-08-22,thick,234965,2.11,0.5593,1.2751,299.61
CELL-39,2026-08-23,thick,193372,2.121,0.5263,1.1888,229.88
CELL-39,2026-08-24,thick,179434,2.07,0.5612,1.2445,223.3
CELL-39,2026-08-25,thick,179787,2.07,0.5723,1.2834,230.74
CELL-39,2026-08-26,thick,207636,2.233,0.539,1.2915,268.16
CELL-39,2026-08-27,thick,229825,2.278,0.5502,1.344,308.88
CELL-39,2026-08-28,thick,253461,1.999,0.5644,1.229,311.5
CELL-39,2026-08-29,thick,227034,2.34,0.4395,1.0848,246.29
CELL-39,2026-08-30,thick,212242,2.412,0.4496,1.1402,242.01
CELL-39,2026-08-31,thick,187926,2.448,0.3922,0.9914,186.32
CELL-39,2026-09-01,thick,175146,2.448,0.3405,0.8653,151.55
CELL-39,2026-09-02,thick,234327,2.065,0.4991,1.0931,256.14
CELL-39,2026-09-03,thick,247084,1.876,0.5875,1.1967,295.69
CELL-39,2026-09-04,thick,229809,1.876,0.6355,1.3211,303.59
CELL-39,2026-09-05,thick,239588,1.876,0.6346,1.3177,315.7
CELL-39,2026-09-06,thick,232080,2.153,0.5143,1.1759,272.9
CELL-39,2026-09-07,thick,177550,2.463,0.3346,0.8478,150.52
CELL-39,2026-09-08,thick,165682,2.234,0.475,1.109,183.73
CELL-39,2026-09-09,thick,221850,2.511,0.415,1.0871,241.16
CELL-39,2026-09-10,thick,254149,2.379,0.403,0.9964,253.24
CELL-39,2026-09-11,thick,233381,2.379,0.4421,1.1021,257.21
CELL-39,2026-09-12,thick,230998,2.379,0.373,0.9237,213.37
CELL-39,2026-09-13,thick,197076,2.379,0.3869,0.9506,187.34
CELL-39,2026-09-14,thick,186234,1.896,0.6312,1.3195,245.74
CELL-39,2026-09-15,thick,174728,1.896,0.693,1.4853,259.52
CELL-39,2026-09-16,thick,220710,2.153,0.6055,1.4225,313.97
CELL-39,2026-09-17,thick,258864,2.051,0.5469,1.2034,311.52
CELL-39,2026-09-18,thick,223387,2.109,0.4922,1.1038,246.57
CELL-39,2026-09-19,thick,218605,1.82,0.6551,1.3295,290.63
CELL-39,2026-09-20,thick,220797,1.8,0.4146,0.8277,182.75
CELL-39,2026-09-21,thick,184467,1.468,0.7803,1.3817,254.88
CELL-39,2026-09-22,thick,168751,1.575,0.8711,1.8165,306.54
CELL-39,2026-09-23,thick,224629,1.501,0.887,1.8218,409.22
CELL-39,2026-09-24,thick,253589,1.601,0.873,1.8678,473.66
CELL-39,2026-09-25,thick,242599,1.994,0.6256,1.375,333.56
CELL-39,2026-09-26,thick,232134,1.875,0.6422,1.3377,310.54
CELL-39,2026-09-27,thick,193996,1.97,0.5962,1.2874,249.74
