cell_id,date,true_best_floor_cpm,true_revenue_per_1k_at_best,bidders_down,demand_surge,reporting_glitch_factor,demand_regime_shift_today
CELL-00,2026-04-01,0.68,1.1138,0,0,1.0,0
CELL-00,2026-04-02,0.68,1.0716,0,0,1.0,0
CELL-00,2026-04-03,0.68,1.1545,0,0,1.0,0
CELL-00,2026-04-04,0.68,1.1094,0,0,1.0,0
CELL-00,2026-04-05,0.68,1.1375,0,0,1.0,0
CELL-00,2026-04-06,0.68,1.1226,0,0,1.0,0
CELL-00,2026-04-07,0.68,1.102,0,0,1.0,0
CELL-00,2026-04-08,0.726,1.1585,0,0,1.0,0
CELL-00,2026-04-09,0.638,1.0633,0,0,1.0,0
CELL-00,2026-04-10,0.726,1.1416,0,0,1.0,0
CELL-00,2026-04-11,0.726,1.2029,0,0,1.0,0
CELL-00,2026-04-12,0.726,1.1464,0,0,1.0,0
CELL-00,2026-04-13,0.68,1.1339,0,0,1.0,0
CELL-00,2026-04-14,0.726,1.1393,0,0,1.0,0
CELL-00,2026-04-15,0.726,1.2356,0,0,1.0,0
CELL-00,2026-04-16,0.726,1.1651,0,0,1.0,0
CELL-00,2026-04-17,0.68,1.1361,0,0,1.0,0
CELL-00,2026-04-18,0.726,1.1746,0,0,1.0,0
CELL-00,2026-04-19,0.726,1.1792,0,0,1.0,0
CELL-00,2026-04-20,0.726,1.1863,0,0,1.0,0
CELL-00,2026-04-21,0.68,1.1147,0,0,1.0,0
CELL-00,2026-04-22,0.68,1.1492,0,0,1.0,0
CELL-00,2026-04-23,0.68,1.1196,0,0,1.0,0
CELL-00,2026-04-24,0.68,1.126,0,0,1.0,0
CELL-00,2026-04-25,0.726,1.2023,0,0,1.0,0
CELL-00,2026-04-26,0.68,1.1532,0,0,1.0,0
CELL-00,2026-04-27,0.68,1.1222,0,0,1.0,0
CELL-00,2026-04-28,0.68,1.0878,0,0,1.0,0
CELL-00,2026-04-29,0.68,1.116,0,0,1.0,0
CELL-00,2026-04-30,0.68,1.1369,0,0,1.0,0
CELL-00,2026-05-01,0.726,1.1464,0,0,1.0,0
CELL-00,2026-05-02,0.638,1.083,0,0,1.0,0
CELL-00,2026-05-03,0.638,1.0442,0,0,1.0,0
CELL-00,2026-05-04,0.638,1.0197,0,0,1.0,0
CELL-00,2026-05-05,0.638,1.0588,0,0,1.0,0
CELL-00,2026-05-06,0.68,1.1094,0,0,1.0,0
CELL-00,2026-05-07,0.638,1.0508,0,0,1.0,0
CELL-00,2026-05-08,0.774,1.2457,0,0,1.0,0
CELL-00,2026-05-09,0.726,1.2113,0,0,1.0,0
CELL-00,2026-05-10,0.726,1.1399,0,0,1.0,0
CELL-00,2026-05-11,0.68,1.0911,0,0,1.0,0
CELL-00,2026-05-12,0.68,1.0718,0,0,1.0,0
CELL-00,2026-05-13,0.68,1.1237,0,0,1.0,0
CELL-00,2026-05-14,0.726,1.1754,0,0,1.0,0
CELL-00,2026-05-15,0.726,1.1984,0,0,1.0,0
CELL-00,2026-05-16,1.004,1.5865,0,1,1.0,0
CELL-00,2026-05-17,1.004,1.6201,0,1,1.0,0
CELL-00,2026-05-18,0.68,1.0702,0,0,1.0,0
CELL-00,2026-05-19,0.726,1.1723,0,0,1.0,0
CELL-00,2026-05-20,0.726,1.1995,0,0,1.0,0
CELL-00,2026-05-21,0.68,1.1334,0,0,1.0,0
CELL-00,2026-05-22,0.638,1.0443,0,0,1.0,0
CELL-00,2026-05-23,0.68,1.0889,0,0,1.0,0
CELL-00,2026-05-24,0.68,1.1272,0,0,1.0,0
CELL-00,2026-05-25,0.638,1.0608,0,0,1.0,0
CELL-00,2026-05-26,0.638,1.0441,0,0,1.0,0
CELL-00,2026-05-27,0.638,1.0834,0,0,1.0,0
CELL-00,2026-05-28,0.68,1.1527,0,0,1.0,0
CELL-00,2026-05-29,0.726,1.1758,0,0,1.0,0
CELL-00,2026-05-30,0.68,1.0744,0,0,1.0,0
CELL-00,2026-05-31,0.68,1.1015,0,0,1.0,0
CELL-00,2026-06-01,0.68,1.0671,0,0,1.0,0
CELL-00,2026-06-02,0.638,1.0832,0,0,1.0,0
CELL-00,2026-06-03,0.638,1.0841,0,0,1.0,0
CELL-00,2026-06-04,0.726,1.166,0,0,1.0,0
CELL-00,2026-06-05,0.774,1.2486,0,0,1.0,0
CELL-00,2026-06-06,0.638,1.0786,0,0,1.0,0
CELL-00,2026-06-07,0.68,1.1322,0,0,1.0,0
CELL-00,2026-06-08,0.638,1.0797,0,0,1.0,0
CELL-00,2026-06-09,0.638,1.0624,0,0,1.0,0
CELL-00,2026-06-10,0.68,1.1036,0,0,1.0,0
CELL-00,2026-06-11,0.68,1.1116,0,0,1.0,0
CELL-00,2026-06-12,0.726,1.1468,0,0,1.0,0
CELL-00,2026-06-13,0.68,1.1173,0,0,1.0,0
CELL-00,2026-06-14,0.597,0.9796,0,0,1.0,0
CELL-00,2026-06-15,0.638,1.0244,0,0,1.0,0
CELL-00,2026-06-16,0.638,1.0407,0,0,1.0,0
CELL-00,2026-06-17,0.68,1.1379,0,0,1.0,0
CELL-00,2026-06-18,0.638,1.0544,0,0,1.0,0
CELL-00,2026-06-19,0.68,1.1241,0,0,1.0,0
CELL-00,2026-06-20,0.68,1.0857,0,0,1.0,0
CELL-00,2026-06-21,0.68,1.1282,0,0,1.0,0
CELL-00,2026-06-22,0.68,1.0945,0,0,1.0,0
CELL-00,2026-06-23,0.68,1.1541,0,0,1.0,0
CELL-00,2026-06-24,0.726,1.2405,0,0,1.0,0
CELL-00,2026-06-25,0.774,1.2784,0,0,1.0,0
CELL-00,2026-06-26,0.68,1.1096,0,0,1.0,0
CELL-00,2026-06-27,0.726,1.1861,0,0,1.0,0
CELL-00,2026-06-28,0.941,1.5948,0,1,1.0,0
CELL-00,2026-06-29,0.68,1.1069,0,0,1.0,0
CELL-00,2026-06-30,0.68,1.1489,0,0,1.0,0
CELL-00,2026-07-01,0.726,1.1845,0,0,1.0,0
CELL-00,2026-07-02,0.726,1.2039,0,0,1.0,0
CELL-00,2026-07-03,0.774,1.2191,0,0,1.0,0
CELL-00,2026-07-04,0.68,1.1511,0,0,1.0,0
CELL-00,2026-07-05,0.726,1.1393,0,0,1.0,0
CELL-00,2026-07-06,0.597,1.0147,0,0,1.0,0
CELL-00,2026-07-07,0.68,1.0693,0,0,1.0,0
CELL-00,2026-07-08,0.68,1.1178,0,0,1.0,0
CELL-00,2026-07-09,0.726,1.1666,0,0,1.0,0
CELL-00,2026-07-10,0.68,1.1182,0,0,1.0,0
CELL-00,2026-07-11,0.638,1.0811,0,0,1.0,0
CELL-00,2026-07-12,0.68,1.0983,0,0,1.0,0
CELL-00,2026-07-13,0.726,1.1393,0,0,1.0,0
CELL-00,2026-07-14,0.638,1.0252,0,0,1.0,0
CELL-00,2026-07-15,0.597,1.0134,0,0,1.0,0
CELL-00,2026-07-16,0.638,1.0419,0,0,1.0,0
CELL-00,2026-07-17,0.68,1.1525,0,0,1.0,0
CELL-00,2026-07-18,0.726,1.1466,0,0,1.0,0
CELL-00,2026-07-19,0.726,1.1932,0,0,1.0,0
CELL-00,2026-07-20,0.68,1.104,0,0,1.0,0
CELL-00,2026-07-21,0.638,1.0348,0,0,1.0,0
CELL-00,2026-07-22,0.68,1.0858,0,0,1.0,0
CELL-00,2026-07-23,0.726,1.1428,0,0,1.0,0
CELL-00,2026-07-24,0.68,1.0954,0,0,1.0,0
CELL-00,2026-07-25,0.68,1.1173,0,0,1.0,0
CELL-00,2026-07-26,0.68,1.107,0,0,1.0,0
CELL-00,2026-07-27,0.638,1.0583,0,0,1.0,0
CELL-00,2026-07-28,0.638,1.0818,0,0,1.0,0
CELL-00,2026-07-29,0.638,1.0545,0,0,1.0,0
CELL-00,2026-07-30,0.638,1.0562,0,0,1.0,0
CELL-00,2026-07-31,0.68,1.1261,0,0,1.0,0
CELL-00,2026-08-01,0.68,1.1341,0,0,1.0,0
CELL-00,2026-08-02,0.726,1.1416,0,0,1.0,0
CELL-00,2026-08-03,0.68,1.1288,0,0,1.0,0
CELL-00,2026-08-04,0.726,1.203,0,0,1.0,0
CELL-00,2026-08-05,0.774,1.2521,0,0,1.0,0
CELL-00,2026-08-06,0.826,1.303,0,0,1.0,0
CELL-00,2026-08-07,0.774,1.2459,0,0,1.0,0
CELL-00,2026-08-08,0.774,1.2467,0,0,1.0,0
CELL-00,2026-08-09,0.726,1.1982,0,0,1.0,0
CELL-00,2026-08-10,0.638,1.0893,0,0,1.0,0
CELL-00,2026-08-11,0.638,1.0628,0,0,1.0,0
CELL-00,2026-08-12,0.68,1.0994,0,0,1.0,0
CELL-00,2026-08-13,0.68,1.0946,0,0,1.0,0
CELL-00,2026-08-14,0.68,1.0938,0,0,1.0,0
CELL-00,2026-08-15,0.726,1.2132,0,0,1.0,0
CELL-00,2026-08-16,0.68,1.1079,0,0,1.0,0
CELL-00,2026-08-17,0.638,1.0588,0,0,1.0,0
CELL-00,2026-08-18,0.597,0.9399,0,0,1.0,0
CELL-00,2026-08-19,0.638,1.0007,0,0,1.0,0
CELL-00,2026-08-20,0.638,1.0755,0,0,1.0,0
CELL-00,2026-08-21,0.726,1.166,0,0,1.0,0
CELL-00,2026-08-22,0.638,1.0755,0,0,1.0,0
CELL-00,2026-08-23,0.638,1.0809,0,0,1.0,0
CELL-00,2026-08-24,0.597,1.0211,0,0,1.0,0
CELL-00,2026-08-25,0.638,1.0351,0,0,1.0,0
CELL-00,2026-08-26,0.638,1.0556,0,0,1.0,0
CELL-00,2026-08-27,0.68,1.0996,0,0,1.0,0
CELL-00,2026-08-28,0.726,1.1412,0,0,1.0,0
CELL-00,2026-08-29,0.68,1.1303,0,0,1.0,0
CELL-00,2026-08-30,0.726,1.2026,0,0,1.0,0
CELL-00,2026-08-31,0.68,1.1536,0,0,1.0,0
CELL-00,2026-09-01,0.726,1.142,0,0,1.0,0
CELL-00,2026-09-02,0.638,1.0622,0,0,1.0,0
CELL-00,2026-09-03,1.004,1.5773,0,1,1.0,0
CELL-00,2026-09-04,1.004,1.6224,0,1,1.0,0
CELL-00,2026-09-05,1.004,1.6937,0,1,1.0,0
CELL-00,2026-09-06,0.68,1.1542,0,0,1.0,0
CELL-00,2026-09-07,0.68,1.1184,0,0,1.0,0
CELL-00,2026-09-08,1.004,1.6512,0,1,1.0,0
CELL-00,2026-09-09,1.004,1.6591,0,1,1.0,0
CELL-00,2026-09-10,0.774,1.2195,0,0,1.0,0
CELL-00,2026-09-11,0.726,1.2301,0,0,1.0,0
CELL-00,2026-09-12,0.774,1.259,0,0,1.0,0
CELL-00,2026-09-13,0.68,1.1574,0,0,1.0,0
CELL-00,2026-09-14,0.68,1.1109,0,0,1.0,0
CELL-00,2026-09-15,0.597,1.0164,0,0,1.0,0
CELL-00,2026-09-16,0.597,0.9984,0,0,1.0,0
CELL-00,2026-09-17,0.638,1.0221,0,0,1.0,0
CELL-00,2026-09-18,0.638,1.033,0,0,1.0,0
CELL-00,2026-09-19,0.597,0.9815,0,0,1.0,0
CELL-00,2026-09-20,0.597,0.9556,0,0,1.0,0
CELL-00,2026-09-21,0.56,0.9308,0,0,1.0,0
CELL-00,2026-09-22,0.597,0.9869,0,0,1.0,0
CELL-00,2026-09-23,0.638,1.0841,0,0,1.0,0
CELL-00,2026-09-24,0.726,1.1684,0,0,1.0,0
CELL-00,2026-09-25,1.004,1.5766,0,1,1.0,0
CELL-00,2026-09-26,0.882,1.495,0,1,1.0,0
CELL-00,2026-09-27,0.826,1.405,0,1,1.0,0
CELL-01,2026-04-01,1.004,1.4622,0,0,1.0,0
CELL-01,2026-04-02,1.004,1.433,0,0,1.0,0
CELL-01,2026-04-03,1.004,1.438,0,0,1.0,0
CELL-01,2026-04-04,0.941,1.4811,0,0,1.0,0
CELL-01,2026-04-05,0.882,1.4015,0,0,1.0,0
CELL-01,2026-04-06,1.004,1.2646,1,0,1.0,0
CELL-01,2026-04-07,1.004,1.4246,0,0,1.0,0
CELL-01,2026-04-08,1.004,1.4088,0,0,1.0,0
CELL-01,2026-04-09,0.941,1.4801,0,0,1.0,0
CELL-01,2026-04-10,1.004,1.4031,0,0,1.0,0
CELL-01,2026-04-11,0.882,1.2579,0,0,1.0,0
CELL-01,2026-04-12,0.882,1.2897,0,0,1.0,0
CELL-01,2026-04-13,0.941,1.3563,0,0,1.0,0
CELL-01,2026-04-14,1.004,1.4578,0,0,1.0,0
CELL-01,2026-04-15,1.071,1.5462,0,0,1.0,0
CELL-01,2026-04-16,1.004,1.4487,0,0,1.0,0
CELL-01,2026-04-17,1.004,1.4411,0,0,1.0,0
CELL-01,2026-04-18,0.941,1.4819,0,0,1.0,0
CELL-01,2026-04-19,1.004,1.4468,0,0,1.0,0
CELL-01,2026-04-20,1.143,1.6034,0,0,1.0,0
CELL-01,2026-04-21,0.941,1.3319,0,0,1.0,0
CELL-01,2026-04-22,0.941,1.3456,0,0,1.0,0
CELL-01,2026-04-23,1.004,1.4333,0,0,1.0,0
CELL-01,2026-04-24,0.882,1.2834,0,0,1.0,0
CELL-01,2026-04-25,1.071,1.5229,0,0,1.0,0
CELL-01,2026-04-26,0.941,1.4891,0,0,1.0,0
CELL-01,2026-04-27,1.004,1.4213,0,0,1.0,0
CELL-01,2026-04-28,1.071,1.5004,0,0,1.0,0
CELL-01,2026-04-29,1.071,1.5257,0,0,1.0,0
CELL-01,2026-04-30,0.941,1.4918,0,0,1.0,0
CELL-01,2026-05-01,1.004,1.5769,0,0,1.0,0
CELL-01,2026-05-02,1.071,1.5578,0,0,1.0,0
CELL-01,2026-05-03,1.004,1.5874,0,0,1.0,0
CELL-01,2026-05-04,0.882,1.3907,0,0,1.0,0
CELL-01,2026-05-05,0.941,1.4873,0,0,1.0,0
CELL-01,2026-05-06,1.071,1.5,0,0,1.0,0
CELL-01,2026-05-07,1.143,1.6173,0,0,1.0,0
CELL-01,2026-05-08,1.071,1.5329,0,0,1.0,0
CELL-01,2026-05-09,1.071,1.5261,0,0,1.0,0
CELL-01,2026-05-10,1.004,1.4456,0,0,1.0,0
CELL-01,2026-05-11,1.071,1.526,0,0,1.0,0
CELL-01,2026-05-12,1.004,1.2845,1,0,1.0,0
CELL-01,2026-05-13,1.071,1.3622,1,0,1.0,0
CELL-01,2026-05-14,1.481,2.0923,0,1,1.0,0
CELL-01,2026-05-15,1.301,1.8775,0,1,1.0,0
CELL-01,2026-05-16,1.388,2.0031,0,1,1.0,0
CELL-01,2026-05-17,1.004,1.4666,0,0,1.0,0
CELL-01,2026-05-18,0.941,1.4934,0,0,1.0,0
CELL-01,2026-05-19,0.941,1.3658,0,0,1.0,0
CELL-01,2026-05-20,1.004,1.4501,0,0,1.0,0
CELL-01,2026-05-21,1.004,1.4397,0,0,1.0,0
CELL-01,2026-05-22,1.004,1.4075,0,0,1.0,0
CELL-01,2026-05-23,1.004,1.4327,0,0,1.0,0
CELL-01,2026-05-24,1.071,1.5497,0,0,1.0,0
CELL-01,2026-05-25,1.004,1.4369,0,0,1.0,0
CELL-01,2026-05-26,0.826,1.3084,0,0,1.0,0
CELL-01,2026-05-27,0.882,1.2918,0,0,1.0,0
CELL-01,2026-05-28,0.941,1.3222,0,0,1.0,0
CELL-01,2026-05-29,0.941,1.4858,0,0,1.0,0
CELL-01,2026-05-30,1.004,1.4312,0,0,1.0,0
CELL-01,2026-05-31,0.882,1.3931,0,0,1.0,0
CELL-01,2026-06-01,1.004,1.4576,0,0,1.0,0
CELL-01,2026-06-02,0.882,1.3856,0,0,1.0,0
CELL-01,2026-06-03,1.071,1.5303,0,0,1.0,0
CELL-01,2026-06-04,1.071,1.5689,0,0,1.0,0
CELL-01,2026-06-05,1.004,1.4633,0,0,1.0,0
CELL-01,2026-06-06,1.004,1.4273,0,0,1.0,0
CELL-01,2026-06-07,1.004,1.4684,0,0,1.0,0
CELL-01,2026-06-08,1.004,1.4088,0,0,1.0,0
CELL-01,2026-06-09,0.882,1.2878,0,0,1.0,0
CELL-01,2026-06-10,1.004,1.4422,0,0,1.0,0
CELL-01,2026-06-11,1.071,1.5628,0,0,1.0,0
CELL-01,2026-06-12,1.143,1.6586,0,0,1.0,0
CELL-01,2026-06-13,1.143,1.6146,0,0,1.0,0
CELL-01,2026-06-14,1.004,1.4449,0,0,1.0,0
CELL-01,2026-06-15,1.004,1.4104,0,0,1.0,0
CELL-01,2026-06-16,0.941,1.3251,0,0,0.55,0
CELL-01,2026-06-17,0.941,1.3379,1,0,1.0,0
CELL-01,2026-06-18,1.071,1.3615,1,0,1.0,0
CELL-01,2026-06-19,1.143,1.6188,0,0,1.0,0
CELL-01,2026-06-20,1.071,1.5579,0,0,1.0,0
CELL-01,2026-06-21,1.004,1.4372,0,0,1.0,0
CELL-01,2026-06-22,1.071,1.4074,1,0,1.0,0
CELL-01,2026-06-23,0.941,1.4879,0,0,1.0,0
CELL-01,2026-06-24,1.004,1.4119,0,0,1.0,0
CELL-01,2026-06-25,1.004,1.4246,0,0,1.0,0
CELL-01,2026-06-26,0.941,1.3751,0,0,1.0,0
CELL-01,2026-06-27,0.941,1.3298,0,0,1.0,0
CELL-01,2026-06-28,0.941,1.3704,0,0,1.0,0
CELL-01,2026-06-29,0.882,1.2746,0,0,1.0,0
CELL-01,2026-06-30,0.882,1.2833,0,0,1.0,0
CELL-01,2026-07-01,0.882,1.2892,0,0,1.0,0
CELL-01,2026-07-02,1.004,1.4281,0,0,1.0,0
CELL-01,2026-07-03,1.071,1.501,0,0,1.0,0
CELL-01,2026-07-04,1.004,1.4645,0,0,1.0,0
CELL-01,2026-07-05,0.826,1.3006,0,0,1.0,0
CELL-01,2026-07-06,0.941,1.3754,0,0,1.0,0
CELL-01,2026-07-07,0.882,1.2832,0,0,1.0,0
CELL-01,2026-07-08,1.004,1.4411,0,0,1.0,0
CELL-01,2026-07-09,1.004,1.4538,0,0,1.0,0
CELL-01,2026-07-10,1.004,1.4317,0,0,1.0,0
CELL-01,2026-07-11,1.004,1.594,0,0,0.62,0
CELL-01,2026-07-12,1.071,1.5483,0,0,1.0,0
CELL-01,2026-07-13,0.941,1.4875,0,0,1.0,0
CELL-01,2026-07-14,1.004,1.4505,0,0,1.0,0
CELL-01,2026-07-15,1.071,1.5318,0,0,1.0,0
CELL-01,2026-07-16,1.071,1.5304,0,0,1.0,0
CELL-01,2026-07-17,1.004,1.415,0,0,1.0,0
CELL-01,2026-07-18,0.882,1.4018,0,0,1.0,0
CELL-01,2026-07-19,0.941,1.3279,0,0,1.0,0
CELL-01,2026-07-20,1.004,1.4373,0,0,1.0,0
CELL-01,2026-07-21,0.941,1.3367,0,0,1.0,0
CELL-01,2026-07-22,1.004,1.4158,0,0,1.0,0
CELL-01,2026-07-23,1.004,1.4261,0,0,1.0,0
CELL-01,2026-07-24,0.941,1.4772,0,0,1.0,0
CELL-01,2026-07-25,1.004,1.435,0,0,1.0,0
CELL-01,2026-07-26,1.071,1.5063,0,0,1.0,0
CELL-01,2026-07-27,1.004,1.4293,0,0,1.0,0
CELL-01,2026-07-28,1.004,1.4034,0,0,1.0,0
CELL-01,2026-07-29,1.071,1.5167,0,0,1.0,0
CELL-01,2026-07-30,1.004,1.445,0,0,1.0,0
CELL-01,2026-07-31,1.004,1.4386,0,0,1.0,0
CELL-01,2026-08-01,0.941,1.325,0,0,1.0,0
CELL-01,2026-08-02,0.941,1.3654,0,0,1.0,0
CELL-01,2026-08-03,0.882,1.3913,0,0,1.0,0
CELL-01,2026-08-04,1.004,1.403,0,0,1.0,0
CELL-01,2026-08-05,1.071,1.5069,0,0,1.0,0
CELL-01,2026-08-06,1.143,1.6054,0,0,1.0,0
CELL-01,2026-08-07,1.071,1.5592,0,0,1.0,0
CELL-01,2026-08-08,1.004,1.4566,0,0,1.0,0
CELL-01,2026-08-09,1.004,1.461,0,0,1.0,0
CELL-01,2026-08-10,1.004,1.4088,0,0,1.0,0
CELL-01,2026-08-11,0.882,1.3904,0,0,1.0,0
CELL-01,2026-08-12,1.071,1.5567,0,0,1.0,0
CELL-01,2026-08-13,1.143,1.6657,0,0,1.0,0
CELL-01,2026-08-14,1.22,1.745,0,0,1.0,0
CELL-01,2026-08-15,1.143,1.646,0,0,1.0,0
CELL-01,2026-08-16,1.071,1.6957,0,0,1.0,0
CELL-01,2026-08-17,1.143,1.6008,0,0,1.0,0
CELL-01,2026-08-18,1.004,1.5914,0,0,1.0,0
CELL-01,2026-08-19,1.071,1.5614,0,0,1.0,0
CELL-01,2026-08-20,1.004,1.4741,0,0,1.0,0
CELL-01,2026-08-21,0.941,1.4754,0,0,1.0,0
CELL-01,2026-08-22,0.941,1.4805,0,0,1.0,0
CELL-01,2026-08-23,1.071,1.561,0,0,1.0,0
CELL-01,2026-08-24,1.071,1.523,0,0,1.0,0
CELL-01,2026-08-25,0.941,1.4797,0,0,1.0,0
CELL-01,2026-08-26,1.071,1.5016,0,0,1.0,0
CELL-01,2026-08-27,1.071,1.5515,0,0,1.0,0
CELL-01,2026-08-28,1.071,1.5509,0,0,1.0,0
CELL-01,2026-08-29,1.071,1.5476,0,0,1.0,0
CELL-01,2026-08-30,1.004,1.4264,0,0,1.0,0
CELL-01,2026-08-31,0.941,1.3437,0,0,1.0,0
CELL-01,2026-09-01,1.004,1.4334,0,0,1.0,0
CELL-01,2026-09-02,0.882,1.3878,0,0,1.0,0
CELL-01,2026-09-03,1.004,1.4617,0,0,1.0,0
CELL-01,2026-09-04,0.941,1.3646,0,0,1.0,0
CELL-01,2026-09-05,0.941,1.3496,0,0,1.0,0
CELL-01,2026-09-06,1.004,1.4359,0,0,1.0,0
CELL-01,2026-09-07,1.004,1.4288,0,0,1.0,0
CELL-01,2026-09-08,1.004,1.4337,0,0,0.65,0
CELL-01,2026-09-09,1.071,1.5247,0,0,1.0,0
CELL-01,2026-09-10,0.941,1.4882,0,0,1.0,0
CELL-01,2026-09-11,0.941,1.3578,0,0,1.0,0
CELL-01,2026-09-12,0.882,1.4017,0,0,1.0,0
CELL-01,2026-09-13,1.004,1.4343,0,0,1.0,0
CELL-01,2026-09-14,0.941,1.3744,0,0,1.0,0
CELL-01,2026-09-15,0.941,1.3179,0,0,1.0,0
CELL-01,2026-09-16,0.882,1.3926,0,0,1.0,0
CELL-01,2026-09-17,0.941,1.4755,0,0,1.0,0
CELL-01,2026-09-18,0.941,1.3153,0,0,1.0,0
CELL-01,2026-09-19,0.882,1.2882,0,0,1.0,0
CELL-01,2026-09-20,0.941,1.3788,0,0,1.0,0
CELL-01,2026-09-21,0.941,1.3718,0,0,1.0,0
CELL-01,2026-09-22,0.941,1.3555,0,0,1.0,0
CELL-01,2026-09-23,1.071,1.5129,0,0,1.0,0
CELL-01,2026-09-24,1.071,1.5206,0,0,1.0,0
CELL-01,2026-09-25,1.004,1.5903,0,0,1.0,0
CELL-01,2026-09-26,1.071,1.6937,0,0,1.0,0
CELL-01,2026-09-27,1.071,1.5637,0,0,1.0,0
CELL-02,2026-04-01,0.774,1.4011,0,0,1.0,0
CELL-02,2026-04-02,0.826,1.4915,0,0,1.0,0
CELL-02,2026-04-03,0.882,1.6107,0,0,1.0,0
CELL-02,2026-04-04,0.826,1.5633,0,0,1.0,0
CELL-02,2026-04-05,0.882,1.5308,0,0,1.0,0
CELL-02,2026-04-06,0.774,1.4269,0,0,1.0,0
CELL-02,2026-04-07,0.774,1.4253,0,0,1.0,0
CELL-02,2026-04-08,0.774,1.3527,0,0,1.0,0
CELL-02,2026-04-09,0.726,1.3313,0,0,1.0,0
CELL-02,2026-04-10,0.774,1.3566,0,0,1.0,0
CELL-02,2026-04-11,0.826,1.4486,0,0,1.0,0
CELL-02,2026-04-12,0.826,1.4391,0,0,1.0,0
CELL-02,2026-04-13,0.68,1.2268,0,0,1.0,0
CELL-02,2026-04-14,0.638,1.2002,0,0,1.0,0
CELL-02,2026-04-15,0.68,1.2831,0,0,1.0,0
CELL-02,2026-04-16,0.68,1.2925,0,0,1.0,0
CELL-02,2026-04-17,0.726,1.3117,0,0,1.0,0
CELL-02,2026-04-18,0.726,1.3696,0,0,1.0,0
CELL-02,2026-04-19,0.726,1.3332,0,0,1.0,0
CELL-02,2026-04-20,0.774,1.4081,0,0,1.0,0
CELL-02,2026-04-21,0.726,1.2757,0,0,1.0,0
CELL-02,2026-04-22,0.726,1.2732,0,0,1.0,0
CELL-02,2026-04-23,0.68,1.245,0,0,1.0,0
CELL-02,2026-04-24,0.774,1.3523,0,0,1.0,0
CELL-02,2026-04-25,0.726,1.3696,0,0,1.0,0
CELL-02,2026-04-26,0.774,1.425,0,0,1.0,0
CELL-02,2026-04-27,0.774,1.4144,0,0,1.0,0
CELL-02,2026-04-28,0.774,1.4216,0,0,1.0,0
CELL-02,2026-04-29,0.774,1.3843,0,0,1.0,0
CELL-02,2026-04-30,0.774,1.4097,0,0,1.0,0
CELL-02,2026-05-01,0.68,1.2806,0,0,0.54,0
CELL-02,2026-05-02,0.774,1.3567,0,0,1.0,0
CELL-02,2026-05-03,0.726,1.3728,0,0,1.0,0
CELL-02,2026-05-04,0.726,1.3273,0,0,1.0,0
CELL-02,2026-05-05,0.726,1.3008,0,0,1.0,0
CELL-02,2026-05-06,0.774,1.4016,0,0,1.0,0
CELL-02,2026-05-07,0.774,1.4198,0,0,1.0,0
CELL-02,2026-05-08,0.826,1.4523,0,0,1.0,0
CELL-02,2026-05-09,0.774,1.4064,0,0,1.0,0
CELL-02,2026-05-10,0.726,1.3185,0,0,1.0,0
CELL-02,2026-05-11,0.774,1.3631,0,0,1.0,0
CELL-02,2026-05-12,0.726,1.3116,0,0,1.0,0
CELL-02,2026-05-13,0.774,1.3604,0,0,1.0,0
CELL-02,2026-05-14,0.774,1.3537,0,0,1.0,0
CELL-02,2026-05-15,0.726,1.3714,0,0,1.0,0
CELL-02,2026-05-16,0.379,0.6828,0,0,1.0,1
CELL-02,2026-05-17,0.379,0.7188,0,0,1.0,0
CELL-02,2026-05-18,0.356,0.688,0,0,1.0,0
CELL-02,2026-05-19,0.405,0.7618,0,0,1.0,0
CELL-02,2026-05-20,0.56,1.0286,0,1,1.0,0
CELL-02,2026-05-21,0.356,0.6688,0,0,1.0,0
CELL-02,2026-05-22,0.432,0.7613,0,0,1.0,0
CELL-02,2026-05-23,0.379,0.6934,0,0,1.0,0
CELL-02,2026-05-24,0.356,0.6487,0,0,1.0,0
CELL-02,2026-05-25,0.379,0.6976,0,0,1.0,0
CELL-02,2026-05-26,0.379,0.678,0,0,1.0,0
CELL-02,2026-05-27,0.405,0.706,0,0,1.0,0
CELL-02,2026-05-28,0.379,0.7176,0,0,1.0,0
CELL-02,2026-05-29,0.405,0.7263,0,0,1.0,0
CELL-02,2026-05-30,0.405,0.736,0,0,1.0,0
CELL-02,2026-05-31,0.525,0.9939,0,1,1.0,0
CELL-02,2026-06-01,0.56,0.9838,0,1,1.0,0
CELL-02,2026-06-02,0.56,1.0075,0,1,1.0,0
CELL-02,2026-06-03,0.432,0.7769,0,0,1.0,0
CELL-02,2026-06-04,0.432,0.7883,0,0,1.0,0
CELL-02,2026-06-05,0.405,0.7378,0,0,1.0,0
CELL-02,2026-06-06,0.379,0.7209,0,0,1.0,0
CELL-02,2026-06-07,0.379,0.6986,0,0,1.0,0
CELL-02,2026-06-08,0.405,0.7265,0,0,1.0,0
CELL-02,2026-06-09,0.379,0.6832,0,0,1.0,0
CELL-02,2026-06-10,0.356,0.6727,0,0,1.0,0
CELL-02,2026-06-11,0.405,0.7074,0,0,1.0,0
CELL-02,2026-06-12,0.405,0.7336,0,0,1.0,0
CELL-02,2026-06-13,0.597,1.0862,0,1,1.0,0
CELL-02,2026-06-14,0.432,0.7773,0,0,1.0,0
CELL-02,2026-06-15,0.461,0.7594,1,0,1.0,0
CELL-02,2026-06-16,0.432,0.7876,0,0,1.0,0
CELL-02,2026-06-17,0.461,0.8291,0,0,1.0,0
CELL-02,2026-06-18,0.432,0.7742,0,0,1.0,0
CELL-02,2026-06-19,0.405,0.7697,0,0,1.0,0
CELL-02,2026-06-20,0.405,0.77,0,0,1.0,0
CELL-02,2026-06-21,0.461,0.8077,0,0,1.0,0
CELL-02,2026-06-22,0.405,0.7485,0,0,1.0,0
CELL-02,2026-06-23,0.405,0.7674,0,0,1.0,0
CELL-02,2026-06-24,0.432,0.7798,0,0,1.0,0
CELL-02,2026-06-25,0.432,0.7716,0,0,1.0,0
CELL-02,2026-06-26,0.379,0.7194,0,0,1.0,0
CELL-02,2026-06-27,0.379,0.6802,0,0,1.0,0
CELL-02,2026-06-28,0.333,0.6285,0,0,1.0,0
CELL-02,2026-06-29,0.405,0.766,0,0,1.0,0
CELL-02,2026-06-30,0.461,0.7989,0,0,1.0,0
CELL-02,2026-07-01,0.432,0.7753,0,0,1.0,0
CELL-02,2026-07-02,0.432,0.7532,0,0,1.0,0
CELL-02,2026-07-03,0.432,0.7786,0,0,1.0,0
CELL-02,2026-07-04,0.405,0.7291,0,0,1.0,0
CELL-02,2026-07-05,0.432,0.7579,0,0,1.0,0
CELL-02,2026-07-06,0.405,0.7106,0,0,1.0,0
CELL-02,2026-07-07,0.432,0.7799,0,0,1.0,0
CELL-02,2026-07-08,0.405,0.7677,0,0,1.0,0
CELL-02,2026-07-09,0.405,0.7399,0,0,1.0,0
CELL-02,2026-07-10,0.432,0.796,0,0,1.0,0
CELL-02,2026-07-11,0.432,0.7786,0,0,1.0,0
CELL-02,2026-07-12,0.379,0.7219,0,0,1.0,0
CELL-02,2026-07-13,0.356,0.6695,0,0,1.0,0
CELL-02,2026-07-14,0.379,0.6607,0,0,1.0,0
CELL-02,2026-07-15,0.405,0.7094,0,0,1.0,0
CELL-02,2026-07-16,0.432,0.7495,0,0,1.0,0
CELL-02,2026-07-17,0.405,0.7311,0,0,1.0,0
CELL-02,2026-07-18,0.405,0.7263,0,0,1.0,0
CELL-02,2026-07-19,0.432,0.7603,0,0,1.0,0
CELL-02,2026-07-20,0.432,0.7769,0,0,1.0,0
CELL-02,2026-07-21,0.432,0.7495,0,0,1.0,0
CELL-02,2026-07-22,0.432,0.7544,0,0,1.0,0
CELL-02,2026-07-23,0.405,0.7358,0,0,1.0,0
CELL-02,2026-07-24,0.405,0.769,0,0,1.0,0
CELL-02,2026-07-25,0.405,0.7442,0,0,1.0,0
CELL-02,2026-07-26,0.432,0.7933,0,0,1.0,0
CELL-02,2026-07-27,0.379,0.7176,0,0,1.0,0
CELL-02,2026-07-28,0.432,0.7526,0,0,1.0,0
CELL-02,2026-07-29,0.461,0.8428,0,0,1.0,0
CELL-02,2026-07-30,0.461,0.8515,0,0,1.0,0
CELL-02,2026-07-31,0.461,0.8278,0,0,1.0,0
CELL-02,2026-08-01,0.405,0.7616,0,0,1.0,0
CELL-02,2026-08-02,0.432,0.7969,0,0,1.0,0
CELL-02,2026-08-03,0.405,0.7303,0,0,1.0,0
CELL-02,2026-08-04,0.405,0.706,0,0,1.0,0
CELL-02,2026-08-05,0.405,0.7652,0,0,1.0,0
CELL-02,2026-08-06,0.432,0.7592,0,0,1.0,0
CELL-02,2026-08-07,0.461,0.8005,0,0,1.0,0
CELL-02,2026-08-08,0.405,0.7669,0,0,1.0,0
CELL-02,2026-08-09,0.405,0.7284,0,0,1.0,0
CELL-02,2026-08-10,0.405,0.7278,0,0,1.0,0
CELL-02,2026-08-11,0.405,0.702,0,0,1.0,0
CELL-02,2026-08-12,0.405,0.7255,0,0,1.0,0
CELL-02,2026-08-13,0.405,0.7404,0,0,1.0,0
CELL-02,2026-08-14,0.461,0.8237,0,0,1.0,0
CELL-02,2026-08-15,0.405,0.7669,0,0,1.0,0
CELL-02,2026-08-16,0.432,0.7797,0,0,1.0,0
CELL-02,2026-08-17,0.379,0.7342,0,0,1.0,0
CELL-02,2026-08-18,0.379,0.7167,0,0,1.0,0
CELL-02,2026-08-19,0.379,0.7161,0,0,1.0,0
CELL-02,2026-08-20,0.432,0.7564,0,0,1.0,0
CELL-02,2026-08-21,0.405,0.7405,0,0,1.0,0
CELL-02,2026-08-22,0.379,0.6817,0,0,1.0,0
CELL-02,2026-08-23,0.379,0.6851,0,0,1.0,0
CELL-02,2026-08-24,0.379,0.663,0,0,1.0,0
CELL-02,2026-08-25,0.379,0.7225,0,0,1.0,0
CELL-02,2026-08-26,0.379,0.7166,0,0,1.0,0
CELL-02,2026-08-27,0.432,0.7555,0,0,1.0,0
CELL-02,2026-08-28,0.432,0.75,0,0,1.0,0
CELL-02,2026-08-29,0.405,0.7352,0,0,1.0,0
CELL-02,2026-08-30,0.405,0.727,0,0,1.0,0
CELL-02,2026-08-31,0.432,0.7529,0,0,1.0,0
CELL-02,2026-09-01,0.405,0.7094,0,0,1.0,0
CELL-02,2026-09-02,0.405,0.7336,0,0,1.0,0
CELL-02,2026-09-03,0.405,0.73,0,0,1.0,0
CELL-02,2026-09-04,0.379,0.6807,0,0,1.0,0
CELL-02,2026-09-05,0.379,0.6629,0,0,1.0,0
CELL-02,2026-09-06,0.379,0.6938,0,0,1.0,0
CELL-02,2026-09-07,0.405,0.7467,0,0,1.0,0
CELL-02,2026-09-08,0.379,0.718,0,0,1.0,0
CELL-02,2026-09-09,0.405,0.7678,0,0,1.0,0
CELL-02,2026-09-10,0.432,0.7898,0,0,1.0,0
CELL-02,2026-09-11,0.432,0.7181,1,0,1.0,0
CELL-02,2026-09-12,0.356,0.6753,0,0,1.0,0
CELL-02,2026-09-13,0.379,0.6586,0,0,1.0,0
CELL-02,2026-09-14,0.379,0.6091,1,0,1.0,0
CELL-02,2026-09-15,0.333,0.6268,0,0,1.0,0
CELL-02,2026-09-16,0.405,0.7445,0,0,1.0,0
CELL-02,2026-09-17,0.405,0.7045,0,0,1.0,0
CELL-02,2026-09-18,0.432,0.7776,0,0,1.0,0
CELL-02,2026-09-19,0.432,0.7577,0,0,1.0,0
CELL-02,2026-09-20,0.405,0.7324,0,0,1.0,0
CELL-02,2026-09-21,0.356,0.6747,0,0,1.0,0
CELL-02,2026-09-22,0.405,0.7374,0,0,1.0,0
CELL-02,2026-09-23,0.432,0.7797,0,0,1.0,0
CELL-02,2026-09-24,0.461,0.8069,0,0,1.0,0
CELL-02,2026-09-25,0.461,0.8021,0,0,1.0,0
CELL-02,2026-09-26,0.461,0.8303,0,0,1.0,0
CELL-02,2026-09-27,0.432,0.7886,0,0,1.0,0
CELL-03,2026-04-01,0.941,1.755,0,0,1.0,0
CELL-03,2026-04-02,1.004,1.8017,0,0,1.0,0
CELL-03,2026-04-03,1.004,1.8635,0,0,1.0,0
CELL-03,2026-04-04,1.004,1.8332,0,0,1.0,0
CELL-03,2026-04-05,0.941,1.7809,0,0,1.0,0
CELL-03,2026-04-06,0.941,1.7849,0,0,1.0,0
CELL-03,2026-04-07,0.941,1.7587,0,0,1.0,0
CELL-03,2026-04-08,1.301,2.4462,0,1,1.0,0
CELL-03,2026-04-09,1.388,2.5312,0,1,1.0,0
CELL-03,2026-04-10,0.941,1.6837,0,0,1.0,0
CELL-03,2026-04-11,0.882,1.664,0,0,1.0,0
CELL-03,2026-04-12,0.941,1.7801,0,0,1.0,0
CELL-03,2026-04-13,0.941,1.6816,0,0,1.0,0
CELL-03,2026-04-14,0.941,1.71,0,0,1.0,0
CELL-03,2026-04-15,1.004,1.8496,0,0,1.0,0
CELL-03,2026-04-16,0.882,1.6483,0,0,1.0,0
CELL-03,2026-04-17,0.882,1.6127,0,0,1.0,0
CELL-03,2026-04-18,0.941,1.6844,0,0,1.0,0
CELL-03,2026-04-19,0.941,1.7221,0,0,1.0,0
CELL-03,2026-04-20,0.882,1.6235,0,0,1.0,0
CELL-03,2026-04-21,0.941,1.7838,0,0,1.0,0
CELL-03,2026-04-22,1.004,1.8835,0,0,1.0,0
CELL-03,2026-04-23,1.004,1.8816,0,0,1.0,0
CELL-03,2026-04-24,1.004,1.8016,0,0,1.0,0
CELL-03,2026-04-25,0.826,1.5498,0,0,1.0,0
CELL-03,2026-04-26,0.882,1.5776,0,0,1.0,0
CELL-03,2026-04-27,0.826,1.5137,0,0,1.0,0
CELL-03,2026-04-28,0.826,1.4893,0,0,1.0,0
CELL-03,2026-04-29,0.882,1.5847,0,0,1.0,0
CELL-03,2026-04-30,0.941,1.7788,0,0,1.0,0
CELL-03,2026-05-01,0.941,1.7184,0,0,1.0,0
CELL-03,2026-05-02,1.22,2.3094,0,1,1.0,0
CELL-03,2026-05-03,1.22,2.2701,0,1,1.0,0
CELL-03,2026-05-04,1.143,2.1035,0,1,1.0,0
CELL-03,2026-05-05,0.826,1.5499,0,0,1.0,0
CELL-03,2026-05-06,0.941,1.6772,0,0,1.0,0
CELL-03,2026-05-07,0.941,1.7368,0,0,1.0,0
CELL-03,2026-05-08,0.882,1.6425,0,0,1.0,0
CELL-03,2026-05-09,1.004,1.8461,0,0,1.0,0
CELL-03,2026-05-10,1.071,1.9444,0,0,1.0,0
CELL-03,2026-05-11,0.941,1.7847,0,0,1.0,0
CELL-03,2026-05-12,0.941,1.72,0,0,1.0,0
CELL-03,2026-05-13,0.941,1.7211,0,0,1.0,0
CELL-03,2026-05-14,0.882,1.6715,0,0,1.0,0
CELL-03,2026-05-15,0.941,1.7725,0,0,1.0,0
CELL-03,2026-05-16,0.941,1.7112,0,0,1.0,0
CELL-03,2026-05-17,0.882,1.6669,0,0,1.0,0
CELL-03,2026-05-18,0.882,1.6313,0,0,1.0,0
CELL-03,2026-05-19,0.882,1.6374,0,0,1.0,0
CELL-03,2026-05-20,0.941,1.7584,0,0,1.0,0
CELL-03,2026-05-21,0.941,1.7852,0,0,1.0,0
CELL-03,2026-05-22,1.071,1.9726,0,0,1.0,0
CELL-03,2026-05-23,0.941,1.7744,0,0,1.0,0
CELL-03,2026-05-24,0.941,1.6783,0,0,1.0,0
CELL-03,2026-05-25,0.941,1.7302,0,0,1.0,0
CELL-03,2026-05-26,0.941,1.6756,0,0,1.0,0
CELL-03,2026-05-27,0.941,1.7847,0,0,1.0,0
CELL-03,2026-05-28,1.004,1.8046,0,0,1.0,0
CELL-03,2026-05-29,0.941,1.7712,0,0,0.46,0
CELL-03,2026-05-30,0.941,1.7217,0,0,1.0,0
CELL-03,2026-05-31,0.882,1.6242,0,0,1.0,0
CELL-03,2026-06-01,0.882,1.6014,0,0,1.0,0
CELL-03,2026-06-02,0.941,1.7657,0,0,1.0,0
CELL-03,2026-06-03,1.071,1.922,0,0,1.0,0
CELL-03,2026-06-04,1.143,2.0997,0,0,1.0,0
CELL-03,2026-06-05,1.143,2.0746,0,0,1.0,0
CELL-03,2026-06-06,1.071,1.9495,0,0,1.0,0
CELL-03,2026-06-07,1.071,1.9234,0,0,1.0,0
CELL-03,2026-06-08,1.004,1.7896,0,0,1.0,0
CELL-03,2026-06-09,0.882,1.6481,0,0,1.0,0
CELL-03,2026-06-10,0.882,1.673,0,0,1.0,0
CELL-03,2026-06-11,1.004,1.8503,0,0,1.0,0
CELL-03,2026-06-12,1.004,1.8055,0,0,1.0,0
CELL-03,2026-06-13,0.941,1.678,0,0,1.0,0
CELL-03,2026-06-14,0.882,1.6662,0,0,1.0,0
CELL-03,2026-06-15,0.941,1.721,0,0,1.0,0
CELL-03,2026-06-16,0.941,1.7696,0,0,1.0,0
CELL-03,2026-06-17,1.004,1.8316,0,0,1.0,0
CELL-03,2026-06-18,0.941,1.7182,0,0,1.0,0
CELL-03,2026-06-19,0.941,1.7648,0,0,1.0,0
CELL-03,2026-06-20,0.941,1.7249,0,0,1.0,0
CELL-03,2026-06-21,1.004,1.9361,0,0,1.0,0
CELL-03,2026-06-22,0.941,1.775,0,0,1.0,0
CELL-03,2026-06-23,0.941,1.7195,0,0,1.0,0
CELL-03,2026-06-24,0.941,1.7039,0,0,1.0,0
CELL-03,2026-06-25,0.882,1.6261,0,0,1.0,0
CELL-03,2026-06-26,1.22,2.2539,0,0,1.0,1
CELL-03,2026-06-27,1.22,2.2983,0,0,1.0,0
CELL-03,2026-06-28,1.301,2.4589,0,0,1.0,0
CELL-03,2026-06-29,1.22,2.2648,0,0,1.0,0
CELL-03,2026-06-30,1.22,2.2164,0,0,1.0,0
CELL-03,2026-07-01,1.388,2.5184,0,0,1.0,0
CELL-03,2026-07-02,1.388,2.5642,0,0,1.0,0
CELL-03,2026-07-03,1.388,2.5994,0,0,1.0,0
CELL-03,2026-07-04,1.388,2.5813,0,0,1.0,0
CELL-03,2026-07-05,1.22,2.2167,0,0,1.0,0
CELL-03,2026-07-06,1.22,2.2197,0,0,1.0,0
CELL-03,2026-07-07,1.388,2.476,0,0,1.0,0
CELL-03,2026-07-08,1.301,2.4215,0,0,1.0,0
CELL-03,2026-07-09,1.301,2.3231,0,0,1.0,0
CELL-03,2026-07-10,1.388,2.4949,0,0,1.0,0
CELL-03,2026-07-11,1.388,2.6211,0,0,1.0,0
CELL-03,2026-07-12,1.388,2.4955,0,0,1.0,0
CELL-03,2026-07-13,1.143,2.1023,0,0,1.0,0
CELL-03,2026-07-14,1.071,2.009,0,0,1.0,0
CELL-03,2026-07-15,1.143,2.0982,0,0,1.0,0
CELL-03,2026-07-16,1.143,2.1465,0,0,1.0,0
CELL-03,2026-07-17,1.143,2.143,0,0,1.0,0
CELL-03,2026-07-18,1.22,2.1869,0,0,1.0,0
CELL-03,2026-07-19,1.143,2.1549,0,0,1.0,0
CELL-03,2026-07-20,1.143,2.1201,0,0,1.0,0
CELL-03,2026-07-21,1.143,2.155,0,0,1.0,0
CELL-03,2026-07-22,1.22,2.2772,0,0,1.0,0
CELL-03,2026-07-23,1.22,2.2479,0,0,1.0,0
CELL-03,2026-07-24,1.301,2.3758,0,0,1.0,0
CELL-03,2026-07-25,1.22,2.2634,0,0,1.0,0
CELL-03,2026-07-26,1.22,2.2214,0,0,0.62,0
CELL-03,2026-07-27,1.143,2.1281,0,0,1.0,0
CELL-03,2026-07-28,1.22,2.221,0,0,1.0,0
CELL-03,2026-07-29,1.22,2.3132,0,0,1.0,0
CELL-03,2026-07-30,1.301,2.3923,0,0,1.0,0
CELL-03,2026-07-31,1.22,2.2712,0,0,1.0,0
CELL-03,2026-08-01,1.301,2.358,0,0,1.0,0
CELL-03,2026-08-02,1.22,2.3157,0,0,1.0,0
CELL-03,2026-08-03,1.22,2.2128,0,0,1.0,0
CELL-03,2026-08-04,1.22,2.3035,0,0,1.0,0
CELL-03,2026-08-05,1.22,2.2803,0,0,1.0,0
CELL-03,2026-08-06,1.301,2.3995,0,0,1.0,0
CELL-03,2026-08-07,1.22,2.2061,0,0,1.0,0
CELL-03,2026-08-08,1.143,2.1588,0,0,1.0,0
CELL-03,2026-08-09,1.301,2.323,0,0,1.0,0
CELL-03,2026-08-10,1.22,2.2192,0,0,1.0,0
CELL-03,2026-08-11,1.143,2.0625,0,0,1.0,0
CELL-03,2026-08-12,1.301,2.3631,0,0,1.0,0
CELL-03,2026-08-13,1.301,2.417,0,0,1.0,0
CELL-03,2026-08-14,1.301,2.4542,0,0,1.0,0
CELL-03,2026-08-15,1.22,2.234,0,0,1.0,0
CELL-03,2026-08-16,1.301,2.3216,0,0,1.0,0
CELL-03,2026-08-17,1.22,2.2884,0,0,1.0,0
CELL-03,2026-08-18,1.22,2.2061,0,0,1.0,0
CELL-03,2026-08-19,1.22,2.3139,0,0,1.0,0
CELL-03,2026-08-20,1.22,2.2796,0,0,1.0,0
CELL-03,2026-08-21,1.301,2.3442,0,0,1.0,0
CELL-03,2026-08-22,1.22,2.1995,0,0,1.0,0
CELL-03,2026-08-23,1.22,2.27,0,0,1.0,0
CELL-03,2026-08-24,1.22,2.2219,0,0,1.0,0
CELL-03,2026-08-25,1.143,2.0985,0,0,0.64,0
CELL-03,2026-08-26,1.22,2.2495,0,0,1.0,0
CELL-03,2026-08-27,1.22,2.2304,0,0,1.0,0
CELL-03,2026-08-28,1.22,2.2944,0,0,1.0,0
CELL-03,2026-08-29,1.143,2.1626,0,0,1.0,0
CELL-03,2026-08-30,1.143,2.1561,0,0,1.0,0
CELL-03,2026-08-31,1.301,2.3219,0,0,1.0,0
CELL-03,2026-09-01,1.301,2.325,0,0,1.0,0
CELL-03,2026-09-02,1.388,2.5347,0,0,0.45,0
CELL-03,2026-09-03,1.481,2.7318,0,0,1.0,0
CELL-03,2026-09-04,1.388,2.484,0,0,1.0,0
CELL-03,2026-09-05,1.301,2.422,0,0,1.0,0
CELL-03,2026-09-06,1.22,2.2601,0,0,1.0,0
CELL-03,2026-09-07,1.301,2.3698,0,0,1.0,0
CELL-03,2026-09-08,1.301,2.4349,0,0,1.0,0
CELL-03,2026-09-09,1.481,2.6679,0,0,1.0,0
CELL-03,2026-09-10,1.301,2.4179,0,0,1.0,0
CELL-03,2026-09-11,1.388,2.5694,0,0,1.0,0
CELL-03,2026-09-12,1.388,2.4733,0,0,1.0,0
CELL-03,2026-09-13,1.22,2.3049,0,0,1.0,0
CELL-03,2026-09-14,1.22,2.2495,0,0,1.0,0
CELL-03,2026-09-15,1.143,2.0737,0,0,1.0,0
CELL-03,2026-09-16,1.22,2.307,0,0,1.0,0
CELL-03,2026-09-17,1.22,2.2356,0,0,1.0,0
CELL-03,2026-09-18,1.22,2.2435,0,0,1.0,0
CELL-03,2026-09-19,1.301,2.3479,0,0,1.0,0
CELL-03,2026-09-20,1.301,2.3988,0,0,1.0,0
CELL-03,2026-09-21,1.301,2.3592,0,0,1.0,0
CELL-03,2026-09-22,1.22,2.2918,0,0,1.0,0
CELL-03,2026-09-23,1.301,2.3374,0,0,1.0,0
CELL-03,2026-09-24,1.301,2.3935,0,0,1.0,0
CELL-03,2026-09-25,1.301,2.3742,0,0,1.0,0
CELL-03,2026-09-26,1.301,2.4603,0,0,1.0,0
CELL-03,2026-09-27,1.301,2.4197,0,0,1.0,0
CELL-04,2026-04-01,1.071,1.5662,0,0,1.0,0
CELL-04,2026-04-02,1.004,1.4453,0,0,1.0,0
CELL-04,2026-04-03,0.882,1.3378,0,0,1.0,0
CELL-04,2026-04-04,1.004,1.5009,0,0,1.0,0
CELL-04,2026-04-05,1.004,1.5124,0,0,1.0,0
CELL-04,2026-04-06,0.941,1.4306,0,0,1.0,0
CELL-04,2026-04-07,1.071,1.5397,0,0,1.0,0
CELL-04,2026-04-08,1.071,1.5656,0,0,1.0,0
CELL-04,2026-04-09,1.004,1.5313,0,0,1.0,0
CELL-04,2026-04-10,1.143,1.6475,0,0,1.0,0
CELL-04,2026-04-11,1.004,1.5371,0,0,1.0,0
CELL-04,2026-04-12,1.071,1.6247,0,0,1.0,0
CELL-04,2026-04-13,1.004,1.511,0,0,1.0,0
CELL-04,2026-04-14,1.143,1.667,0,0,1.0,0
CELL-04,2026-04-15,1.071,1.5924,0,0,1.0,0
CELL-04,2026-04-16,1.071,1.6307,0,0,1.0,0
CELL-04,2026-04-17,1.004,1.5117,0,0,1.0,0
CELL-04,2026-04-18,1.071,1.5648,0,0,1.0,0
CELL-04,2026-04-19,1.071,1.6237,0,0,1.0,0
CELL-04,2026-04-20,1.004,1.5097,0,0,1.0,0
CELL-04,2026-04-21,1.071,1.5395,0,0,1.0,0
CELL-04,2026-04-22,1.071,1.5455,0,0,1.0,0
CELL-04,2026-04-23,1.071,1.6407,0,0,1.0,0
CELL-04,2026-04-24,1.143,1.7316,0,0,1.0,0
CELL-04,2026-04-25,1.143,1.6542,0,0,1.0,0
CELL-04,2026-04-26,0.941,1.4267,0,0,1.0,0
CELL-04,2026-04-27,0.941,1.4004,0,0,1.0,0
CELL-04,2026-04-28,1.004,1.4693,0,0,1.0,0
CELL-04,2026-04-29,1.143,1.6724,0,0,1.0,0
CELL-04,2026-04-30,1.143,1.7018,0,0,1.0,0
CELL-04,2026-05-01,1.071,1.5557,0,0,1.0,0
CELL-04,2026-05-02,1.004,1.4891,0,0,1.0,0
CELL-04,2026-05-03,1.004,1.5126,0,0,1.0,0
CELL-04,2026-05-04,1.071,1.6054,0,0,1.0,0
CELL-04,2026-05-05,1.143,1.5025,1,0,1.0,0
CELL-04,2026-05-06,1.143,1.4614,1,0,1.0,0
CELL-04,2026-05-07,1.143,1.6589,0,0,1.0,0
CELL-04,2026-05-08,1.143,1.6456,0,0,1.0,0
CELL-04,2026-05-09,1.071,1.547,0,0,0.48,0
CELL-04,2026-05-10,1.004,1.5155,0,0,1.0,0
CELL-04,2026-05-11,1.004,1.4444,0,0,1.0,0
CELL-04,2026-05-12,1.004,1.4893,0,0,1.0,0
CELL-04,2026-05-13,1.143,1.7159,0,0,1.0,0
CELL-04,2026-05-14,1.143,1.6645,0,0,1.0,0
CELL-04,2026-05-15,1.071,1.6403,0,0,1.0,0
CELL-04,2026-05-16,1.071,1.6195,0,0,1.0,0
CELL-04,2026-05-17,1.004,1.5215,0,0,1.0,0
CELL-04,2026-05-18,1.004,1.4507,0,0,1.0,0
CELL-04,2026-05-19,1.004,1.4579,0,0,1.0,0
CELL-04,2026-05-20,1.071,1.5418,0,0,1.0,0
CELL-04,2026-05-21,1.004,1.5356,0,0,1.0,0
CELL-04,2026-05-22,1.071,1.6112,0,0,1.0,0
CELL-04,2026-05-23,1.143,1.7173,0,0,1.0,0
CELL-04,2026-05-24,1.004,1.478,0,0,1.0,0
CELL-04,2026-05-25,0.941,1.4014,0,0,1.0,0
CELL-04,2026-05-26,1.004,1.5261,0,0,1.0,0
CELL-04,2026-05-27,0.941,1.4394,0,0,1.0,0
CELL-04,2026-05-28,1.143,1.6503,0,0,1.0,0
CELL-04,2026-05-29,1.071,1.5722,0,0,1.0,0
CELL-04,2026-05-30,1.071,1.5745,0,0,1.0,0
CELL-04,2026-05-31,0.941,1.4203,0,0,1.0,0
CELL-04,2026-06-01,1.004,1.4891,0,0,1.0,0
CELL-04,2026-06-02,1.004,1.5089,0,0,1.0,0
CELL-04,2026-06-03,1.071,1.5886,0,0,1.0,0
CELL-04,2026-06-04,1.071,1.6155,0,0,1.0,0
CELL-04,2026-06-05,1.004,1.4888,0,0,1.0,0
CELL-04,2026-06-06,1.071,1.6013,0,0,1.0,0
CELL-04,2026-06-07,1.143,1.6552,0,0,1.0,0
CELL-04,2026-06-08,1.071,1.6295,0,0,1.0,0
CELL-04,2026-06-09,1.071,1.5971,0,0,1.0,0
CELL-04,2026-06-10,1.22,1.7564,0,0,1.0,0
CELL-04,2026-06-11,1.143,1.6676,0,0,1.0,0
CELL-04,2026-06-12,1.071,1.5697,0,0,1.0,0
CELL-04,2026-06-13,1.004,1.5142,0,0,1.0,0
CELL-04,2026-06-14,1.004,1.5052,0,0,1.0,0
CELL-04,2026-06-15,0.941,1.4403,0,0,1.0,0
CELL-04,2026-06-16,1.004,1.4825,0,0,1.0,0
CELL-04,2026-06-17,1.143,1.6814,0,0,1.0,0
CELL-04,2026-06-18,1.071,1.6306,0,0,1.0,0
CELL-04,2026-06-19,1.071,1.5681,0,0,1.0,0
CELL-04,2026-06-20,1.004,1.5284,0,0,1.0,0
CELL-04,2026-06-21,1.004,1.4944,0,0,1.0,0
CELL-04,2026-06-22,1.004,1.462,0,0,1.0,0
CELL-04,2026-06-23,1.004,1.4817,0,0,1.0,0
CELL-04,2026-06-24,1.004,1.4838,0,0,1.0,0
CELL-04,2026-06-25,1.071,1.5418,0,0,1.0,0
CELL-04,2026-06-26,1.071,1.5672,0,0,1.0,0
CELL-04,2026-06-27,1.071,1.5713,0,0,1.0,0
CELL-04,2026-06-28,1.004,1.5156,0,0,1.0,0
CELL-04,2026-06-29,1.004,1.5017,0,0,1.0,0
CELL-04,2026-06-30,1.071,1.571,0,0,1.0,0
CELL-04,2026-07-01,1.143,1.6639,0,0,1.0,0
CELL-04,2026-07-02,1.22,1.7699,0,0,1.0,0
CELL-04,2026-07-03,1.22,1.771,0,0,1.0,0
CELL-04,2026-07-04,1.143,1.724,0,0,1.0,0
CELL-04,2026-07-05,1.143,1.6785,0,0,0.63,0
CELL-04,2026-07-06,1.004,1.4594,0,0,1.0,0
CELL-04,2026-07-07,1.004,1.528,0,0,1.0,0
CELL-04,2026-07-08,1.071,1.5873,0,0,1.0,0
CELL-04,2026-07-09,1.071,1.6278,0,0,1.0,0
CELL-04,2026-07-10,1.143,1.7348,0,0,1.0,0
CELL-04,2026-07-11,1.143,1.716,0,0,1.0,0
CELL-04,2026-07-12,1.143,1.6643,0,0,1.0,0
CELL-04,2026-07-13,1.004,1.4781,0,0,1.0,0
CELL-04,2026-07-14,1.004,1.4831,0,0,1.0,0
CELL-04,2026-07-15,1.071,1.5845,0,0,1.0,0
CELL-04,2026-07-16,1.071,1.6247,0,0,1.0,0
CELL-04,2026-07-17,1.071,1.6206,0,0,1.0,0
CELL-04,2026-07-18,1.004,1.5057,0,0,1.0,0
CELL-04,2026-07-19,0.941,1.4274,0,0,1.0,0
CELL-04,2026-07-20,0.941,1.4237,0,0,1.0,0
CELL-04,2026-07-21,0.941,1.4072,0,0,1.0,0
CELL-04,2026-07-22,0.941,1.4114,0,0,1.0,0
CELL-04,2026-07-23,1.071,1.5386,0,0,1.0,0
CELL-04,2026-07-24,1.071,1.5886,0,0,1.0,0
CELL-04,2026-07-25,1.071,1.6337,0,0,1.0,0
CELL-04,2026-07-26,1.143,1.6735,0,0,1.0,0
CELL-04,2026-07-27,1.004,1.4546,0,0,1.0,0
CELL-04,2026-07-28,1.071,1.5729,0,0,1.0,0
CELL-04,2026-07-29,1.071,1.6337,0,0,1.0,0
CELL-04,2026-07-30,1.22,1.7755,0,0,1.0,0
CELL-04,2026-07-31,1.22,1.7526,0,0,1.0,0
CELL-04,2026-08-01,1.071,1.6261,0,0,1.0,0
CELL-04,2026-08-02,1.143,1.6596,0,0,1.0,0
CELL-04,2026-08-03,1.071,1.6076,0,0,1.0,0
CELL-04,2026-08-04,1.004,1.4689,0,0,1.0,0
CELL-04,2026-08-05,1.071,1.6318,0,0,1.0,0
CELL-04,2026-08-06,1.071,1.6219,0,0,1.0,0
CELL-04,2026-08-07,1.004,1.5246,0,0,1.0,0
CELL-04,2026-08-08,0.941,1.4193,0,0,1.0,0
CELL-04,2026-08-09,0.941,1.4178,0,0,1.0,0
CELL-04,2026-08-10,0.941,1.4278,0,0,1.0,0
CELL-04,2026-08-11,1.004,1.4697,0,0,1.0,0
CELL-04,2026-08-12,1.143,1.6744,0,0,1.0,0
CELL-04,2026-08-13,1.143,1.6816,0,0,1.0,0
CELL-04,2026-08-14,1.143,1.7164,0,0,1.0,0
CELL-04,2026-08-15,1.143,1.7382,0,0,1.0,0
CELL-04,2026-08-16,1.071,1.595,0,0,1.0,0
CELL-04,2026-08-17,1.004,1.4927,0,0,1.0,0
CELL-04,2026-08-18,0.941,1.4051,0,0,1.0,0
CELL-04,2026-08-19,1.004,1.4423,0,0,1.0,0
CELL-04,2026-08-20,1.004,1.4709,0,0,1.0,0
CELL-04,2026-08-21,1.071,1.549,0,0,1.0,0
CELL-04,2026-08-22,1.004,1.4651,0,0,1.0,0
CELL-04,2026-08-23,1.071,1.5556,0,0,1.0,0
CELL-04,2026-08-24,1.004,1.5012,0,0,1.0,0
CELL-04,2026-08-25,0.941,1.3748,0,0,0.67,0
CELL-04,2026-08-26,1.071,1.6243,0,0,1.0,0
CELL-04,2026-08-27,1.071,1.6026,0,0,1.0,0
CELL-04,2026-08-28,1.071,1.5684,0,0,1.0,0
CELL-04,2026-08-29,1.071,1.605,0,0,1.0,0
CELL-04,2026-08-30,1.071,1.5566,0,0,1.0,0
CELL-04,2026-08-31,1.071,1.5749,0,0,1.0,0
CELL-04,2026-09-01,1.004,1.4723,0,0,1.0,0
CELL-04,2026-09-02,1.071,1.5415,0,0,1.0,0
CELL-04,2026-09-03,1.004,1.4841,0,0,1.0,0
CELL-04,2026-09-04,1.143,1.6634,0,0,1.0,0
CELL-04,2026-09-05,1.143,1.6978,0,0,1.0,0
CELL-04,2026-09-06,1.004,1.4962,0,0,1.0,0
CELL-04,2026-09-07,1.004,1.4891,0,0,1.0,0
CELL-04,2026-09-08,1.004,1.4482,0,0,1.0,0
CELL-04,2026-09-09,1.004,1.5357,0,0,1.0,0
CELL-04,2026-09-10,1.143,1.655,0,0,1.0,0
CELL-04,2026-09-11,1.143,1.6711,0,0,1.0,0
CELL-04,2026-09-12,1.004,1.5331,0,0,1.0,0
CELL-04,2026-09-13,1.071,1.5424,0,0,1.0,0
CELL-04,2026-09-14,0.941,1.3882,0,0,1.0,0
CELL-04,2026-09-15,0.882,1.3505,0,0,1.0,0
CELL-04,2026-09-16,1.071,1.5543,0,0,1.0,0
CELL-04,2026-09-17,1.071,1.6063,0,0,1.0,0
CELL-04,2026-09-18,1.143,1.6695,0,0,1.0,0
CELL-04,2026-09-19,1.071,1.6197,0,0,1.0,0
CELL-04,2026-09-20,1.071,1.586,0,0,1.0,0
CELL-04,2026-09-21,1.004,1.4805,0,0,1.0,0
CELL-04,2026-09-22,1.004,1.4414,0,0,1.0,0
CELL-04,2026-09-23,1.071,1.5706,0,0,1.0,0
CELL-04,2026-09-24,1.143,1.6908,0,0,1.0,0
CELL-04,2026-09-25,1.22,1.8166,0,0,1.0,0
CELL-04,2026-09-26,1.071,1.6258,0,0,1.0,0
CELL-04,2026-09-27,1.071,1.5452,0,0,1.0,0
CELL-05,2026-04-01,0.826,1.0185,0,0,1.0,0
CELL-05,2026-04-02,0.726,0.9907,0,0,1.0,0
CELL-05,2026-04-03,0.774,0.9544,0,0,1.0,0
CELL-05,2026-04-04,0.774,0.9734,0,0,1.0,0
CELL-05,2026-04-05,0.68,0.9278,0,0,1.0,0
CELL-05,2026-04-06,0.774,0.9499,0,0,1.0,0
CELL-05,2026-04-07,0.826,1.0345,0,0,1.0,0
CELL-05,2026-04-08,0.826,1.0265,0,0,1.0,0
CELL-05,2026-04-09,0.882,1.0827,0,0,1.0,0
CELL-05,2026-04-10,0.882,1.1105,0,0,1.0,0
CELL-05,2026-04-11,0.826,1.1191,0,0,1.0,0
CELL-05,2026-04-12,0.941,1.1576,0,0,1.0,0
CELL-05,2026-04-13,0.882,1.0797,0,0,1.0,0
CELL-05,2026-04-14,0.826,1.0328,0,0,1.0,0
CELL-05,2026-04-15,0.882,1.0915,0,0,1.0,0
CELL-05,2026-04-16,0.826,1.0441,0,0,1.0,0
CELL-05,2026-04-17,0.826,1.0268,0,0,1.0,0
CELL-05,2026-04-18,0.774,1.065,0,0,1.0,0
CELL-05,2026-04-19,0.826,1.0218,0,0,1.0,0
CELL-05,2026-04-20,0.774,0.9716,0,0,1.0,0
CELL-05,2026-04-21,0.68,0.9388,0,0,1.0,0
CELL-05,2026-04-22,0.826,1.0162,0,0,1.0,0
CELL-05,2026-04-23,0.774,0.9699,0,0,1.0,0
CELL-05,2026-04-24,0.774,1.056,0,0,1.0,0
CELL-05,2026-04-25,0.882,1.0841,0,0,1.0,0
CELL-05,2026-04-26,0.68,0.9293,0,0,1.0,0
CELL-05,2026-04-27,0.726,0.9858,0,0,1.0,0
CELL-05,2026-04-28,0.826,1.0087,0,0,1.0,0
CELL-05,2026-04-29,0.726,0.9868,0,0,1.0,0
CELL-05,2026-04-30,0.774,0.9731,0,0,1.0,0
CELL-05,2026-05-01,0.774,0.9666,0,0,1.0,0
CELL-05,2026-05-02,0.726,0.9413,0,0,1.0,0
CELL-05,2026-05-03,0.774,0.9739,0,0,0.53,0
CELL-05,2026-05-04,0.68,0.9371,0,0,1.0,0
CELL-05,2026-05-05,0.726,0.8937,0,0,1.0,0
CELL-05,2026-05-06,0.826,1.0233,0,0,1.0,0
CELL-05,2026-05-07,0.774,1.0615,0,0,1.0,0
CELL-05,2026-05-08,0.882,1.1151,0,0,0.53,0
CELL-05,2026-05-09,0.774,1.0631,0,0,1.0,0
CELL-05,2026-05-10,0.941,1.162,0,0,1.0,0
CELL-05,2026-05-11,0.882,1.0809,0,0,1.0,0
CELL-05,2026-05-12,0.826,1.0408,0,0,1.0,0
CELL-05,2026-05-13,0.774,1.0586,0,0,1.0,0
CELL-05,2026-05-14,0.774,1.0643,0,0,1.0,0
CELL-05,2026-05-15,0.774,1.0688,0,0,1.0,0
CELL-05,2026-05-16,0.774,1.0042,0,0,1.0,0
CELL-05,2026-05-17,0.826,1.0135,0,0,1.0,0
CELL-05,2026-05-18,0.726,0.9985,0,0,1.0,0
CELL-05,2026-05-19,0.774,0.9584,0,0,1.0,0
CELL-05,2026-05-20,0.726,0.9868,0,0,1.0,0
CELL-05,2026-05-21,0.882,1.094,0,0,1.0,0
CELL-05,2026-05-22,0.882,1.1168,0,0,1.0,0
CELL-05,2026-05-23,0.826,1.0714,0,0,1.0,0
CELL-05,2026-05-24,0.774,1.0046,0,0,0.61,0
CELL-05,2026-05-25,0.774,0.9717,0,0,1.0,0
CELL-05,2026-05-26,0.726,0.7428,1,0,1.0,0
CELL-05,2026-05-27,0.774,0.9523,0,0,1.0,0
CELL-05,2026-05-28,0.774,0.9726,0,0,1.0,0
CELL-05,2026-05-29,0.726,0.9934,0,0,1.0,0
CELL-05,2026-05-30,0.826,1.0078,0,0,1.0,0
CELL-05,2026-05-31,0.826,1.0415,0,0,1.0,0
CELL-05,2026-06-01,0.826,1.0348,0,0,1.0,0
CELL-05,2026-06-02,0.726,0.9995,0,0,1.0,0
CELL-05,2026-06-03,0.774,1.0551,0,0,1.0,0
CELL-05,2026-06-04,0.774,1.0494,0,0,1.0,0
CELL-05,2026-06-05,0.826,1.0207,0,0,1.0,0
CELL-05,2026-06-06,0.726,1.0013,0,0,1.0,0
CELL-05,2026-06-07,0.826,1.0095,0,0,1.0,0
CELL-05,2026-06-08,0.774,1.0023,0,0,1.0,0
CELL-05,2026-06-09,0.774,1.0513,0,0,1.0,0
CELL-05,2026-06-10,0.941,1.18,0,0,1.0,0
CELL-05,2026-06-11,1.22,1.5192,0,1,1.0,0
CELL-05,2026-06-12,1.071,1.3443,0,1,1.0,0
CELL-05,2026-06-13,0.826,1.031,0,0,1.0,0
CELL-05,2026-06-14,0.774,1.0025,0,0,1.0,0
CELL-05,2026-06-15,0.726,1.0014,0,0,1.0,0
CELL-05,2026-06-16,0.68,0.921,0,0,1.0,0
CELL-05,2026-06-17,0.826,1.0331,0,0,1.0,0
CELL-05,2026-06-18,0.882,1.0913,0,0,1.0,0
CELL-05,2026-06-19,0.774,1.0038,0,0,1.0,0
CELL-05,2026-06-20,0.826,1.0303,0,0,1.0,0
CELL-05,2026-06-21,0.774,0.9712,0,0,1.0,0
CELL-05,2026-06-22,0.638,0.8729,0,0,1.0,0
CELL-05,2026-06-23,0.726,0.8871,0,0,1.0,0
CELL-05,2026-06-24,0.726,0.8883,0,0,1.0,0
CELL-05,2026-06-25,0.774,1.0495,0,0,1.0,0
CELL-05,2026-06-26,0.826,1.0442,0,0,1.0,0
CELL-05,2026-06-27,0.941,1.1587,0,0,1.0,0
CELL-05,2026-06-28,0.826,1.1347,0,0,1.0,0
CELL-05,2026-06-29,0.774,1.0627,0,0,1.0,0
CELL-05,2026-06-30,0.774,0.9765,0,0,1.0,0
CELL-05,2026-07-01,0.774,0.9794,0,0,1.0,0
CELL-05,2026-07-02,0.882,1.1041,0,0,1.0,0
CELL-05,2026-07-03,0.774,1.0557,0,0,1.0,0
CELL-05,2026-07-04,0.726,0.9932,0,0,1.0,0
CELL-05,2026-07-05,0.826,1.046,0,0,1.0,0
CELL-05,2026-07-06,0.826,1.023,0,0,1.0,0
CELL-05,2026-07-07,0.826,1.0322,0,0,1.0,0
CELL-05,2026-07-08,0.882,1.093,0,0,1.0,0
CELL-05,2026-07-09,0.882,1.0798,0,0,1.0,0
CELL-05,2026-07-10,0.941,1.1525,0,0,1.0,0
CELL-05,2026-07-11,0.882,1.0793,0,0,1.0,0
CELL-05,2026-07-12,0.774,1.0031,0,0,1.0,0
CELL-05,2026-07-13,1.004,1.2435,0,1,1.0,0
CELL-05,2026-07-14,1.004,1.2284,0,1,1.0,0
CELL-05,2026-07-15,0.68,0.9369,0,0,1.0,0
CELL-05,2026-07-16,1.143,1.4385,0,1,1.0,0
CELL-05,2026-07-17,1.071,1.3561,0,1,1.0,0
CELL-05,2026-07-18,1.071,1.4688,0,1,1.0,0
CELL-05,2026-07-19,0.68,0.9297,0,0,1.0,0
CELL-05,2026-07-20,0.826,1.0279,0,0,1.0,0
CELL-05,2026-07-21,0.774,0.9557,0,0,1.0,0
CELL-05,2026-07-22,0.882,1.0801,0,0,1.0,0
CELL-05,2026-07-23,0.826,1.1188,0,0,1.0,0
CELL-05,2026-07-24,0.941,1.1856,0,0,1.0,0
CELL-05,2026-07-25,0.826,1.0396,0,0,1.0,0
CELL-05,2026-07-26,0.826,1.0733,0,0,1.0,0
CELL-05,2026-07-27,0.882,1.0924,0,0,1.0,0
CELL-05,2026-07-28,0.941,1.1526,0,0,1.0,0
CELL-05,2026-07-29,0.941,1.1519,0,0,1.0,0
CELL-05,2026-07-30,0.941,1.152,0,0,1.0,0
CELL-05,2026-07-31,0.882,1.0773,0,0,1.0,0
CELL-05,2026-08-01,0.774,1.0477,0,0,1.0,0
CELL-05,2026-08-02,0.726,0.9936,0,0,1.0,0
CELL-05,2026-08-03,0.726,0.9428,0,0,1.0,0
CELL-05,2026-08-04,0.726,0.918,0,0,1.0,0
CELL-05,2026-08-05,0.726,0.9053,0,0,1.0,0
CELL-05,2026-08-06,0.774,0.9711,0,0,1.0,0
CELL-05,2026-08-07,0.774,0.9489,0,0,1.0,0
CELL-05,2026-08-08,0.726,0.9165,0,0,1.0,0
CELL-05,2026-08-09,0.68,0.929,0,0,1.0,0
CELL-05,2026-08-10,0.638,0.8749,0,0,1.0,0
CELL-05,2026-08-11,0.597,0.8116,0,0,1.0,0
CELL-05,2026-08-12,0.774,0.9474,0,0,1.0,0
CELL-05,2026-08-13,0.826,1.0115,0,0,1.0,0
CELL-05,2026-08-14,0.826,1.0287,0,0,1.0,0
CELL-05,2026-08-15,0.774,1.0581,0,0,1.0,0
CELL-05,2026-08-16,0.774,0.9494,0,0,1.0,0
CELL-05,2026-08-17,0.68,0.9216,0,0,1.0,0
CELL-05,2026-08-18,0.774,0.9704,0,0,1.0,0
CELL-05,2026-08-19,0.726,1.0015,0,0,1.0,0
CELL-05,2026-08-20,0.882,1.1143,0,0,1.0,0
CELL-05,2026-08-21,0.774,1.063,0,0,1.0,0
CELL-05,2026-08-22,0.774,1.0486,0,0,1.0,0
CELL-05,2026-08-23,0.826,1.04,0,0,1.0,0
CELL-05,2026-08-24,0.726,0.9869,0,0,1.0,0
CELL-05,2026-08-25,0.774,0.9453,0,0,1.0,0
CELL-05,2026-08-26,0.882,1.0983,0,0,1.0,0
CELL-05,2026-08-27,0.941,1.1552,0,0,1.0,0
CELL-05,2026-08-28,0.941,1.1592,0,0,1.0,0
CELL-05,2026-08-29,0.882,1.0803,0,0,1.0,0
CELL-05,2026-08-30,0.826,1.0148,0,0,1.0,0
CELL-05,2026-08-31,0.774,0.9719,0,0,1.0,0
CELL-05,2026-09-01,0.826,1.012,0,0,1.0,0
CELL-05,2026-09-02,0.826,1.1273,0,0,1.0,0
CELL-05,2026-09-03,0.941,1.1552,0,0,1.0,0
CELL-05,2026-09-04,0.941,1.1536,0,0,1.0,0
CELL-05,2026-09-05,1.071,1.4708,0,1,1.0,0
CELL-05,2026-09-06,1.071,1.1302,1,1,1.0,0
CELL-05,2026-09-07,0.941,1.1664,0,1,1.0,0
CELL-05,2026-09-08,0.68,0.8583,0,0,1.0,0
CELL-05,2026-09-09,0.774,0.9623,0,0,1.0,0
CELL-05,2026-09-10,1.004,1.2707,0,1,1.0,0
CELL-05,2026-09-11,0.774,0.9802,0,0,1.0,0
CELL-05,2026-09-12,0.774,0.9594,0,0,1.0,0
CELL-05,2026-09-13,0.68,0.9204,0,0,1.0,0
CELL-05,2026-09-14,0.726,0.9089,0,0,1.0,0
CELL-05,2026-09-15,0.774,0.9592,0,0,1.0,0
CELL-05,2026-09-16,0.882,1.1417,0,0,1.0,0
CELL-05,2026-09-17,0.941,1.1746,0,0,1.0,0
CELL-05,2026-09-18,0.941,1.1917,0,0,1.0,0
CELL-05,2026-09-19,0.774,1.0039,0,0,1.0,0
CELL-05,2026-09-20,0.774,0.9573,0,0,1.0,0
CELL-05,2026-09-21,0.774,0.9717,0,0,1.0,0
CELL-05,2026-09-22,0.726,0.9977,0,0,1.0,0
CELL-05,2026-09-23,0.774,1.0044,0,0,1.0,0
CELL-05,2026-09-24,0.774,0.974,0,0,1.0,0
CELL-05,2026-09-25,0.826,1.0442,0,0,1.0,0
CELL-05,2026-09-26,0.774,1.0541,0,0,1.0,0
CELL-05,2026-09-27,0.726,0.9883,0,0,1.0,0
CELL-06,2026-04-01,1.22,1.9557,0,0,1.0,0
CELL-06,2026-04-02,1.22,2.0484,0,0,1.0,0
CELL-06,2026-04-03,1.22,2.0713,0,0,1.0,0
CELL-06,2026-04-04,1.071,1.8757,0,0,1.0,0
CELL-06,2026-04-05,1.004,1.7373,0,0,1.0,0
CELL-06,2026-04-06,1.071,1.794,0,0,1.0,0
CELL-06,2026-04-07,0.941,1.559,0,0,1.0,0
CELL-06,2026-04-08,1.143,1.9101,0,0,1.0,0
CELL-06,2026-04-09,1.143,1.9619,0,0,1.0,0
CELL-06,2026-04-10,1.143,1.9264,0,0,1.0,0
CELL-06,2026-04-11,1.143,1.999,0,0,1.0,0
CELL-06,2026-04-12,1.143,1.9954,0,0,1.0,0
CELL-06,2026-04-13,1.143,2.0035,0,0,1.0,0
CELL-06,2026-04-14,1.143,1.9322,0,0,1.0,0
CELL-06,2026-04-15,1.143,1.998,0,0,1.0,0
CELL-06,2026-04-16,1.143,1.9873,0,0,1.0,0
CELL-06,2026-04-17,1.22,2.0249,0,0,1.0,0
CELL-06,2026-04-18,1.301,2.1697,0,0,1.0,0
CELL-06,2026-04-19,1.388,2.2035,0,0,1.0,0
CELL-06,2026-04-20,1.301,2.0679,0,0,1.0,0
CELL-06,2026-04-21,1.22,2.1205,0,0,1.0,0
CELL-06,2026-04-22,1.22,2.062,0,0,1.0,0
CELL-06,2026-04-23,1.687,2.7861,0,1,1.0,0
CELL-06,2026-04-24,1.581,2.7526,0,1,1.0,0
CELL-06,2026-04-25,1.581,2.7667,0,1,1.0,0
CELL-06,2026-04-26,1.004,1.7453,0,0,1.0,0
CELL-06,2026-04-27,1.004,1.7375,0,0,1.0,0
CELL-06,2026-04-28,1.071,1.8046,0,0,1.0,0
CELL-06,2026-04-29,1.143,2.0026,0,0,1.0,0
CELL-06,2026-04-30,1.22,2.0507,0,0,1.0,0
CELL-06,2026-05-01,1.22,2.0356,0,0,1.0,0
CELL-06,2026-05-02,1.22,2.0292,0,0,1.0,0
CELL-06,2026-05-03,1.143,1.8823,0,0,1.0,0
CELL-06,2026-05-04,1.071,1.8001,0,0,1.0,0
CELL-06,2026-05-05,1.071,1.8493,0,0,1.0,0
CELL-06,2026-05-06,1.22,1.9531,0,0,1.0,0
CELL-06,2026-05-07,1.301,2.0652,0,0,1.0,0
CELL-06,2026-05-08,1.143,1.9198,0,0,1.0,0
CELL-06,2026-05-09,1.143,1.8295,0,0,1.0,0
CELL-06,2026-05-10,1.143,1.96,0,0,1.0,0
CELL-06,2026-05-11,1.143,1.9851,0,0,1.0,0
CELL-06,2026-05-12,1.071,1.8568,0,0,1.0,0
CELL-06,2026-05-13,1.143,1.9434,0,0,1.0,0
CELL-06,2026-05-14,1.143,2.0028,0,0,1.0,0
CELL-06,2026-05-15,1.143,1.9955,0,0,1.0,0
CELL-06,2026-05-16,1.071,1.847,0,0,1.0,0
CELL-06,2026-05-17,1.071,1.8709,0,0,1.0,0
CELL-06,2026-05-18,1.143,1.8337,0,0,1.0,0
CELL-06,2026-05-19,1.22,1.9361,0,0,1.0,0
CELL-06,2026-05-20,1.071,1.8192,0,0,1.0,0
CELL-06,2026-05-21,1.22,2.0116,0,0,1.0,0
CELL-06,2026-05-22,1.071,1.8112,0,0,1.0,0
CELL-06,2026-05-23,1.22,1.9532,0,0,1.0,0
CELL-06,2026-05-24,1.143,1.9414,0,0,1.0,0
CELL-06,2026-05-25,1.004,1.6955,0,0,1.0,0
CELL-06,2026-05-26,1.004,1.7526,0,0,1.0,0
CELL-06,2026-05-27,1.143,1.9431,0,0,1.0,0
CELL-06,2026-05-28,1.22,2.0509,0,0,1.0,0
CELL-06,2026-05-29,1.22,2.0535,0,0,1.0,0
CELL-06,2026-05-30,1.22,2.1367,0,0,1.0,0
CELL-06,2026-05-31,1.22,2.0149,0,0,1.0,0
CELL-06,2026-06-01,1.071,1.8353,0,0,1.0,0
CELL-06,2026-06-02,1.071,1.8502,0,0,1.0,0
CELL-06,2026-06-03,1.143,1.8138,0,0,1.0,0
CELL-06,2026-06-04,1.143,1.9009,0,0,1.0,0
CELL-06,2026-06-05,1.143,2.0065,0,0,1.0,0
CELL-06,2026-06-06,1.071,1.8653,0,0,1.0,0
CELL-06,2026-06-07,1.143,1.89,0,0,1.0,0
CELL-06,2026-06-08,1.071,1.8113,0,0,1.0,0
CELL-06,2026-06-09,1.143,1.8235,0,0,1.0,0
CELL-06,2026-06-10,1.143,1.8956,0,0,1.0,0
CELL-06,2026-06-11,1.22,1.9571,0,0,1.0,0
CELL-06,2026-06-12,1.22,2.0257,0,0,1.0,0
CELL-06,2026-06-13,1.22,2.0602,0,0,1.0,0
CELL-06,2026-06-14,1.301,2.1538,0,0,1.0,0
CELL-06,2026-06-15,1.143,1.8163,0,0,0.68,0
CELL-06,2026-06-16,1.071,1.6999,0,0,1.0,0
CELL-06,2026-06-17,1.071,1.8239,0,0,1.0,0
CELL-06,2026-06-18,1.143,1.9179,0,0,1.0,0
CELL-06,2026-06-19,1.143,1.975,0,0,1.0,0
CELL-06,2026-06-20,1.071,1.8807,0,0,1.0,0
CELL-06,2026-06-21,1.004,1.7351,0,0,1.0,0
CELL-06,2026-06-22,1.071,1.8636,0,0,1.0,0
CELL-06,2026-06-23,1.22,1.9506,0,0,1.0,0
CELL-06,2026-06-24,1.143,1.9874,0,0,1.0,0
CELL-06,2026-06-25,1.22,2.139,0,0,1.0,0
CELL-06,2026-06-26,1.22,2.0507,0,0,1.0,0
CELL-06,2026-06-27,1.22,2.0327,0,0,1.0,0
CELL-06,2026-06-28,1.143,1.912,0,0,1.0,0
CELL-06,2026-06-29,0.826,1.3329,0,0,1.0,1
CELL-06,2026-06-30,0.726,1.2725,0,0,1.0,0
CELL-06,2026-07-01,0.774,1.2493,0,0,1.0,0
CELL-06,2026-07-02,0.726,1.2198,0,0,1.0,0
CELL-06,2026-07-03,0.774,1.2764,0,0,1.0,0
CELL-06,2026-07-04,0.774,1.2402,0,0,1.0,0
CELL-06,2026-07-05,0.726,1.2523,0,0,1.0,0
CELL-06,2026-07-06,0.726,1.2549,0,0,1.0,0
CELL-06,2026-07-07,0.726,1.2552,0,0,1.0,0
CELL-06,2026-07-08,0.826,1.424,0,0,1.0,0
CELL-06,2026-07-09,0.882,1.4738,0,0,1.0,0
CELL-06,2026-07-10,0.774,1.307,0,0,1.0,0
CELL-06,2026-07-11,0.774,1.3192,0,0,1.0,0
CELL-06,2026-07-12,0.774,1.3362,0,0,0.7,0
CELL-06,2026-07-13,0.726,1.2242,0,0,1.0,0
CELL-06,2026-07-14,0.774,1.2408,0,0,1.0,0
CELL-06,2026-07-15,0.774,1.2828,0,0,1.0,0
CELL-06,2026-07-16,0.826,1.4312,0,0,1.0,0
CELL-06,2026-07-17,0.826,1.4078,0,0,1.0,0
CELL-06,2026-07-18,0.882,1.4147,0,0,1.0,0
CELL-06,2026-07-19,0.882,1.4602,0,0,1.0,0
CELL-06,2026-07-20,0.826,1.4356,0,0,1.0,0
CELL-06,2026-07-21,0.726,1.2641,0,0,1.0,0
CELL-06,2026-07-22,0.826,1.3716,0,0,1.0,0
CELL-06,2026-07-23,1.071,1.8186,0,1,1.0,0
CELL-06,2026-07-24,1.143,1.9997,0,1,1.0,0
CELL-06,2026-07-25,1.22,2.0893,0,1,1.0,0
CELL-06,2026-07-26,0.941,1.506,0,0,1.0,0
CELL-06,2026-07-27,0.826,1.4131,0,0,1.0,0
CELL-06,2026-07-28,0.774,1.3247,0,0,1.0,0
CELL-06,2026-07-29,0.882,1.5196,0,0,1.0,0
CELL-06,2026-07-30,0.941,1.6471,0,0,1.0,0
CELL-06,2026-07-31,0.941,1.5677,0,0,1.0,0
CELL-06,2026-08-01,0.882,1.539,0,0,1.0,0
CELL-06,2026-08-02,0.941,1.5039,0,0,1.0,0
CELL-06,2026-08-03,0.774,1.303,0,0,1.0,0
CELL-06,2026-08-04,0.726,1.2029,0,0,1.0,0
CELL-06,2026-08-05,0.774,1.3376,0,0,1.0,0
CELL-06,2026-08-06,0.882,1.472,0,0,1.0,0
CELL-06,2026-08-07,0.774,1.3578,0,0,1.0,0
CELL-06,2026-08-08,0.774,1.3163,0,0,1.0,0
CELL-06,2026-08-09,1.143,1.8393,0,1,1.0,0
CELL-06,2026-08-10,1.071,1.7731,0,1,1.0,0
CELL-06,2026-08-11,0.774,1.238,0,0,1.0,0
CELL-06,2026-08-12,0.774,1.3084,0,0,1.0,0
CELL-06,2026-08-13,0.774,1.3398,0,0,1.0,0
CELL-06,2026-08-14,0.826,1.3949,0,0,1.0,0
CELL-06,2026-08-15,0.826,1.3627,0,0,1.0,0
CELL-06,2026-08-16,0.826,1.3315,0,0,1.0,0
CELL-06,2026-08-17,0.68,1.1721,0,0,1.0,0
CELL-06,2026-08-18,0.726,1.1603,0,0,1.0,0
CELL-06,2026-08-19,0.68,1.1802,0,0,1.0,0
CELL-06,2026-08-20,0.826,1.3288,0,0,1.0,0
CELL-06,2026-08-21,0.826,1.391,0,0,1.0,0
CELL-06,2026-08-22,0.774,1.3067,0,0,0.58,0
CELL-06,2026-08-23,0.774,1.3069,0,0,1.0,0
CELL-06,2026-08-24,0.774,1.307,0,0,1.0,0
CELL-06,2026-08-25,0.774,1.3362,0,0,1.0,0
CELL-06,2026-08-26,0.826,1.3899,0,0,1.0,0
CELL-06,2026-08-27,0.774,1.2935,0,0,1.0,0
CELL-06,2026-08-28,0.774,1.2401,0,0,1.0,0
CELL-06,2026-08-29,0.726,1.2102,0,0,1.0,0
CELL-06,2026-08-30,0.774,1.3086,0,0,0.51,0
CELL-06,2026-08-31,0.826,1.3898,0,0,1.0,0
CELL-06,2026-09-01,0.774,1.3355,0,0,1.0,0
CELL-06,2026-09-02,0.774,1.3437,0,0,1.0,0
CELL-06,2026-09-03,0.826,1.398,0,0,1.0,0
CELL-06,2026-09-04,0.941,1.5561,0,0,1.0,0
CELL-06,2026-09-05,0.882,1.4913,0,0,1.0,0
CELL-06,2026-09-06,0.882,1.4227,0,0,1.0,0
CELL-06,2026-09-07,0.774,1.2058,1,0,1.0,0
CELL-06,2026-09-08,0.68,1.0877,1,0,1.0,0
CELL-06,2026-09-09,0.68,1.1595,0,0,1.0,0
CELL-06,2026-09-10,0.774,1.3436,0,0,1.0,0
CELL-06,2026-09-11,0.882,1.4667,0,0,1.0,0
CELL-06,2026-09-12,0.826,1.3614,0,0,1.0,0
CELL-06,2026-09-13,0.826,1.3141,0,0,1.0,0
CELL-06,2026-09-14,0.774,1.3166,0,0,1.0,0
CELL-06,2026-09-15,0.774,1.2974,0,0,1.0,0
CELL-06,2026-09-16,0.726,1.2685,0,0,1.0,0
CELL-06,2026-09-17,0.774,1.2776,0,0,1.0,0
CELL-06,2026-09-18,0.774,1.2997,0,0,1.0,0
CELL-06,2026-09-19,0.774,1.3577,0,0,1.0,0
CELL-06,2026-09-20,0.774,1.3478,0,0,1.0,0
CELL-06,2026-09-21,0.774,1.3478,0,0,1.0,0
CELL-06,2026-09-22,0.774,1.2964,0,0,1.0,0
CELL-06,2026-09-23,0.826,1.376,0,0,1.0,0
CELL-06,2026-09-24,0.774,1.3354,0,0,1.0,0
CELL-06,2026-09-25,0.826,1.4494,0,0,1.0,0
CELL-06,2026-09-26,0.826,1.4233,0,0,1.0,0
CELL-06,2026-09-27,1.071,1.7819,0,1,1.0,0
CELL-07,2026-04-01,0.882,1.211,0,0,1.0,0
CELL-07,2026-04-02,0.941,1.3142,0,0,1.0,0
CELL-07,2026-04-03,0.941,1.2764,0,0,1.0,0
CELL-07,2026-04-04,1.004,1.3439,0,0,1.0,0
CELL-07,2026-04-05,1.004,1.3645,0,0,1.0,0
CELL-07,2026-04-06,1.004,1.3429,0,0,1.0,0
CELL-07,2026-04-07,0.941,1.3183,0,0,0.49,0
CELL-07,2026-04-08,0.941,1.3097,0,0,1.0,0
CELL-07,2026-04-09,0.882,1.2306,0,0,1.0,0
CELL-07,2026-04-10,0.941,1.2438,0,0,1.0,0
CELL-07,2026-04-11,0.882,1.1666,0,0,1.0,0
CELL-07,2026-04-12,0.826,1.0921,0,0,1.0,0
CELL-07,2026-04-13,0.882,1.1865,0,0,1.0,0
CELL-07,2026-04-14,0.826,1.1535,0,0,1.0,0
CELL-07,2026-04-15,0.826,1.1476,0,0,1.0,0
CELL-07,2026-04-16,0.882,1.2315,0,0,1.0,0
CELL-07,2026-04-17,0.882,1.2104,0,0,1.0,0
CELL-07,2026-04-18,0.882,1.2298,0,0,1.0,0
CELL-07,2026-04-19,0.941,1.3108,0,0,1.0,0
CELL-07,2026-04-20,0.941,1.3169,0,0,1.0,0
CELL-07,2026-04-21,0.941,1.2435,0,0,1.0,0
CELL-07,2026-04-22,1.004,1.3285,0,0,1.0,0
CELL-07,2026-04-23,0.882,1.221,0,0,1.0,0
CELL-07,2026-04-24,1.004,1.3473,0,0,1.0,0
CELL-07,2026-04-25,0.941,1.2882,0,0,1.0,0
CELL-07,2026-04-26,0.882,1.1945,0,0,1.0,0
CELL-07,2026-04-27,0.941,1.3037,0,0,1.0,0
CELL-07,2026-04-28,0.882,1.2117,0,0,1.0,0
CELL-07,2026-04-29,0.826,1.1503,0,0,1.0,0
CELL-07,2026-04-30,0.882,0.6872,2,0,1.0,0
CELL-07,2026-05-01,0.882,1.2251,0,0,1.0,0
CELL-07,2026-05-02,0.941,1.2978,0,0,1.0,0
CELL-07,2026-05-03,0.882,1.2141,0,0,1.0,0
CELL-07,2026-05-04,0.826,1.1564,0,0,1.0,0
CELL-07,2026-05-05,0.826,1.109,0,0,1.0,0
CELL-07,2026-05-06,0.941,1.272,0,0,1.0,0
CELL-07,2026-05-07,0.882,1.2173,0,0,1.0,0
CELL-07,2026-05-08,0.882,1.1894,0,0,1.0,0
CELL-07,2026-05-09,0.826,1.1526,0,0,1.0,0
CELL-07,2026-05-10,0.882,1.1631,0,0,1.0,0
CELL-07,2026-05-11,0.826,1.1249,0,0,1.0,0
CELL-07,2026-05-12,0.826,1.0986,0,0,1.0,0
CELL-07,2026-05-13,0.882,1.2264,0,0,1.0,0
CELL-07,2026-05-14,1.004,1.3856,0,0,1.0,0
CELL-07,2026-05-15,1.004,1.3471,0,0,1.0,0
CELL-07,2026-05-16,0.941,1.2423,0,0,1.0,0
CELL-07,2026-05-17,0.941,1.307,0,0,1.0,0
CELL-07,2026-05-18,0.882,1.2282,0,0,1.0,0
CELL-07,2026-05-19,0.826,1.0919,0,0,1.0,0
CELL-07,2026-05-20,0.882,1.1984,0,0,1.0,0
CELL-07,2026-05-21,0.882,1.2141,0,0,1.0,0
CELL-07,2026-05-22,0.941,1.2709,0,0,1.0,0
CELL-07,2026-05-23,1.004,1.3502,0,0,1.0,0
CELL-07,2026-05-24,0.882,1.2237,0,0,1.0,0
CELL-07,2026-05-25,0.826,1.1573,0,0,1.0,0
CELL-07,2026-05-26,0.774,1.0668,0,0,1.0,0
CELL-07,2026-05-27,0.882,1.2275,0,0,1.0,0
CELL-07,2026-05-28,0.941,1.2997,0,0,1.0,0
CELL-07,2026-05-29,1.004,1.3571,0,0,1.0,0
CELL-07,2026-05-30,1.004,1.3346,0,0,1.0,0
CELL-07,2026-05-31,0.882,1.1662,0,0,1.0,0
CELL-07,2026-06-01,0.826,1.1273,0,0,1.0,0
CELL-07,2026-06-02,0.826,1.1285,0,0,1.0,0
CELL-07,2026-06-03,0.882,1.1808,0,0,1.0,0
CELL-07,2026-06-04,0.882,1.2133,0,0,1.0,0
CELL-07,2026-06-05,0.941,1.312,0,0,1.0,0
CELL-07,2026-06-06,0.882,1.1943,0,0,1.0,0
CELL-07,2026-06-07,0.826,1.1531,0,0,1.0,0
CELL-07,2026-06-08,0.826,1.1334,0,0,1.0,0
CELL-07,2026-06-09,0.882,1.1832,0,0,1.0,0
CELL-07,2026-06-10,0.882,1.2158,0,0,1.0,0
CELL-07,2026-06-11,0.882,1.21,0,0,1.0,0
CELL-07,2026-06-12,1.004,1.3254,0,0,1.0,0
CELL-07,2026-06-13,1.004,1.3815,0,0,1.0,0
CELL-07,2026-06-14,0.941,1.2725,0,0,1.0,0
CELL-07,2026-06-15,0.941,1.2436,0,0,1.0,0
CELL-07,2026-06-16,0.882,1.1987,0,0,1.0,0
CELL-07,2026-06-17,0.826,1.1299,0,0,1.0,0
CELL-07,2026-06-18,0.882,1.1694,0,0,1.0,0
CELL-07,2026-06-19,0.941,1.3095,0,0,1.0,0
CELL-07,2026-06-20,0.882,1.2336,0,0,1.0,0
CELL-07,2026-06-21,0.882,1.2238,0,0,1.0,0
CELL-07,2026-06-22,0.826,1.1436,0,0,1.0,0
CELL-07,2026-06-23,0.826,1.1089,0,0,1.0,0
CELL-07,2026-06-24,0.882,1.1804,0,0,1.0,0
CELL-07,2026-06-25,0.882,1.2285,0,0,1.0,0
CELL-07,2026-06-26,1.004,1.3304,0,0,1.0,0
CELL-07,2026-06-27,1.004,1.3976,0,0,1.0,0
CELL-07,2026-06-28,1.071,1.4926,0,0,1.0,0
CELL-07,2026-06-29,0.941,1.2381,0,0,1.0,0
CELL-07,2026-06-30,0.882,1.1793,0,0,1.0,0
CELL-07,2026-07-01,0.882,1.2263,0,0,1.0,0
CELL-07,2026-07-02,0.941,1.3081,0,0,1.0,0
CELL-07,2026-07-03,0.941,1.304,0,0,1.0,0
CELL-07,2026-07-04,0.882,1.2091,0,0,1.0,0
CELL-07,2026-07-05,0.882,1.2352,0,0,0.44,0
CELL-07,2026-07-06,0.941,1.247,0,0,1.0,0
CELL-07,2026-07-07,1.004,1.3367,0,0,1.0,0
CELL-07,2026-07-08,0.941,1.2802,0,0,1.0,0
CELL-07,2026-07-09,1.071,1.4741,0,0,1.0,0
CELL-07,2026-07-10,0.941,1.2748,0,0,1.0,0
CELL-07,2026-07-11,0.941,1.278,0,0,1.0,0
CELL-07,2026-07-12,0.941,1.2915,0,0,1.0,0
CELL-07,2026-07-13,0.882,1.2097,0,0,1.0,0
CELL-07,2026-07-14,0.826,1.142,0,0,1.0,0
CELL-07,2026-07-15,0.941,1.0398,1,0,1.0,0
CELL-07,2026-07-16,0.882,0.974,1,0,1.0,0
CELL-07,2026-07-17,0.941,1.2405,0,0,1.0,0
CELL-07,2026-07-18,0.826,1.1446,0,0,1.0,0
CELL-07,2026-07-19,0.826,1.1145,0,0,1.0,0
CELL-07,2026-07-20,0.774,1.0779,0,0,1.0,0
CELL-07,2026-07-21,0.774,1.0561,0,0,1.0,0
CELL-07,2026-07-22,0.826,1.1451,0,0,1.0,0
CELL-07,2026-07-23,0.882,1.1739,0,0,1.0,0
CELL-07,2026-07-24,0.941,1.2596,0,0,1.0,0
CELL-07,2026-07-25,0.941,1.2785,0,0,1.0,0
CELL-07,2026-07-26,0.882,1.2078,0,0,1.0,0
CELL-07,2026-07-27,0.826,1.1565,0,0,1.0,0
CELL-07,2026-07-28,0.826,1.1103,0,0,1.0,0
CELL-07,2026-07-29,0.882,1.2059,0,0,1.0,0
CELL-07,2026-07-30,0.826,1.1227,0,0,1.0,0
CELL-07,2026-07-31,0.882,1.2324,0,0,1.0,0
CELL-07,2026-08-01,0.826,1.1538,0,0,1.0,0
CELL-07,2026-08-02,0.826,1.1363,0,0,1.0,0
CELL-07,2026-08-03,0.826,0.9173,1,0,1.0,0
CELL-07,2026-08-04,0.826,0.8869,1,0,1.0,0
CELL-07,2026-08-05,0.882,1.1979,0,0,1.0,0
CELL-07,2026-08-06,0.826,0.9146,1,0,1.0,0
CELL-07,2026-08-07,0.941,1.0136,1,0,1.0,0
CELL-07,2026-08-08,0.882,1.1857,0,0,1.0,0
CELL-07,2026-08-09,0.882,1.195,0,0,1.0,0
CELL-07,2026-08-10,0.882,1.1906,0,0,1.0,0
CELL-07,2026-08-11,0.882,1.185,0,0,1.0,0
CELL-07,2026-08-12,0.826,1.1446,0,0,1.0,0
CELL-07,2026-08-13,0.826,1.1277,0,0,1.0,0
CELL-07,2026-08-14,0.941,1.2997,0,0,1.0,0
CELL-07,2026-08-15,1.301,1.7577,0,1,1.0,0
CELL-07,2026-08-16,1.301,1.8108,0,1,1.0,0
CELL-07,2026-08-17,1.143,1.5637,0,1,1.0,0
CELL-07,2026-08-18,0.826,1.1375,0,0,1.0,0
CELL-07,2026-08-19,0.882,1.209,0,0,1.0,0
CELL-07,2026-08-20,0.882,1.2013,0,0,1.0,0
CELL-07,2026-08-21,0.941,1.2463,0,0,1.0,0
CELL-07,2026-08-22,0.882,1.2304,0,0,1.0,0
CELL-07,2026-08-23,0.826,1.1593,0,0,1.0,0
CELL-07,2026-08-24,0.774,1.0634,0,0,1.0,0
CELL-07,2026-08-25,0.826,1.1099,0,0,1.0,0
CELL-07,2026-08-26,0.882,1.201,0,0,1.0,0
CELL-07,2026-08-27,0.826,1.1304,0,0,1.0,0
CELL-07,2026-08-28,0.826,1.1518,0,0,1.0,0
CELL-07,2026-08-29,0.774,1.0433,0,0,1.0,0
CELL-07,2026-08-30,0.774,1.0466,0,0,1.0,0
CELL-07,2026-08-31,0.826,1.1075,0,0,1.0,0
CELL-07,2026-09-01,0.774,1.0795,0,0,1.0,0
CELL-07,2026-09-02,0.882,1.1667,0,0,1.0,0
CELL-07,2026-09-03,0.882,1.1047,0,0,1.0,0
CELL-07,2026-09-04,0.826,1.1427,0,0,1.0,0
CELL-07,2026-09-05,0.882,1.217,0,0,1.0,0
CELL-07,2026-09-06,0.941,1.2422,0,0,1.0,0
CELL-07,2026-09-07,0.882,1.1647,0,0,1.0,0
CELL-07,2026-09-08,0.941,1.1745,0,0,1.0,0
CELL-07,2026-09-09,0.941,1.3176,0,0,1.0,0
CELL-07,2026-09-10,0.941,1.2634,0,0,1.0,0
CELL-07,2026-09-11,1.004,1.3599,0,0,1.0,0
CELL-07,2026-09-12,0.882,1.2365,0,0,1.0,0
CELL-07,2026-09-13,0.826,1.1494,0,0,1.0,0
CELL-07,2026-09-14,0.826,1.1052,0,0,1.0,0
CELL-07,2026-09-15,0.774,1.0776,0,0,1.0,0
CELL-07,2026-09-16,0.826,1.1517,0,0,1.0,0
CELL-07,2026-09-17,0.882,1.1844,0,0,1.0,0
CELL-07,2026-09-18,0.882,1.1727,0,0,1.0,0
CELL-07,2026-09-19,0.941,1.2448,0,0,1.0,0
CELL-07,2026-09-20,0.774,1.0777,0,0,1.0,0
CELL-07,2026-09-21,0.826,1.1589,0,0,0.48,0
CELL-07,2026-09-22,0.882,1.1781,0,0,1.0,0
CELL-07,2026-09-23,1.004,1.3227,0,0,1.0,0
CELL-07,2026-09-24,0.941,1.2729,0,0,1.0,0
CELL-07,2026-09-25,0.941,1.2399,0,0,1.0,0
CELL-07,2026-09-26,0.941,1.2415,0,0,1.0,0
CELL-07,2026-09-27,0.826,1.1204,0,0,1.0,0
CELL-08,2026-04-01,1.143,1.8107,0,0,1.0,0
CELL-08,2026-04-02,1.071,1.6908,0,0,1.0,0
CELL-08,2026-04-03,1.143,1.7699,0,0,1.0,0
CELL-08,2026-04-04,1.143,1.7113,0,0,1.0,0
CELL-08,2026-04-05,0.941,1.6218,0,0,1.0,0
CELL-08,2026-04-06,1.004,1.6375,0,0,1.0,0
CELL-08,2026-04-07,0.941,1.6313,0,0,1.0,0
CELL-08,2026-04-08,1.004,1.7485,0,0,1.0,0
CELL-08,2026-04-09,1.143,1.7742,0,0,1.0,0
CELL-08,2026-04-10,1.22,1.824,0,0,1.0,0
CELL-08,2026-04-11,1.22,1.9098,0,0,1.0,0
CELL-08,2026-04-12,1.143,1.707,0,0,1.0,0
CELL-08,2026-04-13,1.071,1.6107,0,0,1.0,0
CELL-08,2026-04-14,1.071,1.5746,0,0,1.0,0
CELL-08,2026-04-15,1.071,1.6075,0,0,1.0,0
CELL-08,2026-04-16,1.22,1.8306,0,0,1.0,0
CELL-08,2026-04-17,1.143,1.7955,0,0,1.0,0
CELL-08,2026-04-18,1.004,1.7583,0,0,1.0,0
CELL-08,2026-04-19,1.143,1.7747,0,0,1.0,0
CELL-08,2026-04-20,1.071,1.6907,0,0,1.0,0
CELL-08,2026-04-21,1.071,1.6679,0,0,1.0,0
CELL-08,2026-04-22,1.004,1.7407,0,0,1.0,0
CELL-08,2026-04-23,1.22,1.8189,0,0,1.0,0
CELL-08,2026-04-24,1.071,1.8477,0,0,1.0,0
CELL-08,2026-04-25,1.071,1.8703,0,0,1.0,0
CELL-08,2026-04-26,1.004,1.7499,0,0,1.0,0
CELL-08,2026-04-27,1.143,1.7886,0,0,1.0,0
CELL-08,2026-04-28,1.071,1.6575,0,0,1.0,0
CELL-08,2026-04-29,1.143,1.7169,0,0,1.0,0
CELL-08,2026-04-30,1.143,1.9739,0,0,1.0,0
CELL-08,2026-05-01,1.388,2.0819,0,0,1.0,0
CELL-08,2026-05-02,1.22,1.7847,1,0,1.0,0
CELL-08,2026-05-03,1.22,1.7397,1,0,1.0,0
CELL-08,2026-05-04,1.004,1.7406,0,0,1.0,0
CELL-08,2026-05-05,1.143,1.7095,0,0,1.0,0
CELL-08,2026-05-06,1.143,1.9903,0,0,1.0,0
CELL-08,2026-05-07,1.071,1.8512,0,0,1.0,0
CELL-08,2026-05-08,1.004,1.7501,0,0,1.0,0
CELL-08,2026-05-09,1.143,1.7645,0,0,1.0,0
CELL-08,2026-05-10,1.143,1.8135,0,0,1.0,0
CELL-08,2026-05-11,1.143,1.6727,0,0,1.0,0
CELL-08,2026-05-12,1.071,1.6798,0,0,0.4,0
CELL-08,2026-05-13,1.143,1.7895,0,0,1.0,0
CELL-08,2026-05-14,1.143,1.7062,0,0,1.0,0
CELL-08,2026-05-15,1.004,1.7524,0,0,1.0,0
CELL-08,2026-05-16,1.22,1.822,0,0,1.0,0
CELL-08,2026-05-17,1.22,1.7946,0,0,1.0,0
CELL-08,2026-05-18,1.143,1.9981,0,0,1.0,0
CELL-08,2026-05-19,1.301,1.9146,0,0,1.0,0
CELL-08,2026-05-20,1.22,1.9036,0,0,1.0,0
CELL-08,2026-05-21,1.301,2.0217,0,0,1.0,0
CELL-08,2026-05-22,1.301,1.9028,0,0,1.0,0
CELL-08,2026-05-23,1.22,1.8836,0,0,1.0,0
CELL-08,2026-05-24,1.22,1.9329,0,0,1.0,0
CELL-08,2026-05-25,1.143,1.7768,0,0,1.0,0
CELL-08,2026-05-26,0.941,1.6467,0,0,1.0,0
CELL-08,2026-05-27,1.22,1.7914,0,0,1.0,0
CELL-08,2026-05-28,1.004,1.7564,0,0,1.0,0
CELL-08,2026-05-29,1.004,1.7429,0,0,1.0,0
CELL-08,2026-05-30,1.143,1.8069,0,0,1.0,0
CELL-08,2026-05-31,1.004,1.739,0,0,1.0,0
CELL-08,2026-06-01,1.22,1.8164,0,0,1.0,0
CELL-08,2026-06-02,1.22,1.7832,0,0,1.0,0
CELL-08,2026-06-03,1.22,1.8937,0,0,1.0,0
CELL-08,2026-06-04,1.301,2.0544,0,0,1.0,0
CELL-08,2026-06-05,1.301,1.9575,0,0,1.0,0
CELL-08,2026-06-06,1.22,1.9242,0,0,1.0,0
CELL-08,2026-06-07,1.22,1.8194,0,0,1.0,0
CELL-08,2026-06-08,1.071,1.6742,0,0,1.0,0
CELL-08,2026-06-09,1.071,1.6918,0,0,1.0,0
CELL-08,2026-06-10,1.071,1.6899,0,0,1.0,0
CELL-08,2026-06-11,1.071,1.6877,0,0,1.0,0
CELL-08,2026-06-12,1.143,1.7723,0,0,1.0,0
CELL-08,2026-06-13,1.004,1.7434,0,0,1.0,0
CELL-08,2026-06-14,1.143,1.7148,0,0,0.53,0
CELL-08,2026-06-15,1.004,1.7299,0,0,1.0,0
CELL-08,2026-06-16,1.004,1.5538,0,0,1.0,0
CELL-08,2026-06-17,1.143,1.7893,0,0,1.0,0
CELL-08,2026-06-18,1.143,1.8016,0,0,1.0,0
CELL-08,2026-06-19,1.143,1.8024,0,0,1.0,0
CELL-08,2026-06-20,1.301,2.0436,0,0,1.0,0
CELL-08,2026-06-21,1.301,1.9159,0,0,1.0,0
CELL-08,2026-06-22,1.22,1.8424,0,0,1.0,0
CELL-08,2026-06-23,1.004,1.7542,0,0,1.0,0
CELL-08,2026-06-24,1.22,1.9163,0,0,1.0,0
CELL-08,2026-06-25,1.143,1.9974,0,0,1.0,0
CELL-08,2026-06-26,1.388,2.0492,0,0,1.0,0
CELL-08,2026-06-27,1.071,1.8778,0,0,1.0,0
CELL-08,2026-06-28,1.071,1.8508,0,0,1.0,0
CELL-08,2026-06-29,1.143,1.8034,0,0,1.0,0
CELL-08,2026-06-30,0.941,1.6332,0,0,1.0,0
CELL-08,2026-07-01,1.22,1.8308,0,0,1.0,0
CELL-08,2026-07-02,1.301,1.9605,0,0,1.0,0
CELL-08,2026-07-03,1.301,1.942,0,0,1.0,0
CELL-08,2026-07-04,1.301,1.9116,0,0,1.0,0
CELL-08,2026-07-05,1.388,2.0773,0,0,1.0,0
CELL-08,2026-07-06,1.22,1.8386,0,0,1.0,0
CELL-08,2026-07-07,1.071,1.6928,0,0,1.0,0
CELL-08,2026-07-08,1.143,1.7711,0,0,1.0,0
CELL-08,2026-07-09,1.143,1.6707,0,0,1.0,0
CELL-08,2026-07-10,1.22,1.828,0,0,1.0,0
CELL-08,2026-07-11,1.22,1.8831,0,0,1.0,0
CELL-08,2026-07-12,1.22,1.8998,0,0,1.0,0
CELL-08,2026-07-13,1.301,2.0267,0,0,1.0,0
CELL-08,2026-07-14,1.143,1.8047,0,0,1.0,0
CELL-08,2026-07-15,1.22,1.9283,0,0,1.0,0
CELL-08,2026-07-16,1.22,1.925,0,0,1.0,0
CELL-08,2026-07-17,1.22,1.8873,0,0,1.0,0
CELL-08,2026-07-18,1.301,1.9626,0,0,1.0,0
CELL-08,2026-07-19,0.941,1.6407,0,0,1.0,0
CELL-08,2026-07-20,1.071,1.7476,0,0,1.0,0
CELL-08,2026-07-21,1.22,1.8202,0,0,1.0,0
CELL-08,2026-07-22,1.22,1.844,0,0,1.0,0
CELL-08,2026-07-23,1.143,1.7012,0,0,1.0,0
CELL-08,2026-07-24,1.22,1.8213,0,0,1.0,0
CELL-08,2026-07-25,1.071,1.8664,0,0,1.0,0
CELL-08,2026-07-26,1.22,1.8952,0,0,1.0,0
CELL-08,2026-07-27,1.143,1.8062,0,0,1.0,0
CELL-08,2026-07-28,1.143,1.7113,0,0,1.0,0
CELL-08,2026-07-29,1.071,1.8623,0,0,1.0,0
CELL-08,2026-07-30,1.22,1.925,0,0,1.0,0
CELL-08,2026-07-31,1.481,2.581,0,1,1.0,0
CELL-08,2026-08-01,1.581,2.4535,0,1,1.0,0
CELL-08,2026-08-02,1.004,1.757,0,0,1.0,0
CELL-08,2026-08-03,0.941,1.6464,0,0,1.0,0
CELL-08,2026-08-04,1.143,1.7031,0,0,1.0,0
CELL-08,2026-08-05,1.143,1.7869,0,0,1.0,0
CELL-08,2026-08-06,1.004,1.7367,0,0,1.0,0
CELL-08,2026-08-07,1.071,1.8665,0,0,1.0,0
CELL-08,2026-08-08,1.22,1.8372,0,0,1.0,0
CELL-08,2026-08-09,1.143,1.7697,0,0,1.0,0
CELL-08,2026-08-10,1.143,1.7102,0,0,1.0,1
CELL-08,2026-08-11,1.004,1.5812,0,0,1.0,0
CELL-08,2026-08-12,1.004,1.7604,0,0,1.0,0
CELL-08,2026-08-13,1.071,1.8581,0,0,1.0,0
CELL-08,2026-08-14,1.388,2.033,0,0,1.0,0
CELL-08,2026-08-15,1.22,2.1089,0,0,1.0,0
CELL-08,2026-08-16,1.071,1.8485,0,0,1.0,0
CELL-08,2026-08-17,1.143,1.7753,0,0,1.0,0
CELL-08,2026-08-18,1.071,1.6891,0,0,1.0,0
CELL-08,2026-08-19,1.22,1.8846,0,0,1.0,0
CELL-08,2026-08-20,1.143,2.0072,0,0,1.0,0
CELL-08,2026-08-21,1.22,1.9073,0,0,1.0,0
CELL-08,2026-08-22,1.301,1.9604,0,0,1.0,0
CELL-08,2026-08-23,1.22,1.8234,0,0,1.0,0
CELL-08,2026-08-24,0.941,1.384,0,0,1.0,1
CELL-08,2026-08-25,0.941,1.3819,0,0,1.0,0
CELL-08,2026-08-26,1.004,1.5086,0,0,1.0,0
CELL-08,2026-08-27,1.071,1.6206,0,0,1.0,0
CELL-08,2026-08-28,1.071,1.6107,0,0,1.0,0
CELL-08,2026-08-29,1.071,1.6759,0,0,1.0,0
CELL-08,2026-08-30,1.004,1.5595,0,0,1.0,0
CELL-08,2026-08-31,1.004,1.4983,0,0,1.0,0
CELL-08,2026-09-01,1.004,1.5001,0,0,1.0,0
CELL-08,2026-09-02,1.071,1.615,0,0,1.0,0
CELL-08,2026-09-03,1.071,1.6139,0,0,1.0,0
CELL-08,2026-09-04,1.143,1.7196,0,0,1.0,0
CELL-08,2026-09-05,1.004,1.7381,0,0,1.0,0
CELL-08,2026-09-06,1.143,1.6726,0,0,1.0,0
CELL-08,2026-09-07,0.941,1.4059,0,0,1.0,0
CELL-08,2026-09-08,0.941,1.4185,0,0,1.0,0
CELL-08,2026-09-09,0.826,1.4425,0,0,1.0,0
CELL-08,2026-09-10,0.882,1.523,0,0,1.0,0
CELL-08,2026-09-11,1.004,1.4985,0,0,1.0,0
CELL-08,2026-09-12,1.004,1.4002,1,0,1.0,0
CELL-08,2026-09-13,1.004,1.454,1,0,1.0,0
CELL-08,2026-09-14,0.941,1.4506,0,0,1.0,0
CELL-08,2026-09-15,1.004,1.4771,0,0,1.0,0
CELL-08,2026-09-16,1.143,1.6852,0,0,1.0,0
CELL-08,2026-09-17,1.143,1.8082,0,0,1.0,0
CELL-08,2026-09-18,1.22,1.721,1,0,1.0,0
CELL-08,2026-09-19,0.882,1.5277,0,0,1.0,0
CELL-08,2026-09-20,0.941,1.4776,0,0,1.0,0
CELL-08,2026-09-21,0.941,1.4049,0,0,1.0,0
CELL-08,2026-09-22,0.882,1.3985,0,0,1.0,0
CELL-08,2026-09-23,1.004,1.5011,0,0,1.0,0
CELL-08,2026-09-24,0.882,1.5354,0,0,1.0,0
CELL-08,2026-09-25,0.941,1.4901,0,0,1.0,0
CELL-08,2026-09-26,0.882,1.3827,0,0,1.0,0
CELL-08,2026-09-27,0.941,1.3756,1,0,1.0,0
CELL-09,2026-04-01,0.638,1.1884,0,0,1.0,0
CELL-09,2026-04-02,0.68,1.262,0,0,1.0,0
CELL-09,2026-04-03,0.68,1.2724,0,0,1.0,0
CELL-09,2026-04-04,0.68,1.2302,0,0,1.0,0
CELL-09,2026-04-05,0.638,1.2348,0,0,1.0,0
CELL-09,2026-04-06,0.597,1.1176,0,0,1.0,0
CELL-09,2026-04-07,0.597,1.1161,0,0,1.0,0
CELL-09,2026-04-08,0.597,1.0975,0,0,1.0,0
CELL-09,2026-04-09,0.638,1.1612,0,0,1.0,0
CELL-09,2026-04-10,0.68,1.2401,0,0,1.0,0
CELL-09,2026-04-11,1.004,1.8385,0,1,1.0,0
CELL-09,2026-04-12,0.882,1.6799,0,1,1.0,0
CELL-09,2026-04-13,0.882,1.6449,0,1,1.0,0
CELL-09,2026-04-14,0.638,1.1667,0,0,1.0,0
CELL-09,2026-04-15,0.597,1.1129,0,0,1.0,0
CELL-09,2026-04-16,0.56,1.0844,0,0,1.0,0
CELL-09,2026-04-17,0.638,1.1647,0,0,1.0,0
CELL-09,2026-04-18,0.597,1.1114,0,0,1.0,0
CELL-09,2026-04-19,0.638,1.1744,0,0,1.0,0
CELL-09,2026-04-20,0.597,1.0991,0,0,1.0,0
CELL-09,2026-04-21,0.638,1.184,0,0,1.0,0
CELL-09,2026-04-22,0.68,1.2471,0,0,1.0,0
CELL-09,2026-04-23,0.68,1.2587,0,0,1.0,0
CELL-09,2026-04-24,0.638,1.2336,0,0,1.0,0
CELL-09,2026-04-25,0.597,1.138,0,0,1.0,0
CELL-09,2026-04-26,0.638,1.1631,0,0,1.0,0
CELL-09,2026-04-27,0.638,1.2243,0,0,1.0,0
CELL-09,2026-04-28,0.68,1.2496,0,0,1.0,0
CELL-09,2026-04-29,0.68,1.3074,0,0,1.0,0
CELL-09,2026-04-30,0.68,1.3098,0,0,1.0,0
CELL-09,2026-05-01,0.68,1.2921,0,0,1.0,0
CELL-09,2026-05-02,0.68,1.2669,0,0,1.0,0
CELL-09,2026-05-03,0.638,1.1949,0,0,1.0,0
CELL-09,2026-05-04,0.56,1.0725,0,0,1.0,0
CELL-09,2026-05-05,0.525,1.0075,0,0,1.0,0
CELL-09,2026-05-06,0.56,1.0718,0,0,1.0,0
CELL-09,2026-05-07,0.597,1.1355,0,0,1.0,0
CELL-09,2026-05-08,0.597,1.0944,0,0,1.0,0
CELL-09,2026-05-09,0.638,1.197,0,0,1.0,0
CELL-09,2026-05-10,0.56,1.0832,0,0,1.0,0
CELL-09,2026-05-11,0.56,1.0238,0,0,1.0,0
CELL-09,2026-05-12,0.597,1.0811,0,0,1.0,0
CELL-09,2026-05-13,0.597,1.1566,0,0,1.0,0
CELL-09,2026-05-14,0.638,1.1855,0,0,1.0,0
CELL-09,2026-05-15,0.638,1.1944,0,0,1.0,0
CELL-09,2026-05-16,0.638,1.1653,0,0,1.0,0
CELL-09,2026-05-17,0.68,1.2679,0,0,1.0,0
CELL-09,2026-05-18,0.68,1.2695,0,0,1.0,0
CELL-09,2026-05-19,0.726,1.3697,0,0,1.0,0
CELL-09,2026-05-20,0.68,1.2494,0,0,1.0,0
CELL-09,2026-05-21,0.726,1.3221,0,0,1.0,0
CELL-09,2026-05-22,0.68,1.3177,0,0,1.0,0
CELL-09,2026-05-23,0.638,1.2276,0,0,1.0,0
CELL-09,2026-05-24,0.638,1.2266,0,0,1.0,0
CELL-09,2026-05-25,0.597,1.1279,0,0,1.0,0
CELL-09,2026-05-26,0.56,1.0396,0,0,1.0,0
CELL-09,2026-05-27,0.597,1.135,0,0,1.0,0
CELL-09,2026-05-28,0.638,1.1528,0,0,1.0,0
CELL-09,2026-05-29,0.638,1.2103,0,0,1.0,0
CELL-09,2026-05-30,0.638,1.179,0,0,1.0,0
CELL-09,2026-05-31,0.638,1.2158,0,0,1.0,0
CELL-09,2026-06-01,0.597,1.1366,0,0,1.0,0
CELL-09,2026-06-02,0.638,1.2282,0,0,1.0,0
CELL-09,2026-06-03,0.726,1.3569,0,0,1.0,0
CELL-09,2026-06-04,0.68,1.2765,0,0,1.0,0
CELL-09,2026-06-05,0.638,1.1851,0,0,1.0,0
CELL-09,2026-06-06,0.638,1.1689,0,0,1.0,0
CELL-09,2026-06-07,0.597,1.1281,0,0,1.0,0
CELL-09,2026-06-08,0.597,1.0982,0,0,1.0,0
CELL-09,2026-06-09,0.597,1.0876,0,0,1.0,0
CELL-09,2026-06-10,0.597,1.1235,0,0,1.0,0
CELL-09,2026-06-11,0.597,1.1235,0,0,1.0,0
CELL-09,2026-06-12,0.597,1.1015,0,0,1.0,0
CELL-09,2026-06-13,0.638,1.1691,0,0,1.0,0
CELL-09,2026-06-14,0.638,1.1752,0,0,1.0,0
CELL-09,2026-06-15,0.525,0.9994,0,0,1.0,0
CELL-09,2026-06-16,0.56,1.0658,0,0,1.0,0
CELL-09,2026-06-17,0.68,1.2404,0,0,1.0,0
CELL-09,2026-06-18,0.638,1.1836,0,0,1.0,0
CELL-09,2026-06-19,0.638,1.2143,0,0,1.0,0
CELL-09,2026-06-20,0.638,1.2325,0,0,1.0,0
CELL-09,2026-06-21,0.597,1.1202,0,0,1.0,0
CELL-09,2026-06-22,0.597,1.0858,0,0,1.0,0
CELL-09,2026-06-23,0.56,1.0439,0,0,1.0,0
CELL-09,2026-06-24,0.597,1.1029,0,0,1.0,0
CELL-09,2026-06-25,0.638,1.2019,0,0,1.0,0
CELL-09,2026-06-26,0.638,1.1854,0,0,0.64,0
CELL-09,2026-06-27,0.597,1.1236,0,0,1.0,0
CELL-09,2026-06-28,0.56,1.0567,0,0,1.0,0
CELL-09,2026-06-29,0.525,0.9934,0,0,1.0,0
CELL-09,2026-06-30,0.525,0.9835,0,0,1.0,0
CELL-09,2026-07-01,0.597,1.1477,0,0,1.0,0
CELL-09,2026-07-02,0.638,1.192,0,0,1.0,0
CELL-09,2026-07-03,0.638,1.2004,0,0,1.0,0
CELL-09,2026-07-04,0.638,1.1584,0,0,1.0,0
CELL-09,2026-07-05,0.638,1.177,0,0,1.0,0
CELL-09,2026-07-06,0.597,1.1442,0,0,1.0,0
CELL-09,2026-07-07,0.597,1.1046,0,0,1.0,0
CELL-09,2026-07-08,0.56,1.0765,0,0,1.0,0
CELL-09,2026-07-09,0.597,1.1064,0,0,1.0,0
CELL-09,2026-07-10,0.638,1.208,0,0,1.0,0
CELL-09,2026-07-11,0.638,1.2194,0,0,1.0,0
CELL-09,2026-07-12,0.638,1.152,0,0,1.0,0
CELL-09,2026-07-13,0.638,1.1683,0,0,1.0,0
CELL-09,2026-07-14,0.597,1.0864,0,0,1.0,0
CELL-09,2026-07-15,0.638,1.2207,0,0,1.0,0
CELL-09,2026-07-16,0.68,1.2507,0,0,1.0,0
CELL-09,2026-07-17,0.68,1.2788,0,0,1.0,0
CELL-09,2026-07-18,0.726,1.328,0,0,1.0,0
CELL-09,2026-07-19,0.68,1.2966,0,0,1.0,0
CELL-09,2026-07-20,0.638,1.1528,0,0,1.0,0
CELL-09,2026-07-21,0.68,1.2374,0,0,1.0,0
CELL-09,2026-07-22,0.726,1.3403,0,0,1.0,0
CELL-09,2026-07-23,0.726,1.3572,0,0,1.0,0
CELL-09,2026-07-24,0.68,1.3061,0,0,1.0,0
CELL-09,2026-07-25,0.68,1.2753,0,0,1.0,0
CELL-09,2026-07-26,0.638,1.2066,0,0,1.0,0
CELL-09,2026-07-27,0.68,1.2628,0,0,1.0,0
CELL-09,2026-07-28,0.941,1.7208,0,1,1.0,0
CELL-09,2026-07-29,1.004,1.8151,0,1,1.0,0
CELL-09,2026-07-30,0.941,1.803,0,1,1.0,0
CELL-09,2026-07-31,0.68,1.2828,0,0,1.0,0
CELL-09,2026-08-01,0.774,1.1185,2,0,1.0,0
CELL-09,2026-08-02,0.638,1.019,2,0,1.0,0
CELL-09,2026-08-03,0.597,1.15,0,0,1.0,0
CELL-09,2026-08-04,0.638,1.21,0,0,1.0,0
CELL-09,2026-08-05,0.68,1.2392,0,0,1.0,0
CELL-09,2026-08-06,0.726,1.3773,0,0,1.0,0
CELL-09,2026-08-07,0.726,1.3542,0,0,1.0,0
CELL-09,2026-08-08,0.68,1.2676,0,0,1.0,0
CELL-09,2026-08-09,0.68,1.2492,0,0,1.0,0
CELL-09,2026-08-10,0.638,1.205,0,0,1.0,0
CELL-09,2026-08-11,0.68,1.2388,0,0,1.0,0
CELL-09,2026-08-12,0.638,1.1974,0,0,1.0,0
CELL-09,2026-08-13,0.68,1.2464,0,0,1.0,0
CELL-09,2026-08-14,0.68,1.291,0,0,1.0,0
CELL-09,2026-08-15,0.638,1.1623,0,0,1.0,0
CELL-09,2026-08-16,0.597,1.1357,0,0,1.0,0
CELL-09,2026-08-17,0.638,1.2153,0,0,1.0,0
CELL-09,2026-08-18,0.56,1.0131,0,0,1.0,0
CELL-09,2026-08-19,0.56,1.0296,0,0,1.0,0
CELL-09,2026-08-20,0.638,1.2058,0,0,1.0,0
CELL-09,2026-08-21,0.726,1.339,0,0,1.0,0
CELL-09,2026-08-22,0.726,1.3595,0,0,1.0,0
CELL-09,2026-08-23,0.68,1.2551,0,0,1.0,0
CELL-09,2026-08-24,0.638,1.1782,0,0,1.0,0
CELL-09,2026-08-25,0.638,1.1665,0,0,1.0,0
CELL-09,2026-08-26,0.68,1.31,0,0,1.0,0
CELL-09,2026-08-27,0.68,1.2875,0,0,1.0,0
CELL-09,2026-08-28,0.726,1.3886,0,0,1.0,0
CELL-09,2026-08-29,0.68,1.2924,0,0,1.0,0
CELL-09,2026-08-30,0.638,1.2339,0,0,1.0,0
CELL-09,2026-08-31,0.638,1.1587,0,0,1.0,0
CELL-09,2026-09-01,0.638,1.1789,0,0,1.0,0
CELL-09,2026-09-02,0.638,1.2036,0,0,1.0,0
CELL-09,2026-09-03,0.68,1.2463,0,0,1.0,0
CELL-09,2026-09-04,0.68,1.2936,0,0,1.0,0
CELL-09,2026-09-05,0.68,1.2923,0,0,1.0,0
CELL-09,2026-09-06,0.726,1.3566,0,0,1.0,0
CELL-09,2026-09-07,0.638,1.1724,0,0,1.0,0
CELL-09,2026-09-08,0.597,1.1,0,0,1.0,0
CELL-09,2026-09-09,0.597,1.1222,0,0,1.0,0
CELL-09,2026-09-10,0.638,1.1888,0,0,1.0,0
CELL-09,2026-09-11,0.638,1.2215,0,0,1.0,0
CELL-09,2026-09-12,0.638,1.1777,0,0,1.0,0
CELL-09,2026-09-13,0.56,1.0695,0,0,1.0,0
CELL-09,2026-09-14,0.638,1.1651,0,0,1.0,0
CELL-09,2026-09-15,0.56,1.0845,0,0,1.0,0
CELL-09,2026-09-16,0.56,1.079,0,0,1.0,0
CELL-09,2026-09-17,0.597,1.1267,0,0,1.0,0
CELL-09,2026-09-18,0.638,1.1944,0,0,1.0,0
CELL-09,2026-09-19,0.638,1.2014,0,0,1.0,0
CELL-09,2026-09-20,0.68,1.2838,0,0,1.0,0
CELL-09,2026-09-21,0.68,1.2827,0,0,1.0,0
CELL-09,2026-09-22,0.638,1.1993,0,0,1.0,0
CELL-09,2026-09-23,0.638,1.2121,0,0,1.0,0
CELL-09,2026-09-24,0.68,1.2463,0,0,1.0,0
CELL-09,2026-09-25,0.68,1.2716,0,0,1.0,0
CELL-09,2026-09-26,0.68,1.2876,0,0,1.0,0
CELL-09,2026-09-27,0.68,1.2918,0,0,0.51,0
CELL-10,2026-04-01,0.68,1.2249,0,0,1.0,0
CELL-10,2026-04-02,0.638,1.1568,0,0,1.0,0
CELL-10,2026-04-03,0.597,1.1273,0,0,1.0,0
CELL-10,2026-04-04,0.56,1.0385,0,0,1.0,0
CELL-10,2026-04-05,0.597,1.1034,0,0,1.0,0
CELL-10,2026-04-06,0.597,1.0752,0,0,1.0,0
CELL-10,2026-04-07,0.597,1.0758,0,0,1.0,0
CELL-10,2026-04-08,0.597,1.1259,0,0,1.0,0
CELL-10,2026-04-09,0.638,1.1496,0,0,1.0,0
CELL-10,2026-04-10,0.726,1.339,0,0,1.0,0
CELL-10,2026-04-11,0.68,1.2853,0,0,1.0,0
CELL-10,2026-04-12,0.638,1.1638,0,0,1.0,0
CELL-10,2026-04-13,0.56,1.0579,0,0,1.0,0
CELL-10,2026-04-14,0.726,1.1057,1,0,1.0,0
CELL-10,2026-04-15,0.638,1.1514,0,0,1.0,0
CELL-10,2026-04-16,0.638,1.2043,0,0,0.41,0
CELL-10,2026-04-17,0.638,1.1981,0,0,1.0,0
CELL-10,2026-04-18,0.638,1.1597,0,0,1.0,0
CELL-10,2026-04-19,0.638,1.1948,0,0,1.0,0
CELL-10,2026-04-20,0.597,1.0977,0,0,1.0,0
CELL-10,2026-04-21,0.597,1.1098,0,0,1.0,0
CELL-10,2026-04-22,0.68,1.2598,0,0,1.0,0
CELL-10,2026-04-23,0.774,1.4023,0,0,1.0,0
CELL-10,2026-04-24,0.774,1.4015,0,0,1.0,0
CELL-10,2026-04-25,0.726,1.3059,0,0,1.0,0
CELL-10,2026-04-26,0.726,1.0984,1,0,1.0,0
CELL-10,2026-04-27,0.68,1.0455,1,0,1.0,0
CELL-10,2026-04-28,0.597,1.1119,0,0,1.0,0
CELL-10,2026-04-29,0.638,1.1704,0,0,1.0,0
CELL-10,2026-04-30,0.638,1.2151,0,0,1.0,0
CELL-10,2026-05-01,0.726,1.3341,0,0,1.0,0
CELL-10,2026-05-02,0.68,1.2453,0,0,1.0,0
CELL-10,2026-05-03,0.638,1.1845,0,0,1.0,0
CELL-10,2026-05-04,0.638,1.1791,0,0,1.0,0
CELL-10,2026-05-05,0.597,1.1443,0,0,1.0,0
CELL-10,2026-05-06,0.68,1.2316,0,0,1.0,0
CELL-10,2026-05-07,0.882,1.5956,0,1,1.0,0
CELL-10,2026-05-08,0.882,1.6351,0,1,1.0,0
CELL-10,2026-05-09,0.68,1.2535,0,0,1.0,0
CELL-10,2026-05-10,0.726,1.3306,0,0,1.0,0
CELL-10,2026-05-11,0.638,1.2064,0,0,1.0,0
CELL-10,2026-05-12,0.68,1.2344,0,0,1.0,0
CELL-10,2026-05-13,0.68,1.2513,0,0,1.0,0
CELL-10,2026-05-14,0.774,1.192,1,0,1.0,0
CELL-10,2026-05-15,0.68,1.2404,0,0,1.0,0
CELL-10,2026-05-16,0.638,1.1515,0,0,1.0,0
CELL-10,2026-05-17,0.68,0.985,2,0,1.0,0
CELL-10,2026-05-18,0.597,1.1192,0,0,1.0,0
CELL-10,2026-05-19,0.56,1.0693,0,0,1.0,0
CELL-10,2026-05-20,0.68,1.2577,0,0,1.0,0
CELL-10,2026-05-21,0.68,1.2684,0,0,1.0,0
CELL-10,2026-05-22,0.68,1.2525,0,0,1.0,0
CELL-10,2026-05-23,0.68,1.2841,0,0,1.0,0
CELL-10,2026-05-24,0.597,1.1412,0,0,1.0,0
CELL-10,2026-05-25,0.597,1.0655,0,0,1.0,0
CELL-10,2026-05-26,0.597,1.115,0,0,1.0,0
CELL-10,2026-05-27,0.597,1.1445,0,0,1.0,0
CELL-10,2026-05-28,0.597,1.1193,0,0,1.0,0
CELL-10,2026-05-29,0.638,1.1956,0,0,1.0,0
CELL-10,2026-05-30,0.638,1.1717,0,0,1.0,0
CELL-10,2026-05-31,0.68,1.2578,0,0,1.0,0
CELL-10,2026-06-01,0.638,1.1699,0,0,1.0,0
CELL-10,2026-06-02,0.638,1.1821,0,0,1.0,0
CELL-10,2026-06-03,0.726,1.3209,0,0,1.0,0
CELL-10,2026-06-04,0.726,1.3222,0,0,1.0,0
CELL-10,2026-06-05,0.68,1.2797,0,0,1.0,0
CELL-10,2026-06-06,0.68,1.2394,0,0,1.0,0
CELL-10,2026-06-07,0.638,1.138,0,0,1.0,0
CELL-10,2026-06-08,0.597,1.1028,0,0,1.0,0
CELL-10,2026-06-09,0.597,1.1213,0,0,1.0,0
CELL-10,2026-06-10,0.638,1.1567,0,0,1.0,0
CELL-10,2026-06-11,0.638,1.1924,0,0,1.0,0
CELL-10,2026-06-12,0.68,1.2599,0,0,1.0,0
CELL-10,2026-06-13,0.597,1.1184,0,0,1.0,0
CELL-10,2026-06-14,0.638,1.198,0,0,1.0,0
CELL-10,2026-06-15,0.68,1.1493,1,0,1.0,0
CELL-10,2026-06-16,0.68,1.2492,0,0,1.0,0
CELL-10,2026-06-17,0.638,1.1971,0,0,1.0,0
CELL-10,2026-06-18,0.638,1.2051,0,0,1.0,0
CELL-10,2026-06-19,0.638,1.1518,0,0,1.0,0
CELL-10,2026-06-20,0.597,1.1391,0,0,1.0,0
CELL-10,2026-06-21,0.597,1.1237,0,0,1.0,0
CELL-10,2026-06-22,0.597,1.0872,0,0,1.0,0
CELL-10,2026-06-23,0.597,1.0654,0,0,1.0,0
CELL-10,2026-06-24,0.56,1.0375,0,0,1.0,0
CELL-10,2026-06-25,0.597,1.1073,0,0,1.0,0
CELL-10,2026-06-26,0.941,1.7101,0,1,1.0,0
CELL-10,2026-06-27,0.941,1.7087,0,1,1.0,0
CELL-10,2026-06-28,0.68,1.2874,0,0,0.53,0
CELL-10,2026-06-29,0.638,1.1791,0,0,1.0,0
CELL-10,2026-06-30,0.68,1.2403,0,0,1.0,0
CELL-10,2026-07-01,0.68,1.242,0,0,1.0,0
CELL-10,2026-07-02,0.68,1.2406,0,0,1.0,0
CELL-10,2026-07-03,0.941,1.6927,0,1,1.0,0
CELL-10,2026-07-04,0.826,1.5126,0,1,1.0,0
CELL-10,2026-07-05,0.597,1.0819,0,0,1.0,0
CELL-10,2026-07-06,0.638,1.1644,0,0,1.0,0
CELL-10,2026-07-07,0.597,1.0994,0,0,1.0,0
CELL-10,2026-07-08,0.638,1.1477,0,0,1.0,0
CELL-10,2026-07-09,0.638,1.146,0,0,1.0,0
CELL-10,2026-07-10,0.597,1.1299,0,0,1.0,0
CELL-10,2026-07-11,0.638,1.1539,0,0,1.0,0
CELL-10,2026-07-12,0.68,1.2234,0,0,1.0,0
CELL-10,2026-07-13,0.638,1.2086,0,0,1.0,0
CELL-10,2026-07-14,0.597,1.1155,0,0,1.0,0
CELL-10,2026-07-15,0.638,1.2192,0,0,1.0,0
CELL-10,2026-07-16,0.68,1.2815,0,0,1.0,0
CELL-10,2026-07-17,0.68,1.2339,0,0,1.0,0
CELL-10,2026-07-18,0.68,1.2985,0,0,1.0,0
CELL-10,2026-07-19,0.941,1.7125,0,1,1.0,0
CELL-10,2026-07-20,0.882,1.6501,0,1,1.0,0
CELL-10,2026-07-21,0.882,1.628,0,1,1.0,0
CELL-10,2026-07-22,0.638,1.1727,0,0,1.0,0
CELL-10,2026-07-23,0.638,1.1928,0,0,1.0,0
CELL-10,2026-07-24,0.638,1.1695,0,0,1.0,0
CELL-10,2026-07-25,0.68,1.238,0,0,1.0,0
CELL-10,2026-07-26,0.638,1.145,0,0,1.0,0
CELL-10,2026-07-27,0.597,1.1403,0,0,1.0,0
CELL-10,2026-07-28,0.597,1.1159,0,0,0.6,0
CELL-10,2026-07-29,0.638,1.1658,0,0,1.0,0
CELL-10,2026-07-30,0.68,1.2599,0,0,1.0,0
CELL-10,2026-07-31,0.68,1.2513,0,0,1.0,0
CELL-10,2026-08-01,0.68,1.2773,0,0,1.0,0
CELL-10,2026-08-02,0.726,1.3678,0,0,1.0,0
CELL-10,2026-08-03,0.726,1.306,0,0,1.0,0
CELL-10,2026-08-04,0.68,1.2579,0,0,1.0,0
CELL-10,2026-08-05,0.68,1.2636,0,0,1.0,0
CELL-10,2026-08-06,0.941,1.726,0,1,1.0,0
CELL-10,2026-08-07,0.941,1.746,0,1,1.0,0
CELL-10,2026-08-08,0.68,1.2222,0,0,1.0,0
CELL-10,2026-08-09,0.638,1.1853,0,0,1.0,0
CELL-10,2026-08-10,0.638,1.1911,0,0,1.0,0
CELL-10,2026-08-11,0.597,1.1095,0,0,1.0,0
CELL-10,2026-08-12,0.638,1.1714,0,0,1.0,0
CELL-10,2026-08-13,0.597,1.1118,0,0,1.0,0
CELL-10,2026-08-14,0.638,1.1882,0,0,1.0,0
CELL-10,2026-08-15,0.638,1.1536,0,0,1.0,0
CELL-10,2026-08-16,0.638,1.1775,0,0,1.0,0
CELL-10,2026-08-17,0.597,1.108,0,0,1.0,0
CELL-10,2026-08-18,0.68,1.2105,0,0,1.0,0
CELL-10,2026-08-19,0.726,1.3135,0,0,1.0,0
CELL-10,2026-08-20,0.726,1.3448,0,0,1.0,0
CELL-10,2026-08-21,0.68,1.2722,0,0,1.0,0
CELL-10,2026-08-22,0.638,1.1702,0,0,1.0,0
CELL-10,2026-08-23,0.68,1.2186,0,0,1.0,0
CELL-10,2026-08-24,0.68,1.2461,0,0,1.0,0
CELL-10,2026-08-25,0.638,1.1361,0,0,1.0,0
CELL-10,2026-08-26,0.638,1.2031,0,0,1.0,0
CELL-10,2026-08-27,0.638,1.1817,0,0,1.0,0
CELL-10,2026-08-28,0.68,1.2698,0,0,1.0,0
CELL-10,2026-08-29,0.68,1.2768,0,0,1.0,0
CELL-10,2026-08-30,0.638,1.1862,0,0,1.0,0
CELL-10,2026-08-31,0.597,1.1191,0,0,1.0,0
CELL-10,2026-09-01,0.597,1.1005,0,0,1.0,0
CELL-10,2026-09-02,0.638,1.1754,0,0,1.0,0
CELL-10,2026-09-03,0.638,1.1569,0,0,1.0,0
CELL-10,2026-09-04,0.638,1.1798,0,0,1.0,0
CELL-10,2026-09-05,0.68,1.2356,0,0,1.0,0
CELL-10,2026-09-06,0.638,1.1615,0,0,1.0,0
CELL-10,2026-09-07,0.68,1.285,0,0,1.0,0
CELL-10,2026-09-08,0.638,1.1854,0,0,1.0,0
CELL-10,2026-09-09,0.68,1.2398,0,0,1.0,0
CELL-10,2026-09-10,0.726,1.374,0,0,1.0,0
CELL-10,2026-09-11,0.68,1.2515,0,0,1.0,0
CELL-10,2026-09-12,0.638,1.1495,0,0,1.0,0
CELL-10,2026-09-13,0.597,1.1044,0,0,1.0,0
CELL-10,2026-09-14,0.597,1.1183,0,0,1.0,0
CELL-10,2026-09-15,0.597,1.1314,0,0,1.0,0
CELL-10,2026-09-16,0.638,1.1926,0,0,1.0,0
CELL-10,2026-09-17,0.638,1.1979,0,0,1.0,0
CELL-10,2026-09-18,0.638,1.1755,0,0,1.0,0
CELL-10,2026-09-19,0.726,1.3398,0,0,1.0,0
CELL-10,2026-09-20,0.68,1.254,0,0,1.0,0
CELL-10,2026-09-21,0.597,1.1062,0,0,1.0,0
CELL-10,2026-09-22,0.638,1.171,0,0,1.0,0
CELL-10,2026-09-23,0.68,1.2098,0,0,1.0,0
CELL-10,2026-09-24,0.68,1.2765,0,0,1.0,0
CELL-10,2026-09-25,0.726,1.3113,0,0,1.0,0
CELL-10,2026-09-26,0.726,1.3255,0,0,1.0,0
CELL-10,2026-09-27,0.726,1.3697,0,0,1.0,0
CELL-11,2026-04-01,0.68,1.082,0,0,1.0,0
CELL-11,2026-04-02,0.726,1.1448,0,0,1.0,0
CELL-11,2026-04-03,0.68,1.1008,0,0,1.0,0
CELL-11,2026-04-04,0.638,1.0258,0,0,1.0,0
CELL-11,2026-04-05,0.638,1.0073,0,0,1.0,0
CELL-11,2026-04-06,0.68,1.0889,0,0,1.0,0
CELL-11,2026-04-07,0.68,1.0604,0,0,1.0,0
CELL-11,2026-04-08,0.68,1.0808,0,0,1.0,0
CELL-11,2026-04-09,0.774,1.2291,0,0,1.0,0
CELL-11,2026-04-10,0.726,1.1421,0,0,1.0,0
CELL-11,2026-04-11,0.68,1.0869,0,0,1.0,0
CELL-11,2026-04-12,0.68,1.0883,0,0,1.0,0
CELL-11,2026-04-13,0.638,1.0558,0,0,0.51,0
CELL-11,2026-04-14,0.638,1.0221,0,0,1.0,0
CELL-11,2026-04-15,0.726,1.0773,1,0,1.0,0
CELL-11,2026-04-16,0.726,1.0888,1,0,1.0,0
CELL-11,2026-04-17,0.68,1.1126,0,0,1.0,0
CELL-11,2026-04-18,0.68,1.1064,0,0,1.0,0
CELL-11,2026-04-19,0.68,1.1164,0,0,1.0,0
CELL-11,2026-04-20,0.68,1.1203,0,0,1.0,0
CELL-11,2026-04-21,0.726,1.1309,0,0,1.0,0
CELL-11,2026-04-22,0.726,1.1994,0,0,1.0,0
CELL-11,2026-04-23,0.774,1.236,0,0,1.0,0
CELL-11,2026-04-24,0.774,1.2336,0,0,1.0,0
CELL-11,2026-04-25,0.826,1.3244,0,0,1.0,0
CELL-11,2026-04-26,0.774,1.2852,0,0,1.0,0
CELL-11,2026-04-27,0.726,1.1365,0,0,1.0,0
CELL-11,2026-04-28,0.68,1.0737,0,0,1.0,0
CELL-11,2026-04-29,0.68,1.1111,0,0,1.0,0
CELL-11,2026-04-30,0.68,1.0823,0,0,1.0,0
CELL-11,2026-05-01,0.726,1.1457,0,0,1.0,0
CELL-11,2026-05-02,0.726,1.1511,0,0,1.0,0
CELL-11,2026-05-03,0.638,1.0047,0,0,1.0,0
CELL-11,2026-05-04,0.597,0.9648,0,0,1.0,0
CELL-11,2026-05-05,0.638,1.0137,0,0,1.0,0
CELL-11,2026-05-06,0.68,1.0883,0,0,1.0,0
CELL-11,2026-05-07,0.774,1.1764,0,0,1.0,0
CELL-11,2026-05-08,0.726,1.1307,0,0,1.0,0
CELL-11,2026-05-09,0.68,1.0836,0,0,1.0,0
CELL-11,2026-05-10,0.68,1.102,0,0,1.0,0
CELL-11,2026-05-11,0.726,1.1306,0,0,1.0,0
CELL-11,2026-05-12,0.68,1.0891,0,0,1.0,0
CELL-11,2026-05-13,0.68,1.0639,0,0,1.0,0
CELL-11,2026-05-14,0.68,1.0978,0,0,1.0,0
CELL-11,2026-05-15,0.638,1.0489,0,0,1.0,0
CELL-11,2026-05-16,0.726,1.158,0,0,1.0,0
CELL-11,2026-05-17,0.68,1.1041,0,0,1.0,0
CELL-11,2026-05-18,0.638,1.0298,0,0,1.0,0
CELL-11,2026-05-19,0.597,0.9735,0,0,1.0,0
CELL-11,2026-05-20,0.68,1.1267,0,0,1.0,0
CELL-11,2026-05-21,0.726,1.0522,1,0,1.0,0
CELL-11,2026-05-22,0.638,1.0499,0,0,1.0,0
CELL-11,2026-05-23,0.68,1.1187,0,0,1.0,0
CELL-11,2026-05-24,0.726,1.1737,0,0,1.0,0
CELL-11,2026-05-25,0.68,1.0717,0,0,1.0,0
CELL-11,2026-05-26,0.726,1.1816,0,0,1.0,0
CELL-11,2026-05-27,0.726,1.1468,0,0,1.0,0
CELL-11,2026-05-28,0.726,1.1343,0,0,1.0,0
CELL-11,2026-05-29,0.726,1.1487,0,0,1.0,0
CELL-11,2026-05-30,0.638,1.0466,0,0,1.0,0
CELL-11,2026-05-31,0.68,1.0603,0,0,1.0,0
CELL-11,2026-06-01,0.68,1.1273,0,0,1.0,0
CELL-11,2026-06-02,0.68,1.1126,0,0,1.0,0
CELL-11,2026-06-03,0.726,1.1325,0,0,1.0,0
CELL-11,2026-06-04,0.726,1.1914,0,0,1.0,0
CELL-11,2026-06-05,0.68,1.0798,0,0,1.0,0
CELL-11,2026-06-06,0.68,1.086,0,0,1.0,0
CELL-11,2026-06-07,0.638,1.0195,0,0,1.0,0
CELL-11,2026-06-08,0.638,1.0384,0,0,1.0,0
CELL-11,2026-06-09,0.68,1.099,0,0,1.0,0
CELL-11,2026-06-10,0.68,1.1169,0,0,1.0,0
CELL-11,2026-06-11,0.726,0.9825,2,0,0.49,0
CELL-11,2026-06-12,0.826,1.3016,0,0,1.0,0
CELL-11,2026-06-13,0.726,1.1334,0,0,1.0,0
CELL-11,2026-06-14,0.68,1.0894,0,0,1.0,0
CELL-11,2026-06-15,0.726,1.1485,0,0,1.0,0
CELL-11,2026-06-16,0.726,1.1526,0,0,1.0,0
CELL-11,2026-06-17,0.726,1.1915,0,0,1.0,0
CELL-11,2026-06-18,0.638,1.047,0,0,1.0,0
CELL-11,2026-06-19,0.638,1.0295,0,0,1.0,0
CELL-11,2026-06-20,0.638,1.0558,0,0,1.0,0
CELL-11,2026-06-21,0.638,0.9683,0,0,1.0,0
CELL-11,2026-06-22,0.597,0.9574,0,0,1.0,0
CELL-11,2026-06-23,0.597,0.9339,0,0,0.68,0
CELL-11,2026-06-24,0.638,1.0446,0,0,1.0,0
CELL-11,2026-06-25,0.68,1.1057,0,0,1.0,0
CELL-11,2026-06-26,0.68,1.0979,0,0,1.0,0
CELL-11,2026-06-27,0.68,1.0832,0,0,1.0,0
CELL-11,2026-06-28,0.726,1.2032,0,0,1.0,0
CELL-11,2026-06-29,0.68,1.1253,0,0,1.0,0
CELL-11,2026-06-30,0.68,1.1201,0,0,1.0,0
CELL-11,2026-07-01,0.68,1.1196,0,0,1.0,0
CELL-11,2026-07-02,0.726,1.1586,0,0,1.0,0
CELL-11,2026-07-03,0.638,1.0269,0,0,1.0,0
CELL-11,2026-07-04,0.638,1.0411,0,0,1.0,0
CELL-11,2026-07-05,0.638,1.0191,0,0,1.0,0
CELL-11,2026-07-06,0.597,0.9576,0,0,1.0,0
CELL-11,2026-07-07,0.597,0.9561,0,0,1.0,0
CELL-11,2026-07-08,0.638,1.016,0,0,1.0,0
CELL-11,2026-07-09,0.68,1.1103,0,0,1.0,0
CELL-11,2026-07-10,0.726,1.1374,0,0,1.0,0
CELL-11,2026-07-11,0.68,1.0825,0,0,1.0,0
CELL-11,2026-07-12,0.638,1.0583,0,0,1.0,0
CELL-11,2026-07-13,0.638,0.9979,0,0,1.0,0
CELL-11,2026-07-14,0.638,1.0463,0,0,1.0,0
CELL-11,2026-07-15,0.68,1.1158,0,0,1.0,0
CELL-11,2026-07-16,0.68,1.1203,0,0,1.0,0
CELL-11,2026-07-17,0.726,1.1516,0,0,1.0,0
CELL-11,2026-07-18,0.638,1.0299,0,0,1.0,0
CELL-11,2026-07-19,0.597,0.9358,0,0,1.0,0
CELL-11,2026-07-20,0.597,0.9654,0,0,1.0,0
CELL-11,2026-07-21,0.56,0.923,0,0,1.0,0
CELL-11,2026-07-22,0.638,1.0487,0,0,1.0,0
CELL-11,2026-07-23,0.68,1.0677,0,0,1.0,0
CELL-11,2026-07-24,0.68,1.0721,0,0,1.0,0
CELL-11,2026-07-25,0.68,1.1268,0,0,1.0,0
CELL-11,2026-07-26,0.68,1.0831,0,0,1.0,0
CELL-11,2026-07-27,0.68,1.0707,0,0,1.0,0
CELL-11,2026-07-28,0.68,1.0823,0,0,1.0,0
CELL-11,2026-07-29,0.638,1.0523,0,0,1.0,0
CELL-11,2026-07-30,0.638,1.0111,0,0,1.0,0
CELL-11,2026-07-31,0.638,1.04,0,0,1.0,0
CELL-11,2026-08-01,0.68,1.0686,0,0,1.0,0
CELL-11,2026-08-02,0.68,1.0759,0,0,1.0,0
CELL-11,2026-08-03,0.638,1.0197,0,0,1.0,0
CELL-11,2026-08-04,0.597,0.9388,0,0,1.0,0
CELL-11,2026-08-05,0.638,1.0499,0,0,1.0,0
CELL-11,2026-08-06,0.638,1.0214,0,0,1.0,0
CELL-11,2026-08-07,0.638,1.0577,0,0,1.0,0
CELL-11,2026-08-08,0.638,1.0287,0,0,1.0,0
CELL-11,2026-08-09,0.638,1.0077,0,0,1.0,0
CELL-11,2026-08-10,0.597,0.9334,0,0,1.0,0
CELL-11,2026-08-11,0.638,0.993,0,0,1.0,0
CELL-11,2026-08-12,0.68,1.0818,0,0,1.0,0
CELL-11,2026-08-13,0.726,1.1299,0,0,1.0,0
CELL-11,2026-08-14,0.726,1.1999,0,0,1.0,0
CELL-11,2026-08-15,0.726,1.1729,0,0,1.0,0
CELL-11,2026-08-16,0.68,1.059,0,0,1.0,0
CELL-11,2026-08-17,0.597,0.9903,0,0,1.0,0
CELL-11,2026-08-18,0.638,0.9427,1,0,1.0,0
CELL-11,2026-08-19,0.726,1.1898,0,0,1.0,0
CELL-11,2026-08-20,0.726,1.191,0,0,1.0,0
CELL-11,2026-08-21,0.774,1.248,0,0,1.0,0
CELL-11,2026-08-22,0.726,1.1849,0,0,1.0,0
CELL-11,2026-08-23,0.726,1.1935,0,0,1.0,0
CELL-11,2026-08-24,0.774,1.2104,0,0,1.0,0
CELL-11,2026-08-25,0.726,1.1301,0,0,1.0,0
CELL-11,2026-08-26,0.726,1.1757,0,0,1.0,0
CELL-11,2026-08-27,0.726,1.1935,0,0,1.0,0
CELL-11,2026-08-28,0.726,1.2034,0,0,1.0,0
CELL-11,2026-08-29,0.726,1.2043,0,0,1.0,0
CELL-11,2026-08-30,0.726,1.1583,0,0,1.0,0
CELL-11,2026-08-31,0.726,1.1623,0,0,1.0,0
CELL-11,2026-09-01,0.638,1.0258,0,0,1.0,0
CELL-11,2026-09-02,0.638,0.8772,2,0,1.0,0
CELL-11,2026-09-03,0.638,0.8737,2,0,1.0,0
CELL-11,2026-09-04,0.68,1.0734,0,0,1.0,0
CELL-11,2026-09-05,0.726,1.1892,0,0,1.0,0
CELL-11,2026-09-06,0.774,1.222,0,0,1.0,0
CELL-11,2026-09-07,0.68,1.1081,0,0,1.0,0
CELL-11,2026-09-08,0.726,1.1559,0,0,1.0,0
CELL-11,2026-09-09,0.726,1.1547,0,0,1.0,0
CELL-11,2026-09-10,0.726,1.1633,0,0,1.0,0
CELL-11,2026-09-11,0.68,1.0661,0,0,1.0,0
CELL-11,2026-09-12,0.68,1.0598,0,0,1.0,0
CELL-11,2026-09-13,0.638,1.0395,0,0,1.0,0
CELL-11,2026-09-14,0.638,1.02,0,0,1.0,0
CELL-11,2026-09-15,0.597,0.9763,0,0,1.0,0
CELL-11,2026-09-16,0.638,1.0339,0,0,1.0,0
CELL-11,2026-09-17,0.638,1.0405,0,0,1.0,0
CELL-11,2026-09-18,0.68,1.078,0,0,1.0,0
CELL-11,2026-09-19,0.726,1.1897,0,0,1.0,0
CELL-11,2026-09-20,0.68,0.9158,2,0,1.0,0
CELL-11,2026-09-21,0.68,0.9109,2,0,1.0,0
CELL-11,2026-09-22,0.638,1.0567,0,0,1.0,0
CELL-11,2026-09-23,0.638,1.0096,0,0,0.46,0
CELL-11,2026-09-24,0.638,1.0586,0,0,1.0,0
CELL-11,2026-09-25,0.638,1.0442,0,0,1.0,0
CELL-11,2026-09-26,0.68,1.0744,0,0,1.0,0
CELL-11,2026-09-27,0.68,1.079,0,0,1.0,0
CELL-12,2026-04-01,0.432,0.552,0,0,1.0,0
CELL-12,2026-04-02,0.461,0.5563,0,0,1.0,0
CELL-12,2026-04-03,0.597,0.7632,0,1,1.0,0
CELL-12,2026-04-04,0.597,0.7505,0,1,1.0,0
CELL-12,2026-04-05,0.597,0.7635,0,1,1.0,0
CELL-12,2026-04-06,0.432,0.5284,0,0,1.0,0
CELL-12,2026-04-07,0.405,0.4999,0,0,1.0,0
CELL-12,2026-04-08,0.405,0.499,0,0,1.0,0
CELL-12,2026-04-09,0.461,0.5556,0,0,1.0,0
CELL-12,2026-04-10,0.461,0.5656,0,0,1.0,0
CELL-12,2026-04-11,0.432,0.5491,0,0,1.0,0
CELL-12,2026-04-12,0.492,0.5993,0,0,1.0,0
CELL-12,2026-04-13,0.432,0.5384,0,0,1.0,0
CELL-12,2026-04-14,0.432,0.5197,0,0,1.0,0
CELL-12,2026-04-15,0.405,0.5075,0,0,1.0,0
CELL-12,2026-04-16,0.461,0.5569,0,0,1.0,0
CELL-12,2026-04-17,0.461,0.5622,0,0,1.0,0
CELL-12,2026-04-18,0.405,0.5125,0,0,1.0,0
CELL-12,2026-04-19,0.405,0.5182,0,0,1.0,0
CELL-12,2026-04-20,0.432,0.5393,0,0,1.0,0
CELL-12,2026-04-21,0.432,0.53,0,0,1.0,0
CELL-12,2026-04-22,0.432,0.5346,0,0,1.0,0
CELL-12,2026-04-23,0.461,0.5645,0,0,1.0,0
CELL-12,2026-04-24,0.461,0.5689,0,0,1.0,0
CELL-12,2026-04-25,0.461,0.5642,0,0,1.0,0
CELL-12,2026-04-26,0.432,0.5434,0,0,1.0,0
CELL-12,2026-04-27,0.432,0.5401,0,0,1.0,0
CELL-12,2026-04-28,0.405,0.4905,0,0,1.0,0
CELL-12,2026-04-29,0.405,0.5124,0,0,1.0,0
CELL-12,2026-04-30,0.461,0.5557,0,0,1.0,0
CELL-12,2026-05-01,0.432,0.5469,0,0,1.0,0
CELL-12,2026-05-02,0.461,0.5629,0,0,1.0,0
CELL-12,2026-05-03,0.432,0.5405,0,0,1.0,0
CELL-12,2026-05-04,0.461,0.5586,0,0,1.0,0
CELL-12,2026-05-05,0.432,0.5458,0,0,1.0,0
CELL-12,2026-05-06,0.432,0.5223,0,0,1.0,0
CELL-12,2026-05-07,0.432,0.5243,0,0,1.0,0
CELL-12,2026-05-08,0.461,0.5739,0,0,1.0,0
CELL-12,2026-05-09,0.432,0.5393,0,0,1.0,0
CELL-12,2026-05-10,0.405,0.4944,0,0,1.0,0
CELL-12,2026-05-11,0.379,0.476,0,0,1.0,0
CELL-12,2026-05-12,0.405,0.5055,0,0,1.0,0
CELL-12,2026-05-13,0.432,0.5458,0,0,1.0,0
CELL-12,2026-05-14,0.432,0.5234,0,0,1.0,0
CELL-12,2026-05-15,0.432,0.5455,0,0,1.0,0
CELL-12,2026-05-16,0.432,0.5452,0,0,1.0,0
CELL-12,2026-05-17,0.432,0.5473,0,0,1.0,0
CELL-12,2026-05-18,0.432,0.5528,0,0,1.0,0
CELL-12,2026-05-19,0.432,0.5441,0,0,1.0,0
CELL-12,2026-05-20,0.432,0.5471,0,0,1.0,0
CELL-12,2026-05-21,0.432,0.5446,0,0,1.0,0
CELL-12,2026-05-22,0.461,0.5789,0,0,1.0,0
CELL-12,2026-05-23,0.432,0.5411,0,0,1.0,0
CELL-12,2026-05-24,0.405,0.517,0,0,1.0,0
CELL-12,2026-05-25,0.405,0.5117,0,0,1.0,0
CELL-12,2026-05-26,0.405,0.508,0,0,1.0,0
CELL-12,2026-05-27,0.379,0.4838,0,0,1.0,0
CELL-12,2026-05-28,0.405,0.5185,0,0,1.0,0
CELL-12,2026-05-29,0.461,0.5654,0,0,1.0,0
CELL-12,2026-05-30,0.432,0.5532,0,0,1.0,0
CELL-12,2026-05-31,0.432,0.5414,0,0,1.0,0
CELL-12,2026-06-01,0.432,0.5239,0,0,1.0,0
CELL-12,2026-06-02,0.405,0.5075,0,0,1.0,0
CELL-12,2026-06-03,0.432,0.5187,0,0,1.0,0
CELL-12,2026-06-04,0.461,0.5632,0,0,1.0,0
CELL-12,2026-06-05,0.461,0.5728,0,0,1.0,0
CELL-12,2026-06-06,0.638,0.7673,0,1,1.0,0
CELL-12,2026-06-07,0.461,0.5557,0,0,1.0,0
CELL-12,2026-06-08,0.405,0.4959,0,0,1.0,0
CELL-12,2026-06-09,0.379,0.4753,0,0,1.0,0
CELL-12,2026-06-10,0.432,0.5384,0,0,1.0,0
CELL-12,2026-06-11,0.461,0.5739,0,0,0.43,0
CELL-12,2026-06-12,0.492,0.6085,0,0,1.0,0
CELL-12,2026-06-13,0.461,0.5895,0,0,1.0,0
CELL-12,2026-06-14,0.432,0.5305,0,0,1.0,0
CELL-12,2026-06-15,0.405,0.4865,0,0,1.0,0
CELL-12,2026-06-16,0.405,0.4939,0,0,1.0,0
CELL-12,2026-06-17,0.432,0.5518,0,0,1.0,0
CELL-12,2026-06-18,0.461,0.5672,0,0,1.0,0
CELL-12,2026-06-19,0.461,0.4886,1,0,1.0,0
CELL-12,2026-06-20,0.405,0.5088,0,0,0.5,0
CELL-12,2026-06-21,0.405,0.497,0,0,1.0,0
CELL-12,2026-06-22,0.405,0.5006,0,0,1.0,0
CELL-12,2026-06-23,0.405,0.4923,0,0,1.0,0
CELL-12,2026-06-24,0.405,0.5185,0,0,1.0,0
CELL-12,2026-06-25,0.432,0.5439,0,0,1.0,0
CELL-12,2026-06-26,0.461,0.5866,0,0,1.0,0
CELL-12,2026-06-27,0.461,0.5865,0,0,1.0,0
CELL-12,2026-06-28,0.461,0.5818,0,0,1.0,0
CELL-12,2026-06-29,0.492,0.6024,0,0,1.0,0
CELL-12,2026-06-30,0.432,0.5498,0,0,1.0,0
CELL-12,2026-07-01,0.432,0.5439,0,0,1.0,0
CELL-12,2026-07-02,0.492,0.608,0,0,1.0,0
CELL-12,2026-07-03,0.461,0.576,0,0,1.0,0
CELL-12,2026-07-04,0.461,0.581,0,0,1.0,0
CELL-12,2026-07-05,0.461,0.5557,0,0,1.0,0
CELL-12,2026-07-06,0.432,0.5421,0,0,1.0,0
CELL-12,2026-07-07,0.432,0.5324,0,0,1.0,0
CELL-12,2026-07-08,0.432,0.5411,0,0,1.0,0
CELL-12,2026-07-09,0.461,0.555,0,0,1.0,0
CELL-12,2026-07-10,0.492,0.5981,0,0,1.0,0
CELL-12,2026-07-11,0.461,0.5605,0,0,1.0,0
CELL-12,2026-07-12,0.432,0.5411,0,0,1.0,0
CELL-12,2026-07-13,0.405,0.5088,0,0,1.0,0
CELL-12,2026-07-14,0.405,0.4923,0,0,1.0,0
CELL-12,2026-07-15,0.405,0.5133,0,0,1.0,0
CELL-12,2026-07-16,0.597,0.7597,0,1,1.0,0
CELL-12,2026-07-17,0.492,0.6085,0,0,1.0,0
CELL-12,2026-07-18,0.492,0.5906,0,0,1.0,0
CELL-12,2026-07-19,0.461,0.5683,0,0,1.0,0
CELL-12,2026-07-20,0.461,0.5811,0,0,1.0,0
CELL-12,2026-07-21,0.432,0.5528,0,0,1.0,0
CELL-12,2026-07-22,0.492,0.6063,0,0,1.0,0
CELL-12,2026-07-23,0.461,0.561,0,0,1.0,0
CELL-12,2026-07-24,0.432,0.5387,0,0,1.0,0
CELL-12,2026-07-25,0.461,0.5874,0,0,1.0,0
CELL-12,2026-07-26,0.432,0.5533,0,0,1.0,0
CELL-12,2026-07-27,0.461,0.5559,0,0,1.0,0
CELL-12,2026-07-28,0.432,0.5384,0,0,1.0,1
CELL-12,2026-07-29,0.461,0.5549,0,0,1.0,0
CELL-12,2026-07-30,0.525,0.6703,0,0,1.0,1
CELL-12,2026-07-31,0.525,0.6616,0,0,1.0,0
CELL-12,2026-08-01,0.525,0.6564,0,0,1.0,0
CELL-12,2026-08-02,0.525,0.6608,0,0,1.0,0
CELL-12,2026-08-03,0.492,0.6224,0,0,1.0,0
CELL-12,2026-08-04,0.492,0.615,0,0,1.0,0
CELL-12,2026-08-05,0.56,0.7113,0,0,1.0,0
CELL-12,2026-08-06,0.56,0.6928,0,0,1.0,0
CELL-12,2026-08-07,0.597,0.7396,0,0,1.0,0
CELL-12,2026-08-08,0.56,0.7163,0,0,1.0,0
CELL-12,2026-08-09,0.56,0.6813,0,0,1.0,0
CELL-12,2026-08-10,0.525,0.6632,0,0,1.0,0
CELL-12,2026-08-11,0.525,0.6391,0,0,1.0,0
CELL-12,2026-08-12,0.56,0.6993,0,0,1.0,0
CELL-12,2026-08-13,0.56,0.6784,0,0,1.0,0
CELL-12,2026-08-14,0.56,0.6857,0,0,1.0,0
CELL-12,2026-08-15,0.525,0.6531,0,0,1.0,0
CELL-12,2026-08-16,0.56,0.6853,0,0,1.0,0
CELL-12,2026-08-17,0.492,0.6129,0,0,1.0,0
CELL-12,2026-08-18,0.461,0.5822,0,0,1.0,0
CELL-12,2026-08-19,0.492,0.6131,0,0,1.0,0
CELL-12,2026-08-20,0.525,0.6512,0,0,1.0,0
CELL-12,2026-08-21,0.56,0.7145,0,0,1.0,0
CELL-12,2026-08-22,0.597,0.7561,0,0,1.0,0
CELL-12,2026-08-23,0.597,0.7228,0,0,1.0,0
CELL-12,2026-08-24,0.525,0.6578,0,0,1.0,0
CELL-12,2026-08-25,0.525,0.6337,0,0,1.0,0
CELL-12,2026-08-26,0.56,0.7081,0,0,1.0,0
CELL-12,2026-08-27,0.56,0.5002,2,0,1.0,0
CELL-12,2026-08-28,0.56,0.4825,2,0,1.0,0
CELL-12,2026-08-29,0.525,0.6596,0,0,1.0,0
CELL-12,2026-08-30,0.525,0.6612,0,0,1.0,0
CELL-12,2026-08-31,0.525,0.6558,0,0,1.0,0
CELL-12,2026-09-01,0.492,0.6063,0,0,1.0,0
CELL-12,2026-09-02,0.525,0.6596,0,0,1.0,0
CELL-12,2026-09-03,0.525,0.649,0,0,1.0,0
CELL-12,2026-09-04,0.525,0.6446,0,0,1.0,0
CELL-12,2026-09-05,0.56,0.6855,0,0,1.0,0
CELL-12,2026-09-06,0.525,0.6609,0,0,1.0,0
CELL-12,2026-09-07,0.492,0.5982,0,0,1.0,0
CELL-12,2026-09-08,0.492,0.6196,0,0,1.0,0
CELL-12,2026-09-09,0.525,0.6359,0,0,1.0,0
CELL-12,2026-09-10,0.492,0.6251,0,0,1.0,0
CELL-12,2026-09-11,0.492,0.6149,0,0,1.0,0
CELL-12,2026-09-12,0.56,0.6925,0,0,1.0,0
CELL-12,2026-09-13,0.56,0.7004,0,0,1.0,0
CELL-12,2026-09-14,0.525,0.6525,0,0,1.0,0
CELL-12,2026-09-15,0.525,0.6578,0,0,1.0,0
CELL-12,2026-09-16,0.56,0.6995,0,0,1.0,0
CELL-12,2026-09-17,0.56,0.6744,0,0,1.0,0
CELL-12,2026-09-18,0.525,0.6588,0,0,1.0,0
CELL-12,2026-09-19,0.597,0.7193,0,0,1.0,0
CELL-12,2026-09-20,0.597,0.7296,0,0,1.0,0
CELL-12,2026-09-21,0.525,0.6667,0,0,1.0,0
CELL-12,2026-09-22,0.56,0.6856,0,0,1.0,0
CELL-12,2026-09-23,0.56,0.6865,0,0,1.0,0
CELL-12,2026-09-24,0.56,0.7089,0,0,1.0,0
CELL-12,2026-09-25,0.525,0.6387,0,0,1.0,0
CELL-12,2026-09-26,0.56,0.6897,0,0,1.0,0
CELL-12,2026-09-27,0.525,0.6373,0,0,1.0,0
CELL-13,2026-04-01,0.293,0.518,0,0,1.0,0
CELL-13,2026-04-02,0.293,0.5156,0,0,1.0,0
CELL-13,2026-04-03,0.293,0.4998,0,0,1.0,0
CELL-13,2026-04-04,0.293,0.5164,0,0,1.0,0
CELL-13,2026-04-05,0.333,0.5276,0,0,1.0,0
CELL-13,2026-04-06,0.312,0.5345,0,0,1.0,0
CELL-13,2026-04-07,0.312,0.5293,0,0,1.0,0
CELL-13,2026-04-08,0.293,0.5191,0,0,1.0,0
CELL-13,2026-04-09,0.293,0.525,0,0,1.0,0
CELL-13,2026-04-10,0.293,0.5197,0,0,1.0,0
CELL-13,2026-04-11,0.293,0.4802,0,0,1.0,0
CELL-13,2026-04-12,0.274,0.4494,0,0,1.0,0
CELL-13,2026-04-13,0.257,0.4171,0,0,1.0,0
CELL-13,2026-04-14,0.274,0.4458,0,0,1.0,0
CELL-13,2026-04-15,0.293,0.4607,0,0,1.0,0
CELL-13,2026-04-16,0.257,0.4447,0,0,1.0,0
CELL-13,2026-04-17,0.257,0.4569,0,0,1.0,0
CELL-13,2026-04-18,0.274,0.4656,0,0,1.0,0
CELL-13,2026-04-19,0.312,0.4896,0,0,1.0,0
CELL-13,2026-04-20,0.274,0.4658,0,0,1.0,0
CELL-13,2026-04-21,0.274,0.4728,0,0,1.0,0
CELL-13,2026-04-22,0.333,0.5234,0,0,1.0,0
CELL-13,2026-04-23,0.312,0.5336,0,0,1.0,0
CELL-13,2026-04-24,0.293,0.5052,0,0,1.0,0
CELL-13,2026-04-25,0.312,0.4907,0,0,1.0,0
CELL-13,2026-04-26,0.293,0.4814,0,0,1.0,0
CELL-13,2026-04-27,0.312,0.5068,0,0,1.0,0
CELL-13,2026-04-28,0.312,0.4893,0,0,0.55,0
CELL-13,2026-04-29,0.312,0.5381,0,0,1.0,0
CELL-13,2026-04-30,0.356,0.583,0,0,1.0,0
CELL-13,2026-05-01,0.356,0.5557,0,0,1.0,0
CELL-13,2026-05-02,0.333,0.5439,0,0,1.0,0
CELL-13,2026-05-03,0.293,0.5168,0,0,1.0,0
CELL-13,2026-05-04,0.312,0.5523,0,0,1.0,0
CELL-13,2026-05-05,0.293,0.4721,0,0,1.0,0
CELL-13,2026-05-06,0.274,0.486,0,0,1.0,0
CELL-13,2026-05-07,0.293,0.5177,0,0,0.45,0
CELL-13,2026-05-08,0.333,0.5415,0,0,1.0,0
CELL-13,2026-05-09,0.432,0.7293,0,1,1.0,0
CELL-13,2026-05-10,0.405,0.7152,0,1,1.0,0
CELL-13,2026-05-11,0.312,0.5544,0,0,1.0,0
CELL-13,2026-05-12,0.333,0.5212,0,0,1.0,0
CELL-13,2026-05-13,0.293,0.4771,0,0,1.0,0
CELL-13,2026-05-14,0.312,0.5022,0,0,1.0,0
CELL-13,2026-05-15,0.312,0.5139,0,0,1.0,0
CELL-13,2026-05-16,0.333,0.522,0,0,1.0,0
CELL-13,2026-05-17,0.312,0.5387,0,0,1.0,0
CELL-13,2026-05-18,0.293,0.498,0,0,1.0,0
CELL-13,2026-05-19,0.312,0.5035,0,0,1.0,0
CELL-13,2026-05-20,0.293,0.4989,0,0,1.0,0
CELL-13,2026-05-21,0.312,0.5095,0,0,1.0,0
CELL-13,2026-05-22,0.312,0.5117,0,0,1.0,0
CELL-13,2026-05-23,0.356,0.5822,0,0,1.0,0
CELL-13,2026-05-24,0.356,0.5797,0,0,1.0,0
CELL-13,2026-05-25,0.312,0.5118,0,0,1.0,0
CELL-13,2026-05-26,0.312,0.5021,0,0,1.0,0
CELL-13,2026-05-27,0.333,0.5232,0,0,1.0,0
CELL-13,2026-05-28,0.356,0.6042,0,0,1.0,0
CELL-13,2026-05-29,0.356,0.5723,0,0,1.0,0
CELL-13,2026-05-30,0.293,0.5194,0,0,0.64,0
CELL-13,2026-05-31,0.312,0.5021,0,0,1.0,0
CELL-13,2026-06-01,0.293,0.4754,0,0,1.0,0
CELL-13,2026-06-02,0.312,0.5074,0,0,1.0,0
CELL-13,2026-06-03,0.293,0.5057,0,0,1.0,0
CELL-13,2026-06-04,0.312,0.5078,0,0,1.0,0
CELL-13,2026-06-05,0.312,0.5071,0,0,1.0,0
CELL-13,2026-06-06,0.333,0.5423,0,0,1.0,0
CELL-13,2026-06-07,0.333,0.5631,0,0,1.0,0
CELL-13,2026-06-08,0.293,0.5179,0,0,1.0,0
CELL-13,2026-06-09,0.293,0.4975,0,0,1.0,0
CELL-13,2026-06-10,0.274,0.4836,0,0,1.0,0
CELL-13,2026-06-11,0.274,0.4864,0,0,1.0,0
CELL-13,2026-06-12,0.312,0.5026,0,0,1.0,0
CELL-13,2026-06-13,0.333,0.5233,0,0,1.0,0
CELL-13,2026-06-14,0.312,0.5085,0,0,1.0,0
CELL-13,2026-06-15,0.312,0.4904,0,0,1.0,0
CELL-13,2026-06-16,0.274,0.4627,0,0,1.0,0
CELL-13,2026-06-17,0.293,0.5166,0,0,1.0,0
CELL-13,2026-06-18,0.333,0.5229,0,0,1.0,0
CELL-13,2026-06-19,0.312,0.5278,0,0,1.0,0
CELL-13,2026-06-20,0.333,0.547,0,0,1.0,0
CELL-13,2026-06-21,0.293,0.5161,0,0,1.0,0
CELL-13,2026-06-22,0.293,0.5155,0,0,1.0,0
CELL-13,2026-06-23,0.333,0.5242,0,0,1.0,0
CELL-13,2026-06-24,0.293,0.5055,0,0,1.0,0
CELL-13,2026-06-25,0.293,0.5062,0,0,1.0,0
CELL-13,2026-06-26,0.274,0.4866,0,0,1.0,0
CELL-13,2026-06-27,0.293,0.5197,0,0,1.0,0
CELL-13,2026-06-28,0.312,0.5306,0,0,1.0,0
CELL-13,2026-06-29,0.274,0.4737,0,0,1.0,0
CELL-13,2026-06-30,0.274,0.4647,0,0,1.0,0
CELL-13,2026-07-01,0.312,0.4908,0,0,1.0,0
CELL-13,2026-07-02,0.274,0.4866,0,0,1.0,0
CELL-13,2026-07-03,0.274,0.4679,0,0,1.0,0
CELL-13,2026-07-04,0.293,0.5054,0,0,1.0,0
CELL-13,2026-07-05,0.274,0.4869,0,0,1.0,0
CELL-13,2026-07-06,0.274,0.4854,0,0,1.0,0
CELL-13,2026-07-07,0.312,0.5089,0,0,1.0,0
CELL-13,2026-07-08,0.312,0.5112,0,0,1.0,0
CELL-13,2026-07-09,0.312,0.5097,0,0,1.0,0
CELL-13,2026-07-10,0.293,0.4965,0,0,1.0,0
CELL-13,2026-07-11,0.312,0.5512,0,0,1.0,0
CELL-13,2026-07-12,0.312,0.5354,0,0,1.0,0
CELL-13,2026-07-13,0.312,0.5318,0,0,1.0,0
CELL-13,2026-07-14,0.312,0.5531,0,0,1.0,0
CELL-13,2026-07-15,0.356,0.5719,0,0,1.0,0
CELL-13,2026-07-16,0.312,0.5534,0,0,1.0,0
CELL-13,2026-07-17,0.312,0.5341,0,0,1.0,0
CELL-13,2026-07-18,0.312,0.514,0,0,1.0,0
CELL-13,2026-07-19,0.333,0.522,0,0,1.0,0
CELL-13,2026-07-20,0.312,0.4907,0,0,1.0,0
CELL-13,2026-07-21,0.293,0.4989,0,0,1.0,0
CELL-13,2026-07-22,0.293,0.4757,0,0,1.0,0
CELL-13,2026-07-23,0.293,0.4963,0,0,1.0,0
CELL-13,2026-07-24,0.312,0.5349,0,0,1.0,0
CELL-13,2026-07-25,0.312,0.512,0,0,1.0,0
CELL-13,2026-07-26,0.274,0.4695,0,0,1.0,0
CELL-13,2026-07-27,0.312,0.4901,0,0,1.0,0
CELL-13,2026-07-28,0.312,0.4902,0,0,1.0,0
CELL-13,2026-07-29,0.293,0.4983,0,0,1.0,0
CELL-13,2026-07-30,0.312,0.5315,0,0,1.0,0
CELL-13,2026-07-31,0.356,0.559,0,0,1.0,0
CELL-13,2026-08-01,0.312,0.5114,0,0,1.0,0
CELL-13,2026-08-02,0.312,0.5532,0,0,1.0,0
CELL-13,2026-08-03,0.293,0.5165,0,0,1.0,0
CELL-13,2026-08-04,0.312,0.5273,0,0,1.0,0
CELL-13,2026-08-05,0.293,0.5251,0,0,1.0,0
CELL-13,2026-08-06,0.333,0.5235,0,0,1.0,0
CELL-13,2026-08-07,0.333,0.5245,0,0,1.0,0
CELL-13,2026-08-08,0.312,0.5384,0,0,1.0,0
CELL-13,2026-08-09,0.312,0.535,0,0,1.0,0
CELL-13,2026-08-10,0.312,0.5508,0,0,1.0,0
CELL-13,2026-08-11,0.356,0.5586,0,0,1.0,0
CELL-13,2026-08-12,0.333,0.59,0,0,1.0,0
CELL-13,2026-08-13,0.333,0.5429,0,0,1.0,0
CELL-13,2026-08-14,0.356,0.5571,0,0,1.0,0
CELL-13,2026-08-15,0.312,0.5393,0,0,1.0,0
CELL-13,2026-08-16,0.312,0.5492,0,0,1.0,0
CELL-13,2026-08-17,0.312,0.5329,0,0,1.0,0
CELL-13,2026-08-18,0.312,0.534,0,0,1.0,0
CELL-13,2026-08-19,0.333,0.5416,0,0,1.0,0
CELL-13,2026-08-20,0.312,0.5305,0,0,1.0,0
CELL-13,2026-08-21,0.333,0.5465,0,0,1.0,0
CELL-13,2026-08-22,0.333,0.523,0,0,1.0,0
CELL-13,2026-08-23,0.293,0.4595,0,0,1.0,0
CELL-13,2026-08-24,0.274,0.4858,0,0,1.0,0
CELL-13,2026-08-25,0.312,0.4913,0,0,1.0,0
CELL-13,2026-08-26,0.312,0.5518,0,0,1.0,0
CELL-13,2026-08-27,0.333,0.4537,2,0,1.0,0
CELL-13,2026-08-28,0.312,0.4406,2,0,0.54,0
CELL-13,2026-08-29,0.293,0.5054,0,0,1.0,0
CELL-13,2026-08-30,0.333,0.536,0,0,1.0,0
CELL-13,2026-08-31,0.293,0.5053,0,0,1.0,0
CELL-13,2026-09-01,0.312,0.5321,0,0,1.0,0
CELL-13,2026-09-02,0.312,0.55,0,0,1.0,0
CELL-13,2026-09-03,0.312,0.5614,0,0,1.0,0
CELL-13,2026-09-04,0.432,0.7042,0,1,1.0,0
CELL-13,2026-09-05,0.432,0.7367,0,1,1.0,0
CELL-13,2026-09-06,0.312,0.5381,0,0,1.0,0
CELL-13,2026-09-07,0.312,0.5035,0,0,1.0,0
CELL-13,2026-09-08,0.274,0.4827,0,0,1.0,0
CELL-13,2026-09-09,0.293,0.4956,0,0,1.0,0
CELL-13,2026-09-10,0.293,0.4805,0,0,1.0,0
CELL-13,2026-09-11,0.274,0.4825,0,0,1.0,0
CELL-13,2026-09-12,0.274,0.4663,0,0,1.0,0
CELL-13,2026-09-13,0.293,0.4793,0,0,1.0,0
CELL-13,2026-09-14,0.257,0.4437,0,0,1.0,0
CELL-13,2026-09-15,0.274,0.4873,0,0,1.0,0
CELL-13,2026-09-16,0.312,0.5352,0,0,1.0,0
CELL-13,2026-09-17,0.356,0.5786,0,0,1.0,0
CELL-13,2026-09-18,0.312,0.528,0,0,1.0,0
CELL-13,2026-09-19,0.312,0.5347,0,0,1.0,0
CELL-13,2026-09-20,0.293,0.4959,0,0,1.0,0
CELL-13,2026-09-21,0.274,0.4825,0,0,1.0,0
CELL-13,2026-09-22,0.293,0.5054,0,0,1.0,0
CELL-13,2026-09-23,0.274,0.4921,0,0,1.0,0
CELL-13,2026-09-24,0.293,0.4771,0,0,1.0,0
CELL-13,2026-09-25,0.312,0.4887,0,0,1.0,0
CELL-13,2026-09-26,0.274,0.4874,0,0,1.0,0
CELL-13,2026-09-27,0.293,0.4178,2,0,1.0,0
CELL-14,2026-04-01,1.301,2.2292,0,1,1.0,0
CELL-14,2026-04-02,1.581,2.7166,0,0,1.0,1
CELL-14,2026-04-03,1.581,2.7315,0,0,1.0,0
CELL-14,2026-04-04,1.687,2.8472,0,0,1.0,0
CELL-14,2026-04-05,1.687,2.8653,0,0,1.0,0
CELL-14,2026-04-06,1.481,2.4499,0,0,1.0,0
CELL-14,2026-04-07,1.481,2.531,0,0,1.0,0
CELL-14,2026-04-08,1.388,2.3961,0,0,1.0,0
CELL-14,2026-04-09,1.481,2.4605,0,0,1.0,0
CELL-14,2026-04-10,1.581,2.6745,0,0,1.0,0
CELL-14,2026-04-11,1.581,2.5741,0,0,1.0,0
CELL-14,2026-04-12,1.481,2.4209,0,0,1.0,0
CELL-14,2026-04-13,1.388,2.3883,0,0,1.0,0
CELL-14,2026-04-14,1.481,2.5518,0,0,1.0,0
CELL-14,2026-04-15,1.481,2.5176,0,0,1.0,0
CELL-14,2026-04-16,1.687,2.7642,0,0,1.0,0
CELL-14,2026-04-17,1.8,3.0103,0,0,1.0,0
CELL-14,2026-04-18,1.8,2.9363,0,0,1.0,0
CELL-14,2026-04-19,1.687,2.8147,0,0,1.0,0
CELL-14,2026-04-20,1.581,2.6034,0,0,1.0,0
CELL-14,2026-04-21,1.581,2.7058,0,0,1.0,0
CELL-14,2026-04-22,1.581,2.5801,0,0,1.0,0
CELL-14,2026-04-23,1.481,2.5131,0,0,1.0,0
CELL-14,2026-04-24,1.481,2.5483,0,0,1.0,0
CELL-14,2026-04-25,1.481,2.5444,0,0,1.0,0
CELL-14,2026-04-26,1.388,2.3133,0,0,1.0,0
CELL-14,2026-04-27,1.388,2.3614,0,0,1.0,0
CELL-14,2026-04-28,1.581,2.6237,0,0,1.0,0
CELL-14,2026-04-29,1.687,2.7605,0,0,1.0,0
CELL-14,2026-04-30,1.581,2.7019,0,0,1.0,0
CELL-14,2026-05-01,1.481,2.5109,0,0,1.0,0
CELL-14,2026-05-02,1.481,2.4899,0,0,1.0,0
CELL-14,2026-05-03,1.388,1.8384,2,0,1.0,0
CELL-14,2026-05-04,1.388,1.8291,2,0,1.0,0
CELL-14,2026-05-05,1.481,2.5418,0,0,1.0,0
CELL-14,2026-05-06,1.581,2.7142,0,0,1.0,0
CELL-14,2026-05-07,1.687,2.7832,0,0,1.0,0
CELL-14,2026-05-08,2.186,3.0625,0,0,1.0,0
CELL-14,2026-05-09,1.8,2.9378,0,0,1.0,0
CELL-14,2026-05-10,1.581,2.3317,1,0,1.0,0
CELL-14,2026-05-11,1.481,2.4171,0,0,1.0,0
CELL-14,2026-05-12,1.687,2.7912,0,0,1.0,0
CELL-14,2026-05-13,1.581,2.6804,0,0,1.0,0
CELL-14,2026-05-14,1.581,2.6996,0,0,1.0,0
CELL-14,2026-05-15,1.687,2.9041,0,0,1.0,0
CELL-14,2026-05-16,1.8,3.0771,0,0,1.0,0
CELL-14,2026-05-17,1.687,2.8156,0,0,1.0,0
CELL-14,2026-05-18,1.581,2.5723,0,0,1.0,0
CELL-14,2026-05-19,1.481,2.5386,0,0,1.0,0
CELL-14,2026-05-20,1.687,2.7815,0,0,1.0,0
CELL-14,2026-05-21,1.687,2.9012,0,0,1.0,0
CELL-14,2026-05-22,1.687,2.8069,0,0,1.0,0
CELL-14,2026-05-23,1.687,2.7554,0,0,1.0,0
CELL-14,2026-05-24,1.687,2.8512,0,0,1.0,0
CELL-14,2026-05-25,1.581,2.6261,0,0,1.0,0
CELL-14,2026-05-26,1.481,2.5081,0,0,1.0,0
CELL-14,2026-05-27,1.581,2.6848,0,0,1.0,0
CELL-14,2026-05-28,1.581,2.6183,0,0,1.0,0
CELL-14,2026-05-29,1.581,2.5841,0,0,1.0,0
CELL-14,2026-05-30,1.581,2.6324,0,0,1.0,0
CELL-14,2026-05-31,1.581,2.6102,0,0,1.0,0
CELL-14,2026-06-01,1.481,2.5529,0,0,1.0,0
CELL-14,2026-06-02,1.481,2.5312,0,0,1.0,0
CELL-14,2026-06-03,1.481,2.5534,0,0,1.0,0
CELL-14,2026-06-04,1.581,2.6395,0,0,1.0,0
CELL-14,2026-06-05,1.581,2.6734,0,0,1.0,0
CELL-14,2026-06-06,1.687,2.7815,0,0,1.0,0
CELL-14,2026-06-07,1.687,2.7687,0,0,0.69,0
CELL-14,2026-06-08,1.481,2.49,0,0,1.0,0
CELL-14,2026-06-09,1.581,2.7374,0,0,1.0,0
CELL-14,2026-06-10,1.687,2.8409,0,0,1.0,0
CELL-14,2026-06-11,1.581,2.7392,0,0,1.0,0
CELL-14,2026-06-12,1.581,2.6585,0,0,1.0,0
CELL-14,2026-06-13,1.581,2.7125,0,0,1.0,0
CELL-14,2026-06-14,1.481,2.4459,0,0,1.0,0
CELL-14,2026-06-15,1.481,2.4425,0,0,1.0,0
CELL-14,2026-06-16,1.481,2.5527,0,0,1.0,0
CELL-14,2026-06-17,1.687,2.8508,0,0,1.0,0
CELL-14,2026-06-18,1.581,2.7354,0,0,1.0,0
CELL-14,2026-06-19,1.581,2.7352,0,0,1.0,0
CELL-14,2026-06-20,1.581,2.6507,0,0,1.0,0
CELL-14,2026-06-21,1.581,2.6913,0,0,1.0,0
CELL-14,2026-06-22,1.687,2.7993,0,0,1.0,0
CELL-14,2026-06-23,1.581,2.703,0,0,1.0,0
CELL-14,2026-06-24,1.687,2.8645,0,0,1.0,0
CELL-14,2026-06-25,1.8,3.1077,0,0,1.0,0
CELL-14,2026-06-26,1.92,3.1257,0,0,1.0,0
CELL-14,2026-06-27,1.687,2.8424,0,0,1.0,0
CELL-14,2026-06-28,1.581,2.7196,0,0,1.0,0
CELL-14,2026-06-29,1.481,2.492,0,0,1.0,0
CELL-14,2026-06-30,1.481,2.4395,0,0,1.0,0
CELL-14,2026-07-01,1.481,2.4077,0,0,1.0,0
CELL-14,2026-07-02,1.581,2.6635,0,0,1.0,0
CELL-14,2026-07-03,1.581,2.6944,0,0,1.0,0
CELL-14,2026-07-04,1.481,2.46,0,0,1.0,0
CELL-14,2026-07-05,1.481,2.5647,0,0,1.0,0
CELL-14,2026-07-06,1.581,2.5871,0,0,1.0,0
CELL-14,2026-07-07,1.687,2.7573,0,0,1.0,0
CELL-14,2026-07-08,1.687,2.8468,0,0,1.0,0
CELL-14,2026-07-09,1.687,2.9176,0,0,1.0,0
CELL-14,2026-07-10,1.687,2.8309,0,0,1.0,0
CELL-14,2026-07-11,1.687,2.7426,0,0,1.0,0
CELL-14,2026-07-12,1.581,2.5897,0,0,1.0,0
CELL-14,2026-07-13,1.581,2.6153,0,0,1.0,0
CELL-14,2026-07-14,1.8,2.9679,0,0,1.0,0
CELL-14,2026-07-15,1.581,2.6748,0,0,1.0,0
CELL-14,2026-07-16,1.581,2.7236,0,0,1.0,0
CELL-14,2026-07-17,1.687,2.755,0,0,1.0,0
CELL-14,2026-07-18,1.687,2.8515,0,0,1.0,0
CELL-14,2026-07-19,1.687,2.7546,0,0,1.0,0
CELL-14,2026-07-20,1.581,2.6015,0,0,1.0,0
CELL-14,2026-07-21,1.581,2.585,0,0,1.0,0
CELL-14,2026-07-22,1.581,2.6761,0,0,1.0,0
CELL-14,2026-07-23,1.687,2.8998,0,0,1.0,0
CELL-14,2026-07-24,2.489,4.1385,0,1,1.0,0
CELL-14,2026-07-25,2.186,3.7858,0,1,1.0,0
CELL-14,2026-07-26,1.8,2.9493,0,0,1.0,0
CELL-14,2026-07-27,1.687,2.7957,0,0,1.0,0
CELL-14,2026-07-28,1.581,2.7197,0,0,1.0,0
CELL-14,2026-07-29,1.581,2.684,0,0,1.0,0
CELL-14,2026-07-30,1.8,3.0862,0,0,1.0,0
CELL-14,2026-07-31,1.687,2.9193,0,0,1.0,0
CELL-14,2026-08-01,1.8,3.0061,0,0,1.0,0
CELL-14,2026-08-02,1.8,2.9634,0,0,1.0,0
CELL-14,2026-08-03,1.687,2.7745,0,0,1.0,0
CELL-14,2026-08-04,1.481,2.5527,0,0,1.0,0
CELL-14,2026-08-05,1.581,2.569,0,0,1.0,0
CELL-14,2026-08-06,1.481,2.4736,0,0,1.0,0
CELL-14,2026-08-07,1.581,2.6883,0,0,1.0,0
CELL-14,2026-08-08,1.581,2.7274,0,0,1.0,0
CELL-14,2026-08-09,1.687,2.7937,0,0,1.0,0
CELL-14,2026-08-10,1.481,2.4873,0,0,1.0,0
CELL-14,2026-08-11,1.388,2.3117,0,0,1.0,0
CELL-14,2026-08-12,1.581,2.5802,0,0,1.0,0
CELL-14,2026-08-13,1.8,2.9315,0,0,1.0,0
CELL-14,2026-08-14,1.8,2.9368,0,0,1.0,0
CELL-14,2026-08-15,1.687,2.881,0,0,1.0,0
CELL-14,2026-08-16,1.687,2.7634,0,0,1.0,0
CELL-14,2026-08-17,2.186,3.6273,0,1,1.0,0
CELL-14,2026-08-18,1.92,3.254,0,1,1.0,0
CELL-14,2026-08-19,2.186,3.6263,0,1,1.0,0
CELL-14,2026-08-20,1.687,2.784,0,0,1.0,0
CELL-14,2026-08-21,1.581,2.6866,0,0,1.0,0
CELL-14,2026-08-22,1.581,2.6309,0,0,1.0,0
CELL-14,2026-08-23,1.581,2.5928,0,0,1.0,0
CELL-14,2026-08-24,1.481,2.4998,0,0,1.0,0
CELL-14,2026-08-25,1.481,2.1728,1,0,1.0,0
CELL-14,2026-08-26,1.581,2.6668,0,0,1.0,0
CELL-14,2026-08-27,1.581,2.5867,0,0,1.0,0
CELL-14,2026-08-28,1.143,1.9026,0,0,1.0,1
CELL-14,2026-08-29,1.143,1.9298,0,0,1.0,0
CELL-14,2026-08-30,1.143,1.8903,0,0,1.0,0
CELL-14,2026-08-31,1.071,1.8076,0,0,1.0,0
CELL-14,2026-09-01,1.143,1.9242,0,0,1.0,0
CELL-14,2026-09-02,1.22,2.0635,0,0,1.0,0
CELL-14,2026-09-03,1.301,2.2132,0,0,1.0,0
CELL-14,2026-09-04,1.301,2.1537,0,0,1.0,0
CELL-14,2026-09-05,1.301,2.1618,0,0,1.0,0
CELL-14,2026-09-06,1.143,1.9526,0,0,1.0,0
CELL-14,2026-09-07,1.143,1.8813,0,0,1.0,0
CELL-14,2026-09-08,1.143,1.91,0,0,1.0,0
CELL-14,2026-09-09,1.301,2.1927,0,0,1.0,0
CELL-14,2026-09-10,1.301,2.1522,0,0,1.0,0
CELL-14,2026-09-11,1.22,2.0225,0,0,1.0,0
CELL-14,2026-09-12,1.143,1.9517,0,0,1.0,0
CELL-14,2026-09-13,1.143,1.9589,0,0,1.0,0
CELL-14,2026-09-14,1.071,1.7891,0,0,1.0,0
CELL-14,2026-09-15,1.004,1.6507,0,0,1.0,0
CELL-14,2026-09-16,1.143,1.9334,0,0,1.0,0
CELL-14,2026-09-17,1.22,1.9905,0,0,1.0,0
CELL-14,2026-09-18,1.22,2.1057,0,0,1.0,0
CELL-14,2026-09-19,1.143,1.9029,0,0,1.0,0
CELL-14,2026-09-20,1.143,1.9064,0,0,1.0,0
CELL-14,2026-09-21,1.071,1.8079,0,0,1.0,0
CELL-14,2026-09-22,1.301,1.8226,0,0,1.0,0
CELL-14,2026-09-23,1.143,1.922,0,0,1.0,0
CELL-14,2026-09-24,1.388,1.9449,0,0,1.0,0
CELL-14,2026-09-25,1.071,1.8499,0,0,1.0,0
CELL-14,2026-09-26,1.22,2.0106,0,0,1.0,0
CELL-14,2026-09-27,1.581,2.6281,0,1,1.0,0
CELL-15,2026-04-01,0.774,0.9535,0,0,1.0,0
CELL-15,2026-04-02,0.68,0.8655,0,0,1.0,0
CELL-15,2026-04-03,1.004,1.2835,0,1,1.0,0
CELL-15,2026-04-04,1.004,1.2471,0,1,1.0,0
CELL-15,2026-04-05,0.726,0.919,0,0,1.0,0
CELL-15,2026-04-06,0.726,0.8978,0,0,1.0,0
CELL-15,2026-04-07,0.68,0.8576,0,0,1.0,0
CELL-15,2026-04-08,0.774,0.9797,0,0,1.0,0
CELL-15,2026-04-09,0.774,0.986,0,0,1.0,0
CELL-15,2026-04-10,0.774,0.9644,0,0,1.0,0
CELL-15,2026-04-11,0.68,0.853,0,0,1.0,0
CELL-15,2026-04-12,0.68,0.8316,0,0,1.0,0
CELL-15,2026-04-13,0.726,0.8794,0,0,1.0,0
CELL-15,2026-04-14,0.68,0.8599,0,0,1.0,0
CELL-15,2026-04-15,0.774,0.9795,0,0,1.0,0
CELL-15,2026-04-16,0.774,0.9805,0,0,1.0,0
CELL-15,2026-04-17,0.774,0.9744,0,0,1.0,0
CELL-15,2026-04-18,0.774,0.9811,0,0,1.0,0
CELL-15,2026-04-19,0.774,0.929,0,0,1.0,0
CELL-15,2026-04-20,0.774,0.9648,0,0,1.0,0
CELL-15,2026-04-21,0.726,0.8867,0,0,1.0,0
CELL-15,2026-04-22,0.826,1.0164,0,0,1.0,0
CELL-15,2026-04-23,0.774,0.9416,0,0,1.0,0
CELL-15,2026-04-24,0.774,0.9769,0,0,1.0,0
CELL-15,2026-04-25,0.826,1.0362,0,0,1.0,0
CELL-15,2026-04-26,0.826,1.0254,0,0,1.0,0
CELL-15,2026-04-27,0.774,0.9316,0,0,1.0,0
CELL-15,2026-04-28,0.774,0.9495,0,0,1.0,0
CELL-15,2026-04-29,0.774,0.9461,0,0,1.0,0
CELL-15,2026-04-30,0.826,1.0324,0,0,1.0,0
CELL-15,2026-05-01,0.774,0.9849,0,0,1.0,0
CELL-15,2026-05-02,0.774,0.9547,0,0,1.0,0
CELL-15,2026-05-03,0.774,0.9735,0,0,1.0,0
CELL-15,2026-05-04,0.774,0.9777,0,0,1.0,0
CELL-15,2026-05-05,0.774,0.9523,0,0,1.0,0
CELL-15,2026-05-06,0.774,0.9806,0,0,1.0,0
CELL-15,2026-05-07,0.774,0.9895,0,0,1.0,0
CELL-15,2026-05-08,0.882,1.0854,0,0,1.0,0
CELL-15,2026-05-09,0.826,1.0055,0,0,1.0,0
CELL-15,2026-05-10,0.826,1.0095,0,0,1.0,0
CELL-15,2026-05-11,0.726,0.9102,0,0,1.0,0
CELL-15,2026-05-12,0.726,0.8992,0,0,1.0,0
CELL-15,2026-05-13,0.726,0.8941,0,0,1.0,0
CELL-15,2026-05-14,0.774,0.9642,0,0,1.0,0
CELL-15,2026-05-15,0.774,0.955,0,0,1.0,0
CELL-15,2026-05-16,0.774,0.9469,0,0,1.0,0
CELL-15,2026-05-17,0.726,0.8908,0,0,1.0,0
CELL-15,2026-05-18,0.68,0.8205,0,0,1.0,0
CELL-15,2026-05-19,0.68,0.8604,0,0,1.0,0
CELL-15,2026-05-20,0.826,1.0417,0,0,1.0,0
CELL-15,2026-05-21,0.826,1.0461,0,0,1.0,0
CELL-15,2026-05-22,0.826,1.0525,0,0,1.0,0
CELL-15,2026-05-23,0.826,0.9969,0,0,1.0,0
CELL-15,2026-05-24,0.774,0.9548,0,0,1.0,0
CELL-15,2026-05-25,0.726,0.9252,0,0,1.0,0
CELL-15,2026-05-26,0.726,0.8761,0,0,1.0,0
CELL-15,2026-05-27,0.726,0.9214,0,0,1.0,0
CELL-15,2026-05-28,0.774,0.9429,0,0,1.0,0
CELL-15,2026-05-29,0.826,0.9969,0,0,1.0,0
CELL-15,2026-05-30,0.882,1.0764,0,0,1.0,0
CELL-15,2026-05-31,0.826,1.0084,0,0,1.0,0
CELL-15,2026-06-01,0.726,0.899,0,0,1.0,0
CELL-15,2026-06-02,0.726,0.8982,0,0,1.0,0
CELL-15,2026-06-03,0.726,0.8703,0,0,1.0,0
CELL-15,2026-06-04,0.726,0.8936,0,0,1.0,0
CELL-15,2026-06-05,0.826,1.0224,0,0,1.0,0
CELL-15,2026-06-06,0.826,1.0341,0,0,1.0,0
CELL-15,2026-06-07,0.882,1.0758,0,0,1.0,0
CELL-15,2026-06-08,0.774,0.9419,0,0,1.0,0
CELL-15,2026-06-09,0.726,0.9258,0,0,1.0,0
CELL-15,2026-06-10,0.826,1.0061,0,0,1.0,0
CELL-15,2026-06-11,0.726,0.9224,0,0,0.6,0
CELL-15,2026-06-12,0.774,0.9897,0,0,1.0,0
CELL-15,2026-06-13,0.826,1.0151,0,0,1.0,0
CELL-15,2026-06-14,0.774,0.9488,0,0,1.0,0
CELL-15,2026-06-15,0.68,0.8594,0,0,1.0,0
CELL-15,2026-06-16,0.68,0.8549,0,0,1.0,0
CELL-15,2026-06-17,0.726,0.9145,0,0,1.0,0
CELL-15,2026-06-18,0.726,0.9141,0,0,1.0,0
CELL-15,2026-06-19,0.774,0.9648,0,0,1.0,0
CELL-15,2026-06-20,0.826,1.0079,0,0,1.0,0
CELL-15,2026-06-21,0.882,1.064,0,0,1.0,0
CELL-15,2026-06-22,0.882,1.0629,0,0,1.0,0
CELL-15,2026-06-23,1.071,1.3474,0,1,1.0,0
CELL-15,2026-06-24,0.826,1.0167,0,0,1.0,0
CELL-15,2026-06-25,0.774,0.9673,0,0,1.0,0
CELL-15,2026-06-26,0.882,1.0609,0,0,1.0,0
CELL-15,2026-06-27,0.826,1.0183,0,0,1.0,0
CELL-15,2026-06-28,0.826,1.0054,0,0,1.0,0
CELL-15,2026-06-29,0.826,1.0483,0,0,1.0,0
CELL-15,2026-06-30,0.774,0.9335,0,0,1.0,0
CELL-15,2026-07-01,0.774,0.9806,0,0,1.0,0
CELL-15,2026-07-02,0.774,0.5672,2,0,1.0,0
CELL-15,2026-07-03,0.774,0.5889,2,0,1.0,0
CELL-15,2026-07-04,0.826,1.0221,0,0,1.0,0
CELL-15,2026-07-05,0.882,1.0674,0,0,1.0,0
CELL-15,2026-07-06,0.774,0.9527,0,0,1.0,0
CELL-15,2026-07-07,0.726,0.9051,0,0,1.0,0
CELL-15,2026-07-08,0.774,1.0109,0,0,1.0,0
CELL-15,2026-07-09,0.882,1.0637,0,0,1.0,0
CELL-15,2026-07-10,0.882,1.0577,0,0,1.0,0
CELL-15,2026-07-11,0.774,0.9873,0,0,1.0,0
CELL-15,2026-07-12,0.774,0.9357,0,0,1.0,0
CELL-15,2026-07-13,0.726,0.8948,0,0,1.0,0
CELL-15,2026-07-14,0.774,0.9695,0,0,1.0,0
CELL-15,2026-07-15,0.882,1.1255,0,0,1.0,0
CELL-15,2026-07-16,0.726,0.9267,0,0,1.0,0
CELL-15,2026-07-17,1.071,1.3544,0,1,1.0,0
CELL-15,2026-07-18,1.004,1.2705,0,1,1.0,0
CELL-15,2026-07-19,1.071,1.3479,0,1,1.0,0
CELL-15,2026-07-20,0.774,0.9357,0,0,1.0,0
CELL-15,2026-07-21,0.726,0.9227,0,0,1.0,0
CELL-15,2026-07-22,0.774,0.9809,0,0,1.0,0
CELL-15,2026-07-23,0.774,0.9875,0,0,1.0,0
CELL-15,2026-07-24,0.774,0.9553,0,0,1.0,0
CELL-15,2026-07-25,0.826,1.0393,0,0,1.0,0
CELL-15,2026-07-26,0.826,1.0027,0,0,1.0,0
CELL-15,2026-07-27,0.726,0.9065,0,0,1.0,0
CELL-15,2026-07-28,0.726,0.8717,0,0,1.0,0
CELL-15,2026-07-29,0.774,0.9765,0,0,1.0,0
CELL-15,2026-07-30,0.826,1.0003,0,0,1.0,0
CELL-15,2026-07-31,0.826,1.0385,0,0,1.0,0
CELL-15,2026-08-01,0.826,1.0256,0,0,1.0,0
CELL-15,2026-08-02,0.774,0.9348,0,0,1.0,0
CELL-15,2026-08-03,0.726,0.8728,0,0,1.0,0
CELL-15,2026-08-04,0.68,0.8644,0,0,1.0,0
CELL-15,2026-08-05,0.774,0.9671,0,0,1.0,0
CELL-15,2026-08-06,0.774,0.9391,0,0,1.0,0
CELL-15,2026-08-07,0.726,0.8749,0,0,1.0,0
CELL-15,2026-08-08,0.774,0.969,0,0,1.0,0
CELL-15,2026-08-09,0.826,0.9929,0,0,1.0,0
CELL-15,2026-08-10,0.774,0.9712,0,0,1.0,0
CELL-15,2026-08-11,0.726,0.8951,0,0,1.0,0
CELL-15,2026-08-12,0.826,1.0023,0,0,1.0,0
CELL-15,2026-08-13,0.774,0.9685,0,0,1.0,0
CELL-15,2026-08-14,0.826,1.0483,0,0,1.0,0
CELL-15,2026-08-15,0.826,1.0222,0,0,1.0,0
CELL-15,2026-08-16,0.774,0.9614,0,0,1.0,0
CELL-15,2026-08-17,0.726,0.9238,0,0,1.0,0
CELL-15,2026-08-18,0.774,0.941,0,0,1.0,0
CELL-15,2026-08-19,0.826,1.0018,0,0,1.0,0
CELL-15,2026-08-20,0.882,1.0593,0,0,1.0,0
CELL-15,2026-08-21,0.826,0.6251,2,0,1.0,0
CELL-15,2026-08-22,0.826,0.6288,2,0,1.0,0
CELL-15,2026-08-23,0.826,1.0412,0,0,1.0,0
CELL-15,2026-08-24,0.68,0.8673,0,0,1.0,0
CELL-15,2026-08-25,0.774,0.9463,0,0,1.0,0
CELL-15,2026-08-26,0.774,0.9884,0,0,1.0,0
CELL-15,2026-08-27,0.774,0.9635,0,0,1.0,0
CELL-15,2026-08-28,0.774,0.9479,0,0,1.0,0
CELL-15,2026-08-29,1.071,1.2957,0,1,1.0,0
CELL-15,2026-08-30,0.941,1.1965,0,1,1.0,0
CELL-15,2026-08-31,0.882,1.1201,0,1,1.0,0
CELL-15,2026-09-01,0.68,0.8676,0,0,1.0,0
CELL-15,2026-09-02,0.774,0.9623,0,0,1.0,0
CELL-15,2026-09-03,0.726,0.9223,0,0,1.0,0
CELL-15,2026-09-04,0.826,1.0106,0,0,1.0,0
CELL-15,2026-09-05,0.726,0.9202,0,0,1.0,0
CELL-15,2026-09-06,0.68,0.8646,0,0,1.0,0
CELL-15,2026-09-07,0.68,0.8602,0,0,1.0,0
CELL-15,2026-09-08,0.774,0.9282,0,0,1.0,0
CELL-15,2026-09-09,0.826,1.0352,0,0,1.0,0
CELL-15,2026-09-10,0.826,0.9972,0,0,1.0,0
CELL-15,2026-09-11,0.774,0.9583,0,0,1.0,0
CELL-15,2026-09-12,0.774,0.9848,0,0,1.0,0
CELL-15,2026-09-13,0.726,0.9223,0,0,1.0,0
CELL-15,2026-09-14,0.726,0.9008,0,0,1.0,0
CELL-15,2026-09-15,0.726,0.8836,0,0,1.0,0
CELL-15,2026-09-16,0.68,0.8569,0,0,1.0,0
CELL-15,2026-09-17,0.726,0.9007,0,0,1.0,0
CELL-15,2026-09-18,0.726,0.9205,0,0,1.0,0
CELL-15,2026-09-19,0.726,0.8817,0,0,1.0,0
CELL-15,2026-09-20,0.726,0.9247,0,0,1.0,0
CELL-15,2026-09-21,0.726,0.8907,0,0,1.0,0
CELL-15,2026-09-22,0.774,0.9396,0,0,1.0,0
CELL-15,2026-09-23,0.826,1.0353,0,0,1.0,0
CELL-15,2026-09-24,0.826,1.0168,0,0,1.0,0
CELL-15,2026-09-25,0.826,1.0056,0,0,1.0,0
CELL-15,2026-09-26,0.774,0.9286,0,0,1.0,0
CELL-15,2026-09-27,0.826,1.0067,0,0,1.0,0
CELL-16,2026-04-01,0.774,1.2651,0,0,1.0,0
CELL-16,2026-04-02,0.882,1.3077,0,0,1.0,0
CELL-16,2026-04-03,0.941,1.3744,0,0,1.0,0
CELL-16,2026-04-04,0.941,1.4036,0,0,1.0,0
CELL-16,2026-04-05,0.882,1.3033,0,0,1.0,0
CELL-16,2026-04-06,0.774,1.2658,0,0,1.0,0
CELL-16,2026-04-07,0.726,1.1805,0,0,1.0,0
CELL-16,2026-04-08,1.143,1.6584,0,1,1.0,0
CELL-16,2026-04-09,1.004,1.6457,0,1,1.0,0
CELL-16,2026-04-10,0.826,1.2147,0,0,1.0,0
CELL-16,2026-04-11,1.071,1.5825,0,1,1.0,0
CELL-16,2026-04-12,0.826,1.198,0,0,1.0,0
CELL-16,2026-04-13,0.68,1.0862,0,0,1.0,0
CELL-16,2026-04-14,0.726,1.0839,0,0,1.0,0
CELL-16,2026-04-15,0.726,1.1884,0,0,1.0,0
CELL-16,2026-04-16,0.882,1.3104,0,0,1.0,0
CELL-16,2026-04-17,0.882,1.4143,0,0,1.0,0
CELL-16,2026-04-18,1.004,1.4248,0,0,1.0,0
CELL-16,2026-04-19,0.882,1.3046,0,0,1.0,0
CELL-16,2026-04-20,0.826,1.3229,0,0,1.0,0
CELL-16,2026-04-21,0.774,1.2613,0,0,1.0,0
CELL-16,2026-04-22,0.941,1.4044,0,0,1.0,0
CELL-16,2026-04-23,1.004,1.4565,0,0,1.0,0
CELL-16,2026-04-24,0.882,1.3163,0,0,1.0,0
CELL-16,2026-04-25,0.882,1.2832,0,0,1.0,0
CELL-16,2026-04-26,0.826,1.2313,0,0,1.0,0
CELL-16,2026-04-27,0.774,1.13,0,0,1.0,1
CELL-16,2026-04-28,0.826,1.1762,0,0,1.0,0
CELL-16,2026-04-29,0.774,1.1526,0,0,1.0,0
CELL-16,2026-04-30,0.774,1.1374,0,0,1.0,0
CELL-16,2026-05-01,0.826,1.2303,0,0,1.0,0
CELL-16,2026-05-02,0.882,1.2776,0,0,1.0,0
CELL-16,2026-05-03,0.826,1.2037,0,0,1.0,0
CELL-16,2026-05-04,0.726,1.0592,0,0,1.0,0
CELL-16,2026-05-05,0.726,1.0621,0,0,1.0,0
CELL-16,2026-05-06,0.774,1.0995,0,0,1.0,0
CELL-16,2026-05-07,0.774,1.1178,0,0,1.0,0
CELL-16,2026-05-08,0.726,1.1826,0,0,1.0,0
CELL-16,2026-05-09,0.774,1.2583,0,0,1.0,0
CELL-16,2026-05-10,0.882,1.2804,0,0,1.0,0
CELL-16,2026-05-11,0.68,1.0906,0,0,1.0,0
CELL-16,2026-05-12,0.68,1.1014,0,0,1.0,0
CELL-16,2026-05-13,0.826,1.2199,0,0,1.0,0
CELL-16,2026-05-14,0.774,1.254,0,0,1.0,0
CELL-16,2026-05-15,0.882,1.2815,0,0,1.0,0
CELL-16,2026-05-16,1.22,1.7834,0,1,1.0,0
CELL-16,2026-05-17,1.22,1.7918,0,1,1.0,0
CELL-16,2026-05-18,1.071,1.7341,0,1,1.0,0
CELL-16,2026-05-19,1.143,1.6492,0,1,1.0,0
CELL-16,2026-05-20,0.941,1.5434,0,1,1.0,0
CELL-16,2026-05-21,0.774,1.1168,0,0,1.0,0
CELL-16,2026-05-22,0.774,1.1358,0,0,1.0,0
CELL-16,2026-05-23,0.826,1.1948,0,0,1.0,0
CELL-16,2026-05-24,0.774,1.1188,0,0,0.57,0
CELL-16,2026-05-25,0.774,1.0991,0,0,1.0,0
CELL-16,2026-05-26,0.941,1.5171,0,1,1.0,0
CELL-16,2026-05-27,1.143,1.7019,0,1,1.0,0
CELL-16,2026-05-28,1.143,1.6484,0,1,1.0,0
CELL-16,2026-05-29,0.774,1.1496,0,0,1.0,0
CELL-16,2026-05-30,0.826,1.2272,0,0,1.0,0
CELL-16,2026-05-31,0.826,1.1988,0,0,1.0,0
CELL-16,2026-06-01,0.774,1.1556,0,0,1.0,0
CELL-16,2026-06-02,0.774,1.1212,0,0,1.0,0
CELL-16,2026-06-03,0.774,1.2486,0,0,1.0,0
CELL-16,2026-06-04,0.941,1.357,0,0,1.0,0
CELL-16,2026-06-05,0.826,1.2299,0,0,1.0,0
CELL-16,2026-06-06,0.826,1.1293,1,0,1.0,0
CELL-16,2026-06-07,0.726,1.1671,0,0,1.0,0
CELL-16,2026-06-08,0.826,1.2122,0,0,1.0,0
CELL-16,2026-06-09,0.774,1.2505,0,0,1.0,0
CELL-16,2026-06-10,0.774,1.2437,0,0,1.0,0
CELL-16,2026-06-11,0.826,1.2298,0,0,1.0,0
CELL-16,2026-06-12,0.726,1.1874,0,0,1.0,0
CELL-16,2026-06-13,0.826,1.2124,0,0,1.0,0
CELL-16,2026-06-14,0.726,1.1906,0,0,1.0,0
CELL-16,2026-06-15,0.774,1.1288,0,0,1.0,0
CELL-16,2026-06-16,0.774,1.1027,0,0,1.0,0
CELL-16,2026-06-17,0.774,1.1202,0,0,1.0,0
CELL-16,2026-06-18,0.726,1.1567,0,0,1.0,0
CELL-16,2026-06-19,0.826,1.2137,0,0,1.0,0
CELL-16,2026-06-20,0.68,1.0956,0,0,1.0,0
CELL-16,2026-06-21,0.774,1.1301,0,0,1.0,0
CELL-16,2026-06-22,0.826,1.1962,0,0,1.0,0
CELL-16,2026-06-23,0.726,1.1809,0,0,1.0,0
CELL-16,2026-06-24,0.826,1.2174,0,0,1.0,0
CELL-16,2026-06-25,0.826,1.1759,0,0,1.0,0
CELL-16,2026-06-26,0.826,1.227,0,0,1.0,0
CELL-16,2026-06-27,0.826,1.1776,0,0,1.0,0
CELL-16,2026-06-28,0.774,1.1525,0,0,1.0,0
CELL-16,2026-06-29,0.597,0.972,0,0,1.0,1
CELL-16,2026-06-30,0.638,0.952,0,0,1.0,0
CELL-16,2026-07-01,0.68,1.0008,0,0,1.0,0
CELL-16,2026-07-02,0.68,0.9925,0,0,1.0,0
CELL-16,2026-07-03,0.68,0.9914,0,0,1.0,0
CELL-16,2026-07-04,0.597,0.8106,2,0,1.0,0
CELL-16,2026-07-05,0.597,0.8834,0,0,1.0,0
CELL-16,2026-07-06,0.56,0.8154,0,0,1.0,0
CELL-16,2026-07-07,0.56,0.906,0,0,1.0,0
CELL-16,2026-07-08,0.56,0.909,0,0,1.0,0
CELL-16,2026-07-09,0.597,0.8912,0,0,1.0,0
CELL-16,2026-07-10,0.68,0.9847,0,0,1.0,0
CELL-16,2026-07-11,0.68,0.9953,0,0,1.0,0
CELL-16,2026-07-12,0.68,1.0054,0,0,1.0,0
CELL-16,2026-07-13,0.68,1.0089,0,0,1.0,0
CELL-16,2026-07-14,0.68,0.9931,0,0,1.0,0
CELL-16,2026-07-15,0.726,1.0545,0,0,1.0,0
CELL-16,2026-07-16,0.726,1.0738,0,0,1.0,0
CELL-16,2026-07-17,0.68,1.0124,0,0,1.0,0
CELL-16,2026-07-18,0.68,1.0082,0,0,1.0,0
CELL-16,2026-07-19,0.68,0.9889,0,0,1.0,0
CELL-16,2026-07-20,0.597,0.872,0,0,1.0,0
CELL-16,2026-07-21,0.56,0.8939,0,0,1.0,0
CELL-16,2026-07-22,0.597,0.8886,0,0,1.0,0
CELL-16,2026-07-23,0.597,0.8624,0,0,1.0,0
CELL-16,2026-07-24,0.56,0.8987,0,0,1.0,0
CELL-16,2026-07-25,0.56,0.9012,0,0,1.0,0
CELL-16,2026-07-26,0.597,0.9791,0,0,1.0,0
CELL-16,2026-07-27,0.597,0.8821,0,0,1.0,0
CELL-16,2026-07-28,0.597,0.9601,0,0,1.0,0
CELL-16,2026-07-29,0.726,1.0522,0,0,1.0,0
CELL-16,2026-07-30,0.774,1.1194,0,0,1.0,0
CELL-16,2026-07-31,0.638,1.0161,0,0,1.0,0
CELL-16,2026-08-01,0.638,1.0222,0,0,1.0,0
CELL-16,2026-08-02,0.638,0.965,0,0,1.0,0
CELL-16,2026-08-03,0.638,0.9397,0,0,1.0,0
CELL-16,2026-08-04,0.597,0.8637,0,0,1.0,0
CELL-16,2026-08-05,0.56,0.9175,0,0,1.0,0
CELL-16,2026-08-06,0.68,1.004,0,0,1.0,0
CELL-16,2026-08-07,0.638,1.0274,0,0,1.0,0
CELL-16,2026-08-08,0.726,1.0827,0,0,1.0,1
CELL-16,2026-08-09,0.68,1.0032,0,0,1.0,0
CELL-16,2026-08-10,0.56,0.913,0,0,1.0,0
CELL-16,2026-08-11,0.597,0.884,0,0,1.0,0
CELL-16,2026-08-12,0.56,0.9024,0,0,1.0,0
CELL-16,2026-08-13,0.56,0.8998,0,0,1.0,0
CELL-16,2026-08-14,0.68,0.9847,0,0,1.0,0
CELL-16,2026-08-15,0.68,0.9921,0,0,0.44,0
CELL-16,2026-08-16,0.638,0.9215,0,0,1.0,0
CELL-16,2026-08-17,0.597,0.888,0,0,1.0,0
CELL-16,2026-08-18,0.525,0.8406,0,0,1.0,0
CELL-16,2026-08-19,0.56,0.9098,0,0,1.0,0
CELL-16,2026-08-20,0.638,0.9348,0,0,1.0,0
CELL-16,2026-08-21,0.597,0.9673,0,0,1.0,0
CELL-16,2026-08-22,0.68,0.9896,0,0,1.0,0
CELL-16,2026-08-23,0.68,1.0109,0,0,1.0,0
CELL-16,2026-08-24,0.597,0.8868,0,0,1.0,0
CELL-16,2026-08-25,0.56,0.8982,0,0,1.0,0
CELL-16,2026-08-26,0.597,0.9593,0,0,1.0,0
CELL-16,2026-08-27,0.597,0.9616,0,0,1.0,0
CELL-16,2026-08-28,0.68,1.0015,0,0,1.0,0
CELL-16,2026-08-29,0.56,0.9068,0,0,1.0,0
CELL-16,2026-08-30,0.638,0.9277,0,0,1.0,0
CELL-16,2026-08-31,0.638,0.9045,0,0,1.0,0
CELL-16,2026-09-01,0.68,0.9818,0,0,1.0,0
CELL-16,2026-09-02,0.638,1.0163,0,0,1.0,0
CELL-16,2026-09-03,0.726,1.0326,0,0,1.0,0
CELL-16,2026-09-04,0.726,1.0717,0,0,1.0,0
CELL-16,2026-09-05,0.597,0.9735,0,0,1.0,0
CELL-16,2026-09-06,0.68,0.9658,0,0,1.0,0
CELL-16,2026-09-07,0.638,0.9241,0,0,1.0,0
CELL-16,2026-09-08,0.638,0.9466,0,0,1.0,0
CELL-16,2026-09-09,0.68,0.9909,0,0,1.0,0
CELL-16,2026-09-10,0.68,1.0041,0,0,1.0,0
CELL-16,2026-09-11,0.68,1.0865,0,0,1.0,0
CELL-16,2026-09-12,0.68,1.0145,0,0,1.0,0
CELL-16,2026-09-13,0.726,1.0732,0,0,1.0,0
CELL-16,2026-09-14,0.726,1.0334,0,0,1.0,0
CELL-16,2026-09-15,0.638,1.0288,0,0,1.0,0
CELL-16,2026-09-16,0.68,0.9804,0,0,1.0,0
CELL-16,2026-09-17,0.638,1.0267,0,0,1.0,0
CELL-16,2026-09-18,0.638,0.9408,0,0,1.0,1
CELL-16,2026-09-19,0.597,0.9537,0,0,1.0,0
CELL-16,2026-09-20,0.56,0.8217,0,0,1.0,0
CELL-16,2026-09-21,0.525,0.7798,0,0,1.0,0
CELL-16,2026-09-22,0.525,0.7637,0,0,1.0,0
CELL-16,2026-09-23,0.525,0.8607,0,0,1.0,0
CELL-16,2026-09-24,0.638,0.9506,0,0,1.0,0
CELL-16,2026-09-25,0.56,0.9025,0,0,1.0,0
CELL-16,2026-09-26,0.638,0.9249,0,0,1.0,0
CELL-16,2026-09-27,0.56,0.8326,0,0,1.0,0
CELL-17,2026-04-01,0.774,1.0829,0,0,1.0,0
CELL-17,2026-04-02,0.826,1.0735,0,0,1.0,0
CELL-17,2026-04-03,0.941,1.1859,0,0,1.0,0
CELL-17,2026-04-04,0.826,1.1568,0,0,1.0,0
CELL-17,2026-04-05,0.774,1.0832,0,0,1.0,0
CELL-17,2026-04-06,0.826,1.0304,0,0,1.0,0
CELL-17,2026-04-07,0.774,0.9628,0,0,1.0,0
CELL-17,2026-04-08,0.726,1.0131,0,0,1.0,0
CELL-17,2026-04-09,0.882,1.0876,0,0,1.0,0
CELL-17,2026-04-10,0.826,1.046,0,0,1.0,0
CELL-17,2026-04-11,0.826,1.0215,0,0,1.0,0
CELL-17,2026-04-12,0.726,0.9386,1,0,1.0,0
CELL-17,2026-04-13,0.826,0.9424,1,0,1.0,0
CELL-17,2026-04-14,0.826,1.0373,0,0,1.0,0
CELL-17,2026-04-15,0.882,1.1018,0,0,1.0,0
CELL-17,2026-04-16,0.826,1.0776,0,0,1.0,0
CELL-17,2026-04-17,0.882,1.0882,0,0,1.0,0
CELL-17,2026-04-18,0.826,1.0413,0,0,1.0,0
CELL-17,2026-04-19,0.882,1.1111,0,0,1.0,0
CELL-17,2026-04-20,0.774,0.9636,0,0,1.0,0
CELL-17,2026-04-21,0.68,0.9528,0,0,1.0,0
CELL-17,2026-04-22,0.882,1.1055,0,0,1.0,0
CELL-17,2026-04-23,0.941,1.0399,1,0,1.0,0
CELL-17,2026-04-24,0.941,1.0865,1,0,1.0,0
CELL-17,2026-04-25,1.004,1.2478,0,0,1.0,0
CELL-17,2026-04-26,0.882,1.1403,0,0,1.0,0
CELL-17,2026-04-27,0.774,0.9976,0,0,1.0,0
CELL-17,2026-04-28,0.774,0.9757,0,0,1.0,0
CELL-17,2026-04-29,0.774,1.0029,0,0,1.0,0
CELL-17,2026-04-30,0.882,1.1247,0,0,1.0,0
CELL-17,2026-05-01,0.882,1.1506,0,0,1.0,0
CELL-17,2026-05-02,0.882,1.1063,0,0,1.0,0
CELL-17,2026-05-03,0.826,1.0528,0,0,1.0,0
CELL-17,2026-05-04,0.826,1.0473,0,0,1.0,0
CELL-17,2026-05-05,0.826,1.0314,0,0,1.0,0
CELL-17,2026-05-06,0.826,1.0754,0,0,1.0,0
CELL-17,2026-05-07,0.941,1.1692,0,0,1.0,0
CELL-17,2026-05-08,0.882,1.1207,0,0,1.0,0
CELL-17,2026-05-09,0.826,1.0765,0,0,1.0,0
CELL-17,2026-05-10,0.826,1.0272,0,0,1.0,0
CELL-17,2026-05-11,0.826,1.0574,0,0,1.0,0
CELL-17,2026-05-12,0.826,1.0243,0,0,1.0,0
CELL-17,2026-05-13,0.882,1.1413,0,0,1.0,0
CELL-17,2026-05-14,0.826,1.1535,0,0,1.0,0
CELL-17,2026-05-15,1.004,1.2677,0,0,1.0,0
CELL-17,2026-05-16,1.004,1.2567,0,0,1.0,0
CELL-17,2026-05-17,0.941,1.18,0,0,1.0,0
CELL-17,2026-05-18,0.882,1.0899,0,0,1.0,0
CELL-17,2026-05-19,0.826,1.0782,0,0,1.0,0
CELL-17,2026-05-20,0.826,1.0766,0,0,1.0,0
CELL-17,2026-05-21,0.941,1.1896,0,0,1.0,0
CELL-17,2026-05-22,0.941,1.179,0,0,1.0,0
CELL-17,2026-05-23,0.882,1.0898,0,0,1.0,0
CELL-17,2026-05-24,0.774,1.083,0,0,1.0,0
CELL-17,2026-05-25,0.774,1.0123,0,0,1.0,0
CELL-17,2026-05-26,0.826,1.0377,0,0,1.0,0
CELL-17,2026-05-27,0.826,1.0542,0,0,1.0,0
CELL-17,2026-05-28,1.22,1.5701,0,1,1.0,0
CELL-17,2026-05-29,1.143,1.491,0,1,1.0,0
CELL-17,2026-05-30,0.882,1.1038,0,0,1.0,0
CELL-17,2026-05-31,0.882,1.1154,0,0,1.0,0
CELL-17,2026-06-01,0.774,0.9769,0,0,1.0,0
CELL-17,2026-06-02,0.826,1.0371,0,0,1.0,0
CELL-17,2026-06-03,0.826,1.0626,0,0,1.0,0
CELL-17,2026-06-04,0.882,1.094,0,0,1.0,0
CELL-17,2026-06-05,0.826,1.1585,0,0,1.0,0
CELL-17,2026-06-06,0.882,1.1158,0,0,1.0,0
CELL-17,2026-06-07,0.882,1.1032,0,0,1.0,0
CELL-17,2026-06-08,0.774,1.0097,0,0,1.0,0
CELL-17,2026-06-09,0.826,1.0585,0,0,1.0,0
CELL-17,2026-06-10,0.941,1.1685,0,0,1.0,0
CELL-17,2026-06-11,0.941,1.1956,0,0,1.0,0
CELL-17,2026-06-12,0.882,1.0874,0,0,1.0,0
CELL-17,2026-06-13,0.826,1.1585,0,0,1.0,0
CELL-17,2026-06-14,0.826,1.1589,0,0,1.0,0
CELL-17,2026-06-15,0.826,1.0477,0,0,1.0,0
CELL-17,2026-06-16,0.826,1.0286,0,0,1.0,0
CELL-17,2026-06-17,0.882,1.1009,0,0,1.0,0
CELL-17,2026-06-18,0.882,1.1397,0,0,1.0,0
CELL-17,2026-06-19,0.826,1.0686,0,0,1.0,0
CELL-17,2026-06-20,0.826,1.0595,0,0,0.4,0
CELL-17,2026-06-21,0.726,1.015,0,0,1.0,0
CELL-17,2026-06-22,0.726,0.9453,0,0,1.0,0
CELL-17,2026-06-23,0.774,1.0055,0,0,1.0,0
CELL-17,2026-06-24,0.882,1.097,0,0,1.0,0
CELL-17,2026-06-25,0.941,1.2068,0,0,1.0,0
CELL-17,2026-06-26,0.882,1.1158,0,0,1.0,0
CELL-17,2026-06-27,0.882,1.0934,0,0,1.0,0
CELL-17,2026-06-28,0.774,1.0848,0,0,1.0,0
CELL-17,2026-06-29,0.726,0.94,1,0,1.0,0
CELL-17,2026-06-30,0.726,1.0158,0,0,1.0,0
CELL-17,2026-07-01,0.882,1.0953,0,0,1.0,0
CELL-17,2026-07-02,0.882,1.1131,0,0,1.0,0
CELL-17,2026-07-03,1.004,1.2385,0,0,1.0,0
CELL-17,2026-07-04,0.882,1.1523,0,0,1.0,0
CELL-17,2026-07-05,0.826,1.1538,0,0,1.0,0
CELL-17,2026-07-06,0.882,1.1203,0,0,1.0,0
CELL-17,2026-07-07,0.826,1.078,0,0,1.0,0
CELL-17,2026-07-08,0.882,1.1486,0,0,1.0,0
CELL-17,2026-07-09,0.941,1.1929,0,0,1.0,0
CELL-17,2026-07-10,0.826,1.0646,0,0,1.0,0
CELL-17,2026-07-11,0.882,1.0873,0,0,1.0,0
CELL-17,2026-07-12,0.882,1.0938,0,0,1.0,0
CELL-17,2026-07-13,0.826,1.0552,0,0,1.0,0
CELL-17,2026-07-14,1.143,1.49,0,1,1.0,0
CELL-17,2026-07-15,0.826,1.0709,0,0,1.0,0
CELL-17,2026-07-16,0.882,1.1026,0,0,1.0,0
CELL-17,2026-07-17,1.22,1.5893,0,1,1.0,0
CELL-17,2026-07-18,1.301,1.6403,0,1,1.0,0
CELL-17,2026-07-19,1.301,1.6123,0,1,1.0,0
CELL-17,2026-07-20,0.882,1.1286,0,0,1.0,0
CELL-17,2026-07-21,0.882,1.1284,0,0,1.0,0
CELL-17,2026-07-22,0.882,1.1406,0,0,1.0,0
CELL-17,2026-07-23,0.941,1.1882,0,0,1.0,0
CELL-17,2026-07-24,0.941,1.1788,0,0,1.0,0
CELL-17,2026-07-25,0.774,1.0825,0,0,1.0,0
CELL-17,2026-07-26,0.882,1.1045,0,0,1.0,0
CELL-17,2026-07-27,0.774,1.0126,0,0,1.0,0
CELL-17,2026-07-28,0.826,1.0508,0,0,1.0,0
CELL-17,2026-07-29,0.882,1.1288,0,0,1.0,0
CELL-17,2026-07-30,0.826,1.0536,0,0,1.0,0
CELL-17,2026-07-31,0.882,1.1096,0,0,1.0,0
CELL-17,2026-08-01,0.826,1.0404,0,0,1.0,0
CELL-17,2026-08-02,0.826,1.0295,0,0,1.0,0
CELL-17,2026-08-03,0.826,1.0681,0,0,1.0,0
CELL-17,2026-08-04,0.882,1.1079,0,0,1.0,0
CELL-17,2026-08-05,0.941,1.1905,0,0,1.0,0
CELL-17,2026-08-06,1.004,1.2611,0,0,1.0,0
CELL-17,2026-08-07,0.882,1.1353,0,0,1.0,0
CELL-17,2026-08-08,0.882,1.1453,0,0,1.0,0
CELL-17,2026-08-09,0.882,1.1293,0,0,1.0,0
CELL-17,2026-08-10,0.882,1.0953,0,0,1.0,0
CELL-17,2026-08-11,0.826,1.0401,0,0,1.0,0
CELL-17,2026-08-12,0.826,1.0738,0,0,1.0,0
CELL-17,2026-08-13,0.941,1.1761,0,0,1.0,0
CELL-17,2026-08-14,0.826,1.0429,0,0,1.0,0
CELL-17,2026-08-15,0.774,0.9719,0,0,1.0,0
CELL-17,2026-08-16,0.774,0.9862,0,0,1.0,0
CELL-17,2026-08-17,0.774,0.9692,0,0,1.0,0
CELL-17,2026-08-18,0.826,1.0726,0,0,1.0,0
CELL-17,2026-08-19,0.941,1.1904,0,0,1.0,0
CELL-17,2026-08-20,1.22,1.5211,0,1,1.0,0
CELL-17,2026-08-21,1.071,1.3818,0,1,1.0,0
CELL-17,2026-08-22,1.071,1.3609,0,1,1.0,0
CELL-17,2026-08-23,0.774,1.0083,0,0,1.0,0
CELL-17,2026-08-24,0.826,1.0352,0,0,1.0,0
CELL-17,2026-08-25,0.774,0.9695,0,0,1.0,0
CELL-17,2026-08-26,0.826,1.0272,0,0,1.0,0
CELL-17,2026-08-27,0.882,1.1212,0,0,1.0,0
CELL-17,2026-08-28,0.882,1.1212,0,0,1.0,0
CELL-17,2026-08-29,0.882,1.096,0,0,1.0,0
CELL-17,2026-08-30,0.774,1.0076,0,0,1.0,0
CELL-17,2026-08-31,0.726,0.912,0,0,1.0,0
CELL-17,2026-09-01,0.638,0.894,0,0,1.0,0
CELL-17,2026-09-02,0.774,0.9677,0,0,1.0,0
CELL-17,2026-09-03,0.826,1.0437,0,0,1.0,0
CELL-17,2026-09-04,0.882,1.1176,0,0,1.0,0
CELL-17,2026-09-05,0.826,1.0729,0,0,1.0,0
CELL-17,2026-09-06,0.882,1.1447,0,0,1.0,0
CELL-17,2026-09-07,0.774,1.0117,0,0,1.0,0
CELL-17,2026-09-08,0.826,1.0329,0,0,1.0,0
CELL-17,2026-09-09,0.882,1.1498,0,0,1.0,0
CELL-17,2026-09-10,0.882,1.2311,0,0,1.0,0
CELL-17,2026-09-11,1.004,1.3049,0,0,1.0,0
CELL-17,2026-09-12,1.071,1.3356,0,0,1.0,0
CELL-17,2026-09-13,1.143,1.5985,0,1,1.0,0
CELL-17,2026-09-14,1.143,1.4943,0,1,1.0,0
CELL-17,2026-09-15,0.774,1.0832,0,0,1.0,0
CELL-17,2026-09-16,0.941,1.2128,0,0,1.0,0
CELL-17,2026-09-17,0.941,1.187,0,0,1.0,0
CELL-17,2026-09-18,0.882,1.1503,0,0,1.0,0
CELL-17,2026-09-19,0.882,1.1381,0,0,1.0,0
CELL-17,2026-09-20,0.826,1.0524,0,0,1.0,0
CELL-17,2026-09-21,0.882,1.1125,0,0,1.0,0
CELL-17,2026-09-22,0.882,1.1372,0,0,1.0,0
CELL-17,2026-09-23,0.941,0.8933,2,0,1.0,0
CELL-17,2026-09-24,0.882,1.1457,0,0,1.0,0
CELL-17,2026-09-25,1.22,1.5391,0,1,1.0,0
CELL-17,2026-09-26,1.143,1.4458,0,1,1.0,0
CELL-17,2026-09-27,1.071,1.3661,0,1,1.0,0
CELL-18,2026-04-01,0.941,1.7577,0,0,1.0,0
CELL-18,2026-04-02,1.004,1.886,0,0,1.0,0
CELL-18,2026-04-03,1.004,1.9594,0,0,0.63,0
CELL-18,2026-04-04,1.004,1.9373,0,0,1.0,0
CELL-18,2026-04-05,1.004,1.843,0,0,1.0,0
CELL-18,2026-04-06,0.882,1.6959,0,0,1.0,0
CELL-18,2026-04-07,0.941,1.7139,0,0,1.0,0
CELL-18,2026-04-08,0.941,1.8369,0,0,1.0,0
CELL-18,2026-04-09,0.882,1.6919,0,0,1.0,0
CELL-18,2026-04-10,0.774,1.4927,0,0,1.0,0
CELL-18,2026-04-11,0.774,1.4963,0,0,1.0,0
CELL-18,2026-04-12,0.882,1.6034,0,0,1.0,0
CELL-18,2026-04-13,0.826,1.5065,0,0,1.0,0
CELL-18,2026-04-14,0.774,1.4657,0,0,1.0,0
CELL-18,2026-04-15,0.882,1.6672,0,0,1.0,0
CELL-18,2026-04-16,0.941,1.8044,0,0,1.0,0
CELL-18,2026-04-17,1.004,1.878,0,0,1.0,0
CELL-18,2026-04-18,1.004,1.9097,0,0,1.0,0
CELL-18,2026-04-19,0.882,1.6796,0,0,1.0,0
CELL-18,2026-04-20,0.882,1.6374,0,0,1.0,0
CELL-18,2026-04-21,0.941,1.7817,0,0,1.0,0
CELL-18,2026-04-22,1.071,1.8578,0,0,1.0,0
CELL-18,2026-04-23,1.004,1.9419,0,0,1.0,0
CELL-18,2026-04-24,0.941,1.8135,0,0,1.0,0
CELL-18,2026-04-25,0.882,1.6935,0,0,1.0,0
CELL-18,2026-04-26,0.941,1.8063,0,0,1.0,0
CELL-18,2026-04-27,0.941,1.6243,0,0,1.0,0
CELL-18,2026-04-28,0.882,1.6933,0,0,1.0,0
CELL-18,2026-04-29,1.071,1.8738,0,0,1.0,0
CELL-18,2026-04-30,0.941,1.7782,0,0,1.0,0
CELL-18,2026-05-01,0.882,1.7193,0,0,1.0,0
CELL-18,2026-05-02,1.004,1.7417,0,0,1.0,0
CELL-18,2026-05-03,0.941,1.818,0,0,1.0,0
CELL-18,2026-05-04,0.941,1.7437,0,0,1.0,0
CELL-18,2026-05-05,0.941,1.6455,0,0,1.0,0
CELL-18,2026-05-06,0.941,1.7694,0,0,1.0,0
CELL-18,2026-05-07,0.941,1.761,0,0,1.0,0
CELL-18,2026-05-08,0.882,1.6939,0,0,1.0,0
CELL-18,2026-05-09,0.941,1.7614,0,0,1.0,0
CELL-18,2026-05-10,0.882,1.6181,0,0,1.0,0
CELL-18,2026-05-11,0.826,1.5653,0,0,1.0,0
CELL-18,2026-05-12,0.826,1.5937,0,0,1.0,0
CELL-18,2026-05-13,0.826,1.598,0,0,1.0,0
CELL-18,2026-05-14,0.882,1.6661,0,0,1.0,0
CELL-18,2026-05-15,0.882,1.6528,0,0,1.0,0
CELL-18,2026-05-16,0.882,1.6789,0,0,1.0,0
CELL-18,2026-05-17,0.882,1.7203,0,0,1.0,0
CELL-18,2026-05-18,0.826,1.5821,0,0,1.0,0
CELL-18,2026-05-19,0.882,1.5452,0,0,1.0,0
CELL-18,2026-05-20,1.071,1.8488,0,0,1.0,0
CELL-18,2026-05-21,0.941,1.7773,0,0,1.0,0
CELL-18,2026-05-22,0.882,1.7068,0,0,1.0,0
CELL-18,2026-05-23,0.941,1.782,0,0,1.0,0
CELL-18,2026-05-24,0.941,1.8127,0,0,1.0,0
CELL-18,2026-05-25,0.941,1.7634,0,0,1.0,0
CELL-18,2026-05-26,1.071,1.8459,0,0,1.0,0
CELL-18,2026-05-27,1.071,1.9469,0,0,1.0,0
CELL-18,2026-05-28,1.004,1.8883,0,0,1.0,0
CELL-18,2026-05-29,1.071,1.8435,0,0,1.0,0
CELL-18,2026-05-30,1.004,1.9022,0,0,1.0,0
CELL-18,2026-05-31,1.004,1.8864,0,0,1.0,0
CELL-18,2026-06-01,0.941,1.7687,0,0,1.0,0
CELL-18,2026-06-02,0.882,1.678,0,0,1.0,0
CELL-18,2026-06-03,0.941,1.7468,0,0,1.0,0
CELL-18,2026-06-04,1.004,1.867,0,0,1.0,0
CELL-18,2026-06-05,0.941,1.7737,0,0,1.0,0
CELL-18,2026-06-06,0.882,1.6942,0,0,1.0,0
CELL-18,2026-06-07,0.941,1.628,0,0,1.0,0
CELL-18,2026-06-08,0.882,1.6175,0,0,1.0,0
CELL-18,2026-06-09,0.882,1.6915,0,0,1.0,0
CELL-18,2026-06-10,0.882,1.6091,0,0,1.0,0
CELL-18,2026-06-11,0.941,1.7251,0,0,1.0,0
CELL-18,2026-06-12,1.004,1.9113,0,0,1.0,0
CELL-18,2026-06-13,1.004,1.9268,0,0,1.0,0
CELL-18,2026-06-14,0.941,1.8173,0,0,1.0,0
CELL-18,2026-06-15,0.941,1.8227,0,0,1.0,0
CELL-18,2026-06-16,0.826,1.6145,0,0,1.0,0
CELL-18,2026-06-17,0.882,1.7087,0,0,1.0,0
CELL-18,2026-06-18,0.882,1.718,0,0,1.0,0
CELL-18,2026-06-19,0.941,1.7679,0,0,1.0,0
CELL-18,2026-06-20,0.941,1.7139,0,0,1.0,0
CELL-18,2026-06-21,0.941,1.71,0,0,1.0,0
CELL-18,2026-06-22,0.882,1.6637,0,0,1.0,0
CELL-18,2026-06-23,0.882,1.6727,0,0,1.0,0
CELL-18,2026-06-24,0.941,1.7796,0,0,1.0,0
CELL-18,2026-06-25,1.22,1.6986,1,0,1.0,0
CELL-18,2026-06-26,1.071,1.9664,0,0,1.0,0
CELL-18,2026-06-27,0.941,1.7165,0,0,1.0,0
CELL-18,2026-06-28,0.882,1.6786,0,0,1.0,0
CELL-18,2026-06-29,0.882,1.6805,0,0,1.0,0
CELL-18,2026-06-30,0.882,1.7221,0,0,1.0,0
CELL-18,2026-07-01,0.941,1.7681,0,0,1.0,0
CELL-18,2026-07-02,1.071,2.0267,0,0,1.0,0
CELL-18,2026-07-03,1.071,2.0614,0,0,1.0,0
CELL-18,2026-07-04,1.071,2.014,0,0,1.0,0
CELL-18,2026-07-05,1.004,1.9605,0,0,1.0,0
CELL-18,2026-07-06,1.071,1.8517,0,0,1.0,0
CELL-18,2026-07-07,0.941,1.7467,0,0,1.0,0
CELL-18,2026-07-08,1.004,1.941,0,0,1.0,0
CELL-18,2026-07-09,0.941,1.7805,0,0,1.0,0
CELL-18,2026-07-10,1.004,1.7314,0,0,1.0,0
CELL-18,2026-07-11,0.941,1.761,0,0,1.0,0
CELL-18,2026-07-12,0.774,1.4765,0,0,1.0,0
CELL-18,2026-07-13,0.726,1.3684,0,0,0.62,0
CELL-18,2026-07-14,0.774,1.4678,0,0,1.0,0
CELL-18,2026-07-15,0.882,1.6366,0,0,1.0,0
CELL-18,2026-07-16,0.882,1.7074,0,0,1.0,0
CELL-18,2026-07-17,1.004,1.8246,0,0,1.0,0
CELL-18,2026-07-18,1.301,2.2492,0,1,1.0,0
CELL-18,2026-07-19,1.388,1.8671,2,1,1.0,0
CELL-18,2026-07-20,0.882,1.6724,0,0,1.0,0
CELL-18,2026-07-21,0.882,1.6973,0,0,1.0,0
CELL-18,2026-07-22,0.941,1.7639,0,0,1.0,0
CELL-18,2026-07-23,1.071,1.8686,0,0,1.0,0
CELL-18,2026-07-24,1.071,1.8441,0,0,1.0,0
CELL-18,2026-07-25,0.941,1.8012,0,0,1.0,0
CELL-18,2026-07-26,0.941,1.7633,0,0,1.0,0
CELL-18,2026-07-27,0.882,1.6902,0,0,1.0,0
CELL-18,2026-07-28,0.941,1.6413,0,0,1.0,0
CELL-18,2026-07-29,0.882,1.6701,0,0,1.0,0
CELL-18,2026-07-30,0.941,1.8122,0,0,1.0,0
CELL-18,2026-07-31,0.941,1.8189,0,0,1.0,0
CELL-18,2026-08-01,1.143,1.9763,0,0,1.0,0
CELL-18,2026-08-02,0.941,1.779,0,0,1.0,0
CELL-18,2026-08-03,0.826,1.592,0,0,1.0,0
CELL-18,2026-08-04,0.882,1.6823,0,0,1.0,0
CELL-18,2026-08-05,0.882,1.6507,0,0,1.0,0
CELL-18,2026-08-06,1.004,1.7515,0,0,1.0,0
CELL-18,2026-08-07,0.941,1.8066,0,0,1.0,0
CELL-18,2026-08-08,1.071,1.8495,0,0,1.0,0
CELL-18,2026-08-09,0.882,1.6534,0,0,1.0,0
CELL-18,2026-08-10,1.004,1.3727,2,0,1.0,0
CELL-18,2026-08-11,1.071,1.4301,2,0,1.0,0
CELL-18,2026-08-12,0.941,1.7622,0,0,1.0,0
CELL-18,2026-08-13,0.941,1.7897,0,0,1.0,0
CELL-18,2026-08-14,0.941,1.8206,0,0,1.0,0
CELL-18,2026-08-15,0.941,1.6549,0,0,1.0,0
CELL-18,2026-08-16,0.826,1.5696,0,0,1.0,0
CELL-18,2026-08-17,0.774,1.4913,0,0,1.0,0
CELL-18,2026-08-18,0.826,1.5621,0,0,1.0,0
CELL-18,2026-08-19,0.941,1.6492,0,0,1.0,0
CELL-18,2026-08-20,0.882,1.6387,0,0,1.0,0
CELL-18,2026-08-21,0.774,1.4935,0,0,1.0,0
CELL-18,2026-08-22,0.882,1.6164,0,0,1.0,0
CELL-18,2026-08-23,0.882,1.6033,0,0,1.0,0
CELL-18,2026-08-24,0.882,1.7001,0,0,1.0,0
CELL-18,2026-08-25,0.882,1.6577,0,0,1.0,0
CELL-18,2026-08-26,0.941,1.8233,0,0,1.0,0
CELL-18,2026-08-27,1.22,2.1067,0,0,1.0,0
CELL-18,2026-08-28,1.071,2.0351,0,0,1.0,0
CELL-18,2026-08-29,1.071,1.8722,0,0,1.0,0
CELL-18,2026-08-30,1.004,1.9238,0,0,1.0,0
CELL-18,2026-08-31,0.941,1.8194,0,0,1.0,0
CELL-18,2026-09-01,0.941,1.7459,0,0,1.0,0
CELL-18,2026-09-02,1.071,1.9653,0,0,1.0,0
CELL-18,2026-09-03,1.004,1.8324,0,0,1.0,0
CELL-18,2026-09-04,1.004,1.9183,0,0,1.0,0
CELL-18,2026-09-05,1.004,1.9248,0,0,1.0,0
CELL-18,2026-09-06,0.941,1.8334,0,0,1.0,0
CELL-18,2026-09-07,1.004,1.7419,0,0,1.0,0
CELL-18,2026-09-08,0.941,1.7901,0,0,1.0,0
CELL-18,2026-09-09,1.004,1.9192,0,0,1.0,0
CELL-18,2026-09-10,1.004,1.9246,0,0,1.0,0
CELL-18,2026-09-11,1.004,1.9435,0,0,1.0,0
CELL-18,2026-09-12,1.071,1.8516,0,0,1.0,0
CELL-18,2026-09-13,0.941,1.7637,0,0,1.0,0
CELL-18,2026-09-14,0.941,1.7715,0,0,1.0,0
CELL-18,2026-09-15,1.004,1.7397,0,0,1.0,0
CELL-18,2026-09-16,0.941,1.7716,0,0,1.0,0
CELL-18,2026-09-17,1.071,1.8722,0,0,1.0,0
CELL-18,2026-09-18,1.071,1.8453,0,0,1.0,0
CELL-18,2026-09-19,0.941,1.8219,0,0,1.0,0
CELL-18,2026-09-20,0.882,1.6881,0,0,1.0,0
CELL-18,2026-09-21,0.882,1.6863,0,0,1.0,0
CELL-18,2026-09-22,1.301,2.4474,0,1,1.0,0
CELL-18,2026-09-23,1.301,2.4551,0,1,1.0,0
CELL-18,2026-09-24,0.941,1.8006,0,0,1.0,0
CELL-18,2026-09-25,1.004,1.8881,0,0,1.0,0
CELL-18,2026-09-26,1.004,1.7514,0,0,1.0,0
CELL-18,2026-09-27,0.882,1.6838,0,0,1.0,0
CELL-19,2026-04-01,1.143,2.284,0,0,1.0,0
CELL-19,2026-04-02,1.143,2.2339,0,0,1.0,0
CELL-19,2026-04-03,1.143,2.3075,0,0,1.0,0
CELL-19,2026-04-04,1.143,2.2772,0,0,1.0,0
CELL-19,2026-04-05,1.301,2.5629,0,0,1.0,0
CELL-19,2026-04-06,1.143,2.2942,0,0,1.0,0
CELL-19,2026-04-07,1.071,2.1064,0,0,1.0,0
CELL-19,2026-04-08,1.143,2.2389,0,0,1.0,0
CELL-19,2026-04-09,1.22,2.4497,0,0,1.0,0
CELL-19,2026-04-10,1.22,2.4345,0,0,0.6,0
CELL-19,2026-04-11,1.22,2.4073,0,0,1.0,0
CELL-19,2026-04-12,1.143,2.2813,0,0,1.0,0
CELL-19,2026-04-13,1.143,2.173,0,0,1.0,0
CELL-19,2026-04-14,1.071,2.1461,0,0,1.0,0
CELL-19,2026-04-15,1.143,2.3513,0,0,1.0,0
CELL-19,2026-04-16,1.22,2.3576,0,0,1.0,0
CELL-19,2026-04-17,1.22,2.3554,0,0,1.0,0
CELL-19,2026-04-18,1.22,2.3584,0,0,1.0,0
CELL-19,2026-04-19,1.143,2.2956,0,0,1.0,0
CELL-19,2026-04-20,1.143,2.2052,0,0,1.0,0
CELL-19,2026-04-21,1.071,2.1251,0,0,1.0,0
CELL-19,2026-04-22,1.22,2.3641,0,0,1.0,0
CELL-19,2026-04-23,1.143,2.3089,0,0,1.0,0
CELL-19,2026-04-24,1.22,2.4328,0,0,1.0,0
CELL-19,2026-04-25,1.143,2.2967,0,0,1.0,0
CELL-19,2026-04-26,1.143,2.2169,0,0,1.0,0
CELL-19,2026-04-27,1.143,2.2144,0,0,1.0,0
CELL-19,2026-04-28,1.071,2.1343,0,0,1.0,0
CELL-19,2026-04-29,1.071,2.113,0,0,1.0,0
CELL-19,2026-04-30,1.071,2.0869,0,0,1.0,0
CELL-19,2026-05-01,1.143,2.2257,0,0,1.0,0
CELL-19,2026-05-02,1.301,2.5516,0,0,1.0,0
CELL-19,2026-05-03,1.22,2.3856,0,0,1.0,0
CELL-19,2026-05-04,1.22,2.4292,0,0,1.0,0
CELL-19,2026-05-05,1.22,2.3293,0,0,1.0,0
CELL-19,2026-05-06,1.301,2.4921,0,0,1.0,0
CELL-19,2026-05-07,1.301,2.5767,0,0,1.0,0
CELL-19,2026-05-08,1.22,2.4531,0,0,1.0,0
CELL-19,2026-05-09,1.143,2.2551,0,0,1.0,0
CELL-19,2026-05-10,1.143,2.2996,0,0,1.0,0
CELL-19,2026-05-11,1.143,2.0636,1,0,1.0,0
CELL-19,2026-05-12,1.143,2.2075,0,0,1.0,0
CELL-19,2026-05-13,1.143,2.3033,0,0,1.0,0
CELL-19,2026-05-14,1.22,2.397,0,0,1.0,0
CELL-19,2026-05-15,1.22,2.4161,0,0,1.0,0
CELL-19,2026-05-16,1.301,2.5479,0,0,1.0,0
CELL-19,2026-05-17,1.22,2.3916,0,0,1.0,0
CELL-19,2026-05-18,1.22,2.4087,0,0,1.0,0
CELL-19,2026-05-19,1.22,2.4342,0,0,1.0,0
CELL-19,2026-05-20,1.301,2.5239,0,0,1.0,0
CELL-19,2026-05-21,1.301,2.5316,0,0,1.0,0
CELL-19,2026-05-22,1.301,2.4892,0,0,1.0,0
CELL-19,2026-05-23,1.22,2.4464,0,0,1.0,0
CELL-19,2026-05-24,1.143,2.3127,0,0,1.0,0
CELL-19,2026-05-25,1.143,2.2051,0,0,1.0,0
CELL-19,2026-05-26,1.143,2.181,0,0,1.0,0
CELL-19,2026-05-27,1.301,2.4731,0,0,1.0,0
CELL-19,2026-05-28,1.301,2.4741,0,0,1.0,0
CELL-19,2026-05-29,1.22,2.336,0,0,1.0,0
CELL-19,2026-05-30,1.071,2.1194,0,0,1.0,0
CELL-19,2026-05-31,1.143,2.2504,0,0,1.0,0
CELL-19,2026-06-01,1.22,2.4375,0,0,1.0,0
CELL-19,2026-06-02,1.071,2.1256,0,0,1.0,0
CELL-19,2026-06-03,1.143,2.2852,0,0,1.0,0
CELL-19,2026-06-04,1.22,2.3623,0,0,1.0,0
CELL-19,2026-06-05,1.143,2.3134,0,0,1.0,0
CELL-19,2026-06-06,1.143,2.2156,0,0,1.0,0
CELL-19,2026-06-07,1.22,2.3884,0,0,1.0,0
CELL-19,2026-06-08,1.143,2.1757,0,0,1.0,0
CELL-19,2026-06-09,1.071,2.1263,0,0,1.0,0
CELL-19,2026-06-10,1.143,2.2549,0,0,1.0,0
CELL-19,2026-06-11,1.143,2.3128,0,0,1.0,0
CELL-19,2026-06-12,1.22,2.4099,0,0,1.0,0
CELL-19,2026-06-13,1.301,2.4711,0,0,1.0,0
CELL-19,2026-06-14,1.22,2.3792,0,0,1.0,0
CELL-19,2026-06-15,1.143,2.2575,0,0,1.0,0
CELL-19,2026-06-16,1.22,2.3191,0,0,1.0,0
CELL-19,2026-06-17,1.143,2.299,0,0,1.0,0
CELL-19,2026-06-18,1.22,2.392,0,0,1.0,0
CELL-19,2026-06-19,1.143,2.2146,0,0,1.0,0
CELL-19,2026-06-20,1.071,2.1509,0,0,1.0,0
CELL-19,2026-06-21,1.143,2.1927,0,0,1.0,0
CELL-19,2026-06-22,1.071,2.0437,0,0,1.0,0
CELL-19,2026-06-23,1.071,2.1498,0,0,1.0,0
CELL-19,2026-06-24,1.143,2.348,0,0,1.0,0
CELL-19,2026-06-25,1.143,2.2538,0,0,1.0,0
CELL-19,2026-06-26,1.071,2.068,0,0,1.0,0
CELL-19,2026-06-27,1.071,2.1318,0,0,1.0,0
CELL-19,2026-06-28,1.071,2.1063,0,0,1.0,0
CELL-19,2026-06-29,1.071,2.0851,0,0,1.0,0
CELL-19,2026-06-30,1.071,2.0525,0,0,1.0,0
CELL-19,2026-07-01,1.143,2.3066,0,0,1.0,0
CELL-19,2026-07-02,1.22,2.5053,0,0,1.0,0
CELL-19,2026-07-03,1.22,2.3371,0,0,1.0,0
CELL-19,2026-07-04,1.143,2.2229,0,0,1.0,0
CELL-19,2026-07-05,1.004,1.9452,0,0,1.0,0
CELL-19,2026-07-06,1.004,1.9506,0,0,1.0,0
CELL-19,2026-07-07,1.071,2.0935,0,0,1.0,0
CELL-19,2026-07-08,1.071,2.1397,0,0,1.0,0
CELL-19,2026-07-09,1.143,2.2942,0,0,1.0,0
CELL-19,2026-07-10,1.143,2.343,0,0,1.0,0
CELL-19,2026-07-11,1.22,2.3558,0,0,1.0,0
CELL-19,2026-07-12,1.22,2.4257,0,0,1.0,0
CELL-19,2026-07-13,1.143,2.2412,0,0,1.0,0
CELL-19,2026-07-14,1.071,2.1972,0,0,1.0,0
CELL-19,2026-07-15,1.143,2.3049,0,0,0.54,0
CELL-19,2026-07-16,1.22,2.4591,0,0,1.0,0
CELL-19,2026-07-17,1.143,2.2886,0,0,1.0,0
CELL-19,2026-07-18,1.143,2.1718,0,0,1.0,0
CELL-19,2026-07-19,1.071,2.1273,0,0,1.0,0
CELL-19,2026-07-20,1.22,2.3292,0,0,1.0,0
CELL-19,2026-07-21,1.22,2.3817,0,0,1.0,0
CELL-19,2026-07-22,1.143,2.3008,0,0,1.0,0
CELL-19,2026-07-23,1.22,2.4029,0,0,1.0,0
CELL-19,2026-07-24,1.143,2.297,0,0,1.0,0
CELL-19,2026-07-25,1.22,2.3271,0,0,1.0,0
CELL-19,2026-07-26,1.22,2.4983,0,0,1.0,0
CELL-19,2026-07-27,1.22,2.3219,0,0,1.0,0
CELL-19,2026-07-28,1.22,2.3633,0,0,1.0,0
CELL-19,2026-07-29,1.22,2.4003,0,0,1.0,0
CELL-19,2026-07-30,1.22,2.4664,0,0,1.0,0
CELL-19,2026-07-31,1.143,2.3087,0,0,1.0,0
CELL-19,2026-08-01,1.22,2.3573,0,0,1.0,0
CELL-19,2026-08-02,1.22,2.4496,0,0,1.0,0
CELL-19,2026-08-03,1.301,2.472,0,0,1.0,0
CELL-19,2026-08-04,1.22,2.3938,0,0,1.0,0
CELL-19,2026-08-05,1.301,2.5216,0,0,1.0,0
CELL-19,2026-08-06,1.143,2.2326,0,0,1.0,0
CELL-19,2026-08-07,1.071,2.138,0,0,1.0,0
CELL-19,2026-08-08,1.143,2.2423,0,0,1.0,0
CELL-19,2026-08-09,1.143,2.1035,1,0,1.0,0
CELL-19,2026-08-10,1.143,2.1254,1,0,1.0,0
CELL-19,2026-08-11,1.143,2.2957,0,0,1.0,0
CELL-19,2026-08-12,1.143,2.3139,0,0,1.0,0
CELL-19,2026-08-13,1.301,2.5247,0,0,1.0,0
CELL-19,2026-08-14,1.143,2.2204,0,0,1.0,0
CELL-19,2026-08-15,1.071,2.1094,0,0,1.0,0
CELL-19,2026-08-16,1.071,2.1571,0,0,1.0,0
CELL-19,2026-08-17,1.004,2.0248,0,0,1.0,0
CELL-19,2026-08-18,1.071,2.0968,0,0,1.0,0
CELL-19,2026-08-19,1.071,2.1157,0,0,1.0,0
CELL-19,2026-08-20,1.143,2.2152,0,0,1.0,0
CELL-19,2026-08-21,1.143,2.2364,0,0,1.0,0
CELL-19,2026-08-22,1.143,2.3006,0,0,1.0,0
CELL-19,2026-08-23,1.143,2.2775,0,0,0.42,0
CELL-19,2026-08-24,1.22,2.4034,0,0,1.0,0
CELL-19,2026-08-25,1.22,2.3534,0,0,0.42,0
CELL-19,2026-08-26,1.301,2.4926,0,0,1.0,0
CELL-19,2026-08-27,1.22,2.3844,0,0,1.0,0
CELL-19,2026-08-28,1.388,2.7346,0,0,1.0,0
CELL-19,2026-08-29,1.22,2.4603,0,0,1.0,0
CELL-19,2026-08-30,1.143,2.2203,0,0,1.0,0
CELL-19,2026-08-31,1.143,2.28,0,0,1.0,0
CELL-19,2026-09-01,1.071,2.0517,0,0,1.0,0
CELL-19,2026-09-02,1.143,2.2193,0,0,1.0,0
CELL-19,2026-09-03,1.143,2.3116,0,0,1.0,0
CELL-19,2026-09-04,1.22,2.3384,0,0,1.0,0
CELL-19,2026-09-05,1.22,2.3635,0,0,1.0,0
CELL-19,2026-09-06,1.301,2.4732,0,0,1.0,0
CELL-19,2026-09-07,1.301,2.4784,0,0,1.0,0
CELL-19,2026-09-08,1.301,2.5148,0,0,1.0,0
CELL-19,2026-09-09,1.301,2.4755,0,0,1.0,0
CELL-19,2026-09-10,1.22,2.3614,0,0,1.0,0
CELL-19,2026-09-11,1.388,2.6792,0,0,1.0,0
CELL-19,2026-09-12,1.301,2.608,0,0,1.0,0
CELL-19,2026-09-13,1.301,2.4975,0,0,1.0,0
CELL-19,2026-09-14,1.22,2.3992,0,0,1.0,0
CELL-19,2026-09-15,1.071,2.1251,0,0,1.0,0
CELL-19,2026-09-16,1.143,2.3417,0,0,1.0,0
CELL-19,2026-09-17,1.22,2.3639,0,0,1.0,0
CELL-19,2026-09-18,1.22,2.411,0,0,1.0,0
CELL-19,2026-09-19,1.22,2.4447,0,0,1.0,0
CELL-19,2026-09-20,1.071,2.1267,0,0,1.0,0
CELL-19,2026-09-21,0.941,1.8502,0,0,1.0,0
CELL-19,2026-09-22,1.004,1.9073,0,0,1.0,0
CELL-19,2026-09-23,1.004,1.9982,0,0,1.0,0
CELL-19,2026-09-24,1.004,2.0594,0,0,1.0,0
CELL-19,2026-09-25,1.143,2.2307,0,0,1.0,0
CELL-19,2026-09-26,0.941,1.8817,2,0,1.0,0
CELL-19,2026-09-27,0.941,1.9021,2,0,1.0,0
CELL-20,2026-04-01,1.301,1.7608,0,0,1.0,0
CELL-20,2026-04-02,1.301,1.7026,0,0,1.0,0
CELL-20,2026-04-03,1.301,1.7598,0,0,1.0,0
CELL-20,2026-04-04,1.143,1.5684,0,0,1.0,0
CELL-20,2026-04-05,1.22,1.6562,0,0,1.0,0
CELL-20,2026-04-06,1.301,1.706,0,0,1.0,0
CELL-20,2026-04-07,1.22,1.6467,0,0,1.0,0
CELL-20,2026-04-08,1.301,1.7571,0,0,1.0,0
CELL-20,2026-04-09,1.22,1.649,0,0,1.0,0
CELL-20,2026-04-10,1.301,1.7749,0,0,1.0,0
CELL-20,2026-04-11,1.301,1.7364,0,0,1.0,0
CELL-20,2026-04-12,1.301,1.7284,0,0,1.0,0
CELL-20,2026-04-13,1.388,1.8263,0,0,1.0,0
CELL-20,2026-04-14,1.388,1.8006,0,0,1.0,0
CELL-20,2026-04-15,1.481,1.9648,0,0,1.0,0
CELL-20,2026-04-16,1.581,2.0492,0,0,1.0,0
CELL-20,2026-04-17,1.581,2.098,0,0,1.0,0
CELL-20,2026-04-18,1.388,1.5992,1,0,1.0,0
CELL-20,2026-04-19,1.388,1.8691,0,0,1.0,0
CELL-20,2026-04-20,1.388,1.8144,0,0,1.0,0
CELL-20,2026-04-21,1.301,1.76,0,0,1.0,0
CELL-20,2026-04-22,1.301,1.779,0,0,1.0,0
CELL-20,2026-04-23,1.581,2.1771,0,0,1.0,0
CELL-20,2026-04-24,1.481,2.0375,0,0,1.0,0
CELL-20,2026-04-25,1.481,1.9708,0,0,1.0,0
CELL-20,2026-04-26,1.388,1.8541,0,0,1.0,0
CELL-20,2026-04-27,1.388,1.8163,0,0,1.0,0
CELL-20,2026-04-28,1.22,1.6447,0,0,1.0,0
CELL-20,2026-04-29,1.301,1.7,0,0,1.0,0
CELL-20,2026-04-30,1.301,1.7623,0,0,1.0,0
CELL-20,2026-05-01,1.301,1.7441,0,0,1.0,0
CELL-20,2026-05-02,1.388,1.9092,0,0,1.0,0
CELL-20,2026-05-03,1.481,2.007,0,0,1.0,0
CELL-20,2026-05-04,1.301,1.7212,0,0,1.0,0
CELL-20,2026-05-05,1.22,1.6207,0,0,1.0,0
CELL-20,2026-05-06,1.22,1.6632,0,0,1.0,0
CELL-20,2026-05-07,1.301,1.7904,0,0,1.0,0
CELL-20,2026-05-08,1.388,1.8484,0,0,1.0,0
CELL-20,2026-05-09,1.301,1.7927,0,0,1.0,0
CELL-20,2026-05-10,1.481,1.921,0,0,1.0,0
CELL-20,2026-05-11,1.388,1.8176,0,0,1.0,0
CELL-20,2026-05-12,1.388,1.8097,0,0,1.0,0
CELL-20,2026-05-13,1.388,1.8532,0,0,1.0,0
CELL-20,2026-05-14,1.388,1.8923,0,0,1.0,0
CELL-20,2026-05-15,1.481,1.9237,0,0,1.0,0
CELL-20,2026-05-16,1.481,1.946,0,0,0.49,0
CELL-20,2026-05-17,1.301,1.6847,0,0,1.0,0
CELL-20,2026-05-18,1.143,1.5256,0,0,1.0,0
CELL-20,2026-05-19,1.071,1.4166,0,0,1.0,0
CELL-20,2026-05-20,1.301,1.6909,0,0,1.0,0
CELL-20,2026-05-21,1.388,1.8468,0,0,1.0,0
CELL-20,2026-05-22,1.301,1.7037,0,0,1.0,0
CELL-20,2026-05-23,1.301,1.7658,0,0,1.0,0
CELL-20,2026-05-24,1.388,1.8926,0,0,1.0,0
CELL-20,2026-05-25,1.388,1.8606,0,0,1.0,0
CELL-20,2026-05-26,1.22,1.6672,0,0,1.0,0
CELL-20,2026-05-27,1.388,1.7969,0,0,1.0,0
CELL-20,2026-05-28,1.388,1.9095,0,0,1.0,0
CELL-20,2026-05-29,1.301,1.7822,0,0,1.0,0
CELL-20,2026-05-30,1.481,2.0308,0,0,1.0,0
CELL-20,2026-05-31,1.388,1.8024,0,0,1.0,0
CELL-20,2026-06-01,1.301,1.7074,0,0,1.0,0
CELL-20,2026-06-02,1.22,1.6295,0,0,1.0,0
CELL-20,2026-06-03,1.301,1.7651,0,0,1.0,0
CELL-20,2026-06-04,1.22,1.6012,0,0,1.0,0
CELL-20,2026-06-05,1.143,1.5712,0,0,1.0,0
CELL-20,2026-06-06,1.22,1.6468,0,0,1.0,0
CELL-20,2026-06-07,1.687,2.2046,0,1,1.0,0
CELL-20,2026-06-08,1.22,1.6296,0,0,1.0,0
CELL-20,2026-06-09,1.22,1.0552,2,0,1.0,0
CELL-20,2026-06-10,1.301,1.0952,2,0,1.0,0
CELL-20,2026-06-11,1.301,1.7091,0,0,1.0,0
CELL-20,2026-06-12,1.22,1.6475,0,0,1.0,0
CELL-20,2026-06-13,1.301,1.7664,0,0,1.0,0
CELL-20,2026-06-14,1.301,1.7591,0,0,1.0,0
CELL-20,2026-06-15,1.301,1.7216,0,0,1.0,0
CELL-20,2026-06-16,1.388,1.8515,0,0,1.0,0
CELL-20,2026-06-17,1.388,1.8136,0,0,1.0,0
CELL-20,2026-06-18,1.388,1.8445,0,0,1.0,0
CELL-20,2026-06-19,1.481,1.9373,0,0,1.0,0
CELL-20,2026-06-20,1.301,1.6968,0,0,1.0,0
CELL-20,2026-06-21,1.301,1.773,0,0,1.0,0
CELL-20,2026-06-22,1.388,1.8092,0,0,1.0,0
CELL-20,2026-06-23,1.301,1.7618,0,0,1.0,0
CELL-20,2026-06-24,1.301,1.7421,0,0,1.0,0
CELL-20,2026-06-25,1.388,1.8005,0,0,1.0,0
CELL-20,2026-06-26,1.22,1.659,0,0,1.0,0
CELL-20,2026-06-27,1.301,1.7336,0,0,1.0,0
CELL-20,2026-06-28,1.388,1.8025,0,0,1.0,0
CELL-20,2026-06-29,1.388,1.8521,0,0,1.0,0
CELL-20,2026-06-30,1.388,1.8522,0,0,1.0,0
CELL-20,2026-07-01,1.481,2.0297,0,0,1.0,0
CELL-20,2026-07-02,1.301,1.7696,0,0,1.0,0
CELL-20,2026-07-03,1.388,1.8775,0,0,1.0,0
CELL-20,2026-07-04,1.481,1.9729,0,0,1.0,0
CELL-20,2026-07-05,1.388,1.8094,0,0,1.0,0
CELL-20,2026-07-06,1.301,1.7469,0,0,1.0,0
CELL-20,2026-07-07,1.301,1.7211,0,0,1.0,0
CELL-20,2026-07-08,1.301,1.7307,0,0,1.0,0
CELL-20,2026-07-09,1.301,1.7667,0,0,1.0,0
CELL-20,2026-07-10,1.388,1.8791,0,0,1.0,0
CELL-20,2026-07-11,1.301,1.7758,0,0,1.0,0
CELL-20,2026-07-12,1.301,1.7668,0,0,1.0,0
CELL-20,2026-07-13,1.388,1.9016,0,0,1.0,0
CELL-20,2026-07-14,1.388,1.8297,0,0,1.0,0
CELL-20,2026-07-15,1.481,1.9746,0,0,1.0,0
CELL-20,2026-07-16,1.481,2.0421,0,0,1.0,0
CELL-20,2026-07-17,1.581,1.3238,2,0,1.0,0
CELL-20,2026-07-18,1.388,1.2112,2,0,1.0,0
CELL-20,2026-07-19,1.301,1.7183,0,0,1.0,0
CELL-20,2026-07-20,1.22,1.5942,0,0,1.0,0
CELL-20,2026-07-21,1.22,1.61,0,0,1.0,0
CELL-20,2026-07-22,1.301,1.7125,0,0,1.0,0
CELL-20,2026-07-23,1.22,1.6525,0,0,1.0,0
CELL-20,2026-07-24,1.22,1.6664,0,0,1.0,0
CELL-20,2026-07-25,1.143,1.548,0,0,1.0,0
CELL-20,2026-07-26,1.301,1.7292,0,0,1.0,0
CELL-20,2026-07-27,1.22,1.6615,0,0,1.0,0
CELL-20,2026-07-28,1.22,1.6143,0,0,1.0,0
CELL-20,2026-07-29,1.22,1.6464,0,0,1.0,0
CELL-20,2026-07-30,1.301,1.7315,0,0,1.0,0
CELL-20,2026-07-31,1.388,1.8715,0,0,1.0,0
CELL-20,2026-08-01,1.301,1.7102,0,0,0.6,0
CELL-20,2026-08-02,1.301,1.709,0,0,1.0,0
CELL-20,2026-08-03,1.22,1.6216,0,0,1.0,0
CELL-20,2026-08-04,1.143,1.5476,0,0,1.0,0
CELL-20,2026-08-05,1.22,1.626,0,0,1.0,0
CELL-20,2026-08-06,1.301,1.7603,0,0,1.0,0
CELL-20,2026-08-07,1.388,1.8539,0,0,1.0,0
CELL-20,2026-08-08,1.481,1.9733,0,0,1.0,0
CELL-20,2026-08-09,1.581,2.0642,0,0,1.0,0
CELL-20,2026-08-10,1.388,1.8777,0,0,1.0,0
CELL-20,2026-08-11,1.301,1.7009,0,0,1.0,0
CELL-20,2026-08-12,1.481,1.9381,0,0,1.0,0
CELL-20,2026-08-13,1.481,1.9251,0,0,1.0,0
CELL-20,2026-08-14,1.388,1.8153,0,0,1.0,0
CELL-20,2026-08-15,1.388,1.8751,0,0,1.0,0
CELL-20,2026-08-16,1.301,1.7775,0,0,1.0,0
CELL-20,2026-08-17,1.22,1.6589,0,0,1.0,0
CELL-20,2026-08-18,1.301,1.7895,0,0,1.0,0
CELL-20,2026-08-19,1.388,1.8516,0,0,1.0,0
CELL-20,2026-08-20,1.388,1.8975,0,0,1.0,0
CELL-20,2026-08-21,1.388,1.9012,0,0,1.0,0
CELL-20,2026-08-22,1.388,1.8011,0,0,1.0,0
CELL-20,2026-08-23,1.22,1.5915,0,0,1.0,0
CELL-20,2026-08-24,1.071,1.4745,0,0,1.0,0
CELL-20,2026-08-25,1.22,1.6247,0,0,1.0,0
CELL-20,2026-08-26,1.301,1.7565,0,0,1.0,0
CELL-20,2026-08-27,1.301,1.7211,0,0,1.0,0
CELL-20,2026-08-28,1.301,1.7053,0,0,1.0,0
CELL-20,2026-08-29,1.301,1.7601,0,0,1.0,0
CELL-20,2026-08-30,1.388,1.8562,0,0,1.0,0
CELL-20,2026-08-31,1.301,1.6848,0,0,1.0,0
CELL-20,2026-09-01,1.301,1.7615,0,0,1.0,0
CELL-20,2026-09-02,1.22,1.6779,0,0,1.0,0
CELL-20,2026-09-03,1.22,1.6657,0,0,1.0,0
CELL-20,2026-09-04,1.301,1.6957,0,0,1.0,0
CELL-20,2026-09-05,1.481,1.9189,0,0,1.0,0
CELL-20,2026-09-06,1.301,1.7861,0,0,1.0,0
CELL-20,2026-09-07,1.301,1.7801,0,0,1.0,0
CELL-20,2026-09-08,1.301,1.7339,0,0,1.0,0
CELL-20,2026-09-09,1.301,1.7217,0,0,1.0,0
CELL-20,2026-09-10,1.301,1.6983,0,0,1.0,0
CELL-20,2026-09-11,1.301,1.7373,0,0,1.0,0
CELL-20,2026-09-12,1.22,1.6757,0,0,1.0,0
CELL-20,2026-09-13,1.143,1.5087,0,0,1.0,0
CELL-20,2026-09-14,1.22,1.5863,0,0,1.0,0
CELL-20,2026-09-15,1.301,1.71,0,0,1.0,0
CELL-20,2026-09-16,1.22,1.6636,0,0,1.0,0
CELL-20,2026-09-17,1.388,1.8475,0,0,1.0,0
CELL-20,2026-09-18,1.388,1.8156,0,0,1.0,0
CELL-20,2026-09-19,1.388,1.8529,0,0,1.0,0
CELL-20,2026-09-20,1.388,1.8964,0,0,1.0,0
CELL-20,2026-09-21,1.388,1.8398,0,0,1.0,0
CELL-20,2026-09-22,1.388,1.8174,0,0,1.0,0
CELL-20,2026-09-23,1.388,1.8992,0,0,1.0,0
CELL-20,2026-09-24,1.481,1.9674,0,0,1.0,0
CELL-20,2026-09-25,1.388,1.8125,0,0,1.0,0
CELL-20,2026-09-26,1.388,1.7998,0,0,1.0,0
CELL-20,2026-09-27,1.301,1.7136,0,0,1.0,0
CELL-21,2026-04-01,1.388,2.2069,0,0,1.0,0
CELL-21,2026-04-02,1.388,2.218,0,0,1.0,0
CELL-21,2026-04-03,1.388,2.1248,0,0,1.0,0
CELL-21,2026-04-04,1.301,2.0741,0,0,1.0,0
CELL-21,2026-04-05,1.388,2.228,0,0,1.0,0
CELL-21,2026-04-06,1.301,2.0468,0,0,1.0,0
CELL-21,2026-04-07,1.301,2.0653,0,0,1.0,0
CELL-21,2026-04-08,1.301,2.0877,0,0,1.0,0
CELL-21,2026-04-09,1.481,2.2767,0,0,1.0,0
CELL-21,2026-04-10,1.388,2.1562,0,0,1.0,0
CELL-21,2026-04-11,1.481,2.3331,0,0,1.0,0
CELL-21,2026-04-12,1.388,2.2485,0,0,1.0,0
CELL-21,2026-04-13,1.481,2.2779,0,0,1.0,0
CELL-21,2026-04-14,1.301,1.9939,0,0,1.0,0
CELL-21,2026-04-15,1.388,2.18,0,0,1.0,0
CELL-21,2026-04-16,1.481,2.3407,0,0,1.0,0
CELL-21,2026-04-17,1.687,2.5807,0,0,1.0,0
CELL-21,2026-04-18,1.581,2.418,0,0,1.0,0
CELL-21,2026-04-19,1.687,2.5069,0,0,1.0,0
CELL-21,2026-04-20,1.481,2.3614,0,0,1.0,0
CELL-21,2026-04-21,1.481,2.3979,0,0,1.0,0
CELL-21,2026-04-22,1.388,2.2333,0,0,1.0,0
CELL-21,2026-04-23,1.388,2.1872,0,0,1.0,0
CELL-21,2026-04-24,1.22,1.971,0,0,1.0,0
CELL-21,2026-04-25,1.143,1.7814,0,0,1.0,0
CELL-21,2026-04-26,1.22,2.0252,0,0,1.0,0
CELL-21,2026-04-27,1.22,1.8959,0,0,1.0,0
CELL-21,2026-04-28,1.22,1.9264,0,0,1.0,0
CELL-21,2026-04-29,1.22,1.9863,0,0,1.0,0
CELL-21,2026-04-30,1.301,1.9728,0,0,1.0,0
CELL-21,2026-05-01,1.301,2.0909,0,0,1.0,0
CELL-21,2026-05-02,1.301,2.1715,0,0,1.0,0
CELL-21,2026-05-03,1.301,2.0467,0,0,1.0,0
CELL-21,2026-05-04,1.071,1.7133,2,0,1.0,0
CELL-21,2026-05-05,1.071,1.6276,2,0,1.0,0
CELL-21,2026-05-06,1.301,2.0482,0,0,1.0,0
CELL-21,2026-05-07,1.388,2.1564,0,0,1.0,0
CELL-21,2026-05-08,1.301,2.0668,0,0,1.0,0
CELL-21,2026-05-09,1.22,2.0271,0,0,1.0,0
CELL-21,2026-05-10,1.301,2.0225,0,0,1.0,0
CELL-21,2026-05-11,1.301,2.1193,0,0,1.0,0
CELL-21,2026-05-12,1.22,1.9628,0,0,1.0,0
CELL-21,2026-05-13,1.301,2.1147,0,0,1.0,0
CELL-21,2026-05-14,1.22,2.0393,0,0,1.0,0
CELL-21,2026-05-15,1.301,2.079,0,0,1.0,0
CELL-21,2026-05-16,1.388,2.1559,0,0,1.0,0
CELL-21,2026-05-17,1.301,2.0804,0,0,1.0,0
CELL-21,2026-05-18,1.388,2.2195,0,0,1.0,0
CELL-21,2026-05-19,1.301,2.1165,0,0,1.0,0
CELL-21,2026-05-20,1.388,2.2476,0,0,1.0,0
CELL-21,2026-05-21,1.388,2.1874,0,0,1.0,0
CELL-21,2026-05-22,1.388,2.3182,0,0,1.0,1
CELL-21,2026-05-23,1.388,2.1326,0,0,1.0,0
CELL-21,2026-05-24,1.301,2.055,0,0,1.0,0
CELL-21,2026-05-25,1.301,1.9316,0,0,1.0,0
CELL-21,2026-05-26,1.388,2.0574,0,0,1.0,0
CELL-21,2026-05-27,1.301,2.094,0,0,1.0,0
CELL-21,2026-05-28,1.481,2.266,0,0,1.0,0
CELL-21,2026-05-29,1.388,2.2049,0,0,1.0,0
CELL-21,2026-05-30,1.22,1.8176,2,0,1.0,0
CELL-21,2026-05-31,1.388,2.1912,0,0,1.0,0
CELL-21,2026-06-01,1.22,1.9862,0,0,1.0,0
CELL-21,2026-06-02,1.481,2.2959,0,0,1.0,0
CELL-21,2026-06-03,1.388,2.2637,0,0,1.0,0
CELL-21,2026-06-04,1.301,2.2511,0,0,1.0,0
CELL-21,2026-06-05,1.481,2.335,0,0,1.0,0
CELL-21,2026-06-06,1.388,2.3191,0,0,1.0,0
CELL-21,2026-06-07,1.301,2.0452,0,0,1.0,0
CELL-21,2026-06-08,1.301,2.0089,0,0,1.0,0
CELL-21,2026-06-09,1.301,2.1118,0,0,1.0,0
CELL-21,2026-06-10,1.481,2.3265,0,0,1.0,0
CELL-21,2026-06-11,1.481,2.4065,0,0,1.0,0
CELL-21,2026-06-12,1.481,2.3752,0,0,1.0,0
CELL-21,2026-06-13,1.481,2.3311,0,0,1.0,0
CELL-21,2026-06-14,1.301,2.2027,0,0,1.0,0
CELL-21,2026-06-15,1.388,2.1478,0,0,1.0,0
CELL-21,2026-06-16,1.301,2.0564,0,0,1.0,0
CELL-21,2026-06-17,1.388,2.2152,0,0,1.0,0
CELL-21,2026-06-18,1.22,2.0332,1,0,1.0,0
CELL-21,2026-06-19,1.388,2.2606,0,0,1.0,0
CELL-21,2026-06-20,1.581,2.4903,0,0,1.0,0
CELL-21,2026-06-21,1.388,2.2418,0,0,1.0,0
CELL-21,2026-06-22,1.301,2.1493,0,0,1.0,0
CELL-21,2026-06-23,1.301,2.249,0,0,1.0,0
CELL-21,2026-06-24,1.388,2.2075,0,0,1.0,0
CELL-21,2026-06-25,1.481,2.3575,0,0,1.0,0
CELL-21,2026-06-26,1.481,2.4131,0,0,1.0,0
CELL-21,2026-06-27,1.481,2.3398,0,0,1.0,0
CELL-21,2026-06-28,1.388,2.2077,0,0,1.0,0
CELL-21,2026-06-29,1.481,2.1982,0,0,1.0,0
CELL-21,2026-06-30,1.301,2.1146,0,0,1.0,0
CELL-21,2026-07-01,1.388,2.1346,0,0,1.0,0
CELL-21,2026-07-02,1.301,2.0985,0,0,1.0,0
CELL-21,2026-07-03,1.92,2.9959,0,1,1.0,0
CELL-21,2026-07-04,1.481,2.3545,0,0,1.0,0
CELL-21,2026-07-05,1.388,2.1873,0,0,1.0,0
CELL-21,2026-07-06,1.301,2.1601,0,0,1.0,0
CELL-21,2026-07-07,1.481,2.302,0,0,1.0,0
CELL-21,2026-07-08,1.481,2.3099,0,0,1.0,0
CELL-21,2026-07-09,1.687,2.5011,0,0,1.0,0
CELL-21,2026-07-10,1.581,2.519,0,0,1.0,0
CELL-21,2026-07-11,1.481,2.3024,0,0,1.0,0
CELL-21,2026-07-12,1.581,2.4349,0,0,1.0,0
CELL-21,2026-07-13,1.388,2.152,0,0,1.0,0
CELL-21,2026-07-14,1.301,2.0881,0,0,1.0,0
CELL-21,2026-07-15,1.301,2.1742,0,0,1.0,0
CELL-21,2026-07-16,1.481,2.2716,0,0,1.0,0
CELL-21,2026-07-17,1.388,2.2443,0,0,1.0,0
CELL-21,2026-07-18,1.301,2.09,0,0,1.0,0
CELL-21,2026-07-19,1.301,2.0811,0,0,1.0,0
CELL-21,2026-07-20,1.301,2.0027,0,0,1.0,0
CELL-21,2026-07-21,1.22,1.9144,0,0,1.0,0
CELL-21,2026-07-22,1.388,2.2348,0,0,1.0,0
CELL-21,2026-07-23,1.481,2.2697,0,0,1.0,0
CELL-21,2026-07-24,1.481,2.2823,0,0,1.0,0
CELL-21,2026-07-25,1.481,2.2843,0,0,1.0,0
CELL-21,2026-07-26,1.481,2.2952,0,0,1.0,0
CELL-21,2026-07-27,1.481,2.3603,0,0,1.0,0
CELL-21,2026-07-28,1.388,2.1345,0,0,1.0,0
CELL-21,2026-07-29,1.481,2.275,0,0,1.0,0
CELL-21,2026-07-30,1.301,2.1607,0,0,1.0,0
CELL-21,2026-07-31,1.481,2.3839,0,0,1.0,0
CELL-21,2026-08-01,1.301,2.1487,0,0,1.0,0
CELL-21,2026-08-02,1.581,2.3465,0,0,1.0,0
CELL-21,2026-08-03,1.388,2.1328,0,0,1.0,0
CELL-21,2026-08-04,1.301,1.9979,0,0,1.0,0
CELL-21,2026-08-05,1.301,2.0934,0,0,1.0,0
CELL-21,2026-08-06,1.301,2.1759,0,0,1.0,0
CELL-21,2026-08-07,1.388,2.1689,0,0,1.0,0
CELL-21,2026-08-08,1.388,2.2053,0,0,1.0,0
CELL-21,2026-08-09,1.388,2.2288,0,0,1.0,0
CELL-21,2026-08-10,1.301,2.1051,0,0,1.0,0
CELL-21,2026-08-11,1.301,1.9948,0,0,1.0,0
CELL-21,2026-08-12,1.301,2.1713,0,0,1.0,0
CELL-21,2026-08-13,1.481,2.2844,0,0,1.0,0
CELL-21,2026-08-14,1.301,2.1228,0,0,1.0,0
CELL-21,2026-08-15,1.301,2.0844,0,0,1.0,0
CELL-21,2026-08-16,1.301,2.0885,0,0,1.0,0
CELL-21,2026-08-17,1.22,2.038,0,0,1.0,0
CELL-21,2026-08-18,1.301,2.1199,0,0,1.0,0
CELL-21,2026-08-19,1.481,2.2688,0,0,1.0,0
CELL-21,2026-08-20,1.388,2.3179,0,0,1.0,0
CELL-21,2026-08-21,1.301,2.1753,0,0,1.0,0
CELL-21,2026-08-22,1.143,1.854,2,0,1.0,0
CELL-21,2026-08-23,1.071,1.7421,2,0,1.0,0
CELL-21,2026-08-24,1.22,2.0369,0,0,1.0,0
CELL-21,2026-08-25,1.301,2.1219,0,0,1.0,0
CELL-21,2026-08-26,1.388,2.243,0,0,1.0,0
CELL-21,2026-08-27,1.388,2.1484,0,0,1.0,0
CELL-21,2026-08-28,1.301,2.0766,0,0,1.0,0
CELL-21,2026-08-29,1.301,2.0325,0,0,1.0,0
CELL-21,2026-08-30,1.388,2.1464,0,0,1.0,0
CELL-21,2026-08-31,1.301,2.0109,0,0,1.0,0
CELL-21,2026-09-01,1.301,2.0769,0,0,1.0,0
CELL-21,2026-09-02,1.388,2.2262,0,0,1.0,0
CELL-21,2026-09-03,1.481,2.3889,0,0,1.0,0
CELL-21,2026-09-04,1.388,2.1899,0,0,1.0,0
CELL-21,2026-09-05,1.481,2.3129,0,0,1.0,0
CELL-21,2026-09-06,1.581,2.5547,0,0,1.0,0
CELL-21,2026-09-07,1.481,2.3795,0,0,1.0,0
CELL-21,2026-09-08,1.388,2.2431,0,0,1.0,0
CELL-21,2026-09-09,1.388,2.2381,0,0,1.0,0
CELL-21,2026-09-10,1.388,2.1324,0,0,1.0,0
CELL-21,2026-09-11,1.481,2.201,0,0,1.0,0
CELL-21,2026-09-12,1.388,2.1673,0,0,1.0,0
CELL-21,2026-09-13,1.388,2.1317,0,0,1.0,0
CELL-21,2026-09-14,1.071,1.8079,1,0,1.0,0
CELL-21,2026-09-15,1.071,1.7816,1,0,1.0,0
CELL-21,2026-09-16,1.388,2.1266,0,0,1.0,0
CELL-21,2026-09-17,1.481,2.3151,0,0,1.0,0
CELL-21,2026-09-18,1.388,2.2586,0,0,1.0,0
CELL-21,2026-09-19,1.581,2.4353,0,0,1.0,0
CELL-21,2026-09-20,1.581,2.3493,0,0,1.0,0
CELL-21,2026-09-21,1.388,2.2586,0,0,1.0,0
CELL-21,2026-09-22,1.301,2.1594,0,0,1.0,0
CELL-21,2026-09-23,1.388,2.2325,0,0,1.0,0
CELL-21,2026-09-24,1.301,2.162,0,0,1.0,0
CELL-21,2026-09-25,1.481,2.3378,0,0,1.0,0
CELL-21,2026-09-26,1.388,2.2356,0,0,1.0,0
CELL-21,2026-09-27,1.301,2.0159,0,0,1.0,0
CELL-22,2026-04-01,3.443,5.4268,0,0,1.0,0
CELL-22,2026-04-02,3.673,5.6003,0,0,1.0,0
CELL-22,2026-04-03,3.673,5.5668,0,0,1.0,0
CELL-22,2026-04-04,3.673,5.7075,0,0,1.0,0
CELL-22,2026-04-05,3.673,5.5426,0,0,1.0,0
CELL-22,2026-04-06,3.443,5.256,0,0,1.0,0
CELL-22,2026-04-07,3.443,5.2866,0,0,1.0,0
CELL-22,2026-04-08,3.673,5.7837,0,0,1.0,0
CELL-22,2026-04-09,3.673,5.7358,0,0,1.0,0
CELL-22,2026-04-10,3.673,5.8023,0,0,1.0,0
CELL-22,2026-04-11,3.92,6.1656,0,0,1.0,0
CELL-22,2026-04-12,3.673,5.4345,0,0,1.0,0
CELL-22,2026-04-13,3.226,4.9158,0,0,1.0,0
CELL-22,2026-04-14,4.462,7.0199,0,1,1.0,0
CELL-22,2026-04-15,3.443,5.0882,0,0,1.0,0
CELL-22,2026-04-16,3.673,5.5558,0,0,1.0,0
CELL-22,2026-04-17,3.443,5.4077,0,0,1.0,0
CELL-22,2026-04-18,3.92,5.8446,0,0,1.0,0
CELL-22,2026-04-19,3.443,5.3644,0,0,1.0,0
CELL-22,2026-04-20,3.673,5.4757,0,0,1.0,0
CELL-22,2026-04-21,3.443,5.3472,0,0,1.0,0
CELL-22,2026-04-22,3.673,5.5559,0,0,1.0,0
CELL-22,2026-04-23,3.92,5.9904,0,0,1.0,0
CELL-22,2026-04-24,3.92,5.9193,0,0,1.0,0
CELL-22,2026-04-25,3.673,5.8014,0,0,1.0,0
CELL-22,2026-04-26,3.443,5.2647,0,0,1.0,0
CELL-22,2026-04-27,3.443,5.1403,0,0,1.0,0
CELL-22,2026-04-28,3.226,4.9319,0,0,1.0,0
CELL-22,2026-04-29,3.673,5.6109,0,0,1.0,0
CELL-22,2026-04-30,3.673,5.6733,0,0,1.0,0
CELL-22,2026-05-01,3.673,5.5615,0,0,1.0,0
CELL-22,2026-05-02,3.673,5.7112,0,0,1.0,0
CELL-22,2026-05-03,3.92,5.8359,0,0,1.0,0
CELL-22,2026-05-04,3.443,5.328,0,0,1.0,0
CELL-22,2026-05-05,3.443,5.2194,0,0,1.0,0
CELL-22,2026-05-06,3.226,5.0724,0,0,1.0,0
CELL-22,2026-05-07,3.92,5.8527,0,0,1.0,0
CELL-22,2026-05-08,3.673,5.5948,0,0,1.0,0
CELL-22,2026-05-09,3.443,5.168,0,0,1.0,0
CELL-22,2026-05-10,3.92,5.8329,0,0,1.0,0
CELL-22,2026-05-11,3.443,5.4147,0,0,1.0,0
CELL-22,2026-05-12,3.443,5.1358,0,0,1.0,0
CELL-22,2026-05-13,3.443,5.2399,0,0,1.0,0
CELL-22,2026-05-14,3.673,5.6373,0,0,1.0,0
CELL-22,2026-05-15,3.673,5.4426,0,0,1.0,0
CELL-22,2026-05-16,3.673,5.4524,0,0,1.0,0
CELL-22,2026-05-17,3.673,5.5343,0,0,1.0,0
CELL-22,2026-05-18,3.443,5.1188,0,0,1.0,0
CELL-22,2026-05-19,3.443,5.2263,0,0,1.0,0
CELL-22,2026-05-20,3.024,4.666,0,0,1.0,0
CELL-22,2026-05-21,3.226,5.0811,0,0,1.0,0
CELL-22,2026-05-22,3.673,5.6662,0,0,1.0,0
CELL-22,2026-05-23,3.673,5.7461,0,0,1.0,0
CELL-22,2026-05-24,3.443,5.251,0,0,1.0,0
CELL-22,2026-05-25,3.226,5.0498,0,0,1.0,0
CELL-22,2026-05-26,3.226,4.8912,0,0,1.0,0
CELL-22,2026-05-27,3.673,5.5784,0,0,1.0,0
CELL-22,2026-05-28,3.673,5.7695,0,0,1.0,0
CELL-22,2026-05-29,3.92,6.0347,0,0,1.0,0
CELL-22,2026-05-30,3.673,5.7632,0,0,1.0,0
CELL-22,2026-05-31,3.92,5.8524,0,0,1.0,0
CELL-22,2026-06-01,3.024,4.6094,0,0,1.0,1
CELL-22,2026-06-02,3.024,4.4801,0,0,1.0,0
CELL-22,2026-06-03,2.489,4.5506,0,0,1.0,0
CELL-22,2026-06-04,3.024,4.7539,0,0,1.0,0
CELL-22,2026-06-05,3.226,4.9443,0,0,1.0,0
CELL-22,2026-06-06,2.834,4.4522,0,0,1.0,0
CELL-22,2026-06-07,3.024,4.5476,0,0,1.0,0
CELL-22,2026-06-08,2.834,4.2765,0,0,1.0,0
CELL-22,2026-06-09,2.656,4.1425,0,0,1.0,0
CELL-22,2026-06-10,2.834,4.3681,0,0,1.0,0
CELL-22,2026-06-11,2.834,4.3487,0,0,1.0,0
CELL-22,2026-06-12,3.92,5.8939,0,1,1.0,0
CELL-22,2026-06-13,3.92,5.913,0,1,1.0,0
CELL-22,2026-06-14,2.834,4.3062,0,0,1.0,0
CELL-22,2026-06-15,2.656,4.1029,0,0,1.0,0
CELL-22,2026-06-16,2.489,3.816,0,0,1.0,0
CELL-22,2026-06-17,2.656,4.1026,0,0,1.0,0
CELL-22,2026-06-18,3.92,6.0723,0,1,1.0,0
CELL-22,2026-06-19,3.92,5.9714,0,1,1.0,0
CELL-22,2026-06-20,3.92,6.0084,0,1,1.0,0
CELL-22,2026-06-21,2.834,4.3584,0,0,1.0,0
CELL-22,2026-06-22,2.656,4.1668,0,0,1.0,0
CELL-22,2026-06-23,2.656,4.0527,0,0,1.0,0
CELL-22,2026-06-24,3.92,6.0507,0,1,1.0,0
CELL-22,2026-06-25,3.92,5.8393,0,1,1.0,0
CELL-22,2026-06-26,3.024,4.6245,0,0,1.0,0
CELL-22,2026-06-27,3.226,4.8137,0,0,1.0,0
CELL-22,2026-06-28,2.834,4.4768,0,0,1.0,0
CELL-22,2026-06-29,2.834,4.1886,0,0,1.0,0
CELL-22,2026-06-30,2.656,4.0504,0,0,1.0,0
CELL-22,2026-07-01,2.656,4.0855,0,0,1.0,0
CELL-22,2026-07-02,3.92,6.0945,0,1,1.0,0
CELL-22,2026-07-03,4.182,6.5928,0,1,1.0,0
CELL-22,2026-07-04,3.226,4.8519,0,0,1.0,0
CELL-22,2026-07-05,3.024,4.5417,0,0,1.0,0
CELL-22,2026-07-06,2.834,4.3163,0,0,1.0,0
CELL-22,2026-07-07,2.656,4.1547,0,0,1.0,0
CELL-22,2026-07-08,3.024,4.5752,0,0,1.0,0
CELL-22,2026-07-09,3.024,4.5053,0,0,1.0,0
CELL-22,2026-07-10,3.024,4.6061,0,0,1.0,0
CELL-22,2026-07-11,3.024,4.5001,0,0,1.0,0
CELL-22,2026-07-12,3.024,4.6147,0,0,1.0,0
CELL-22,2026-07-13,3.024,4.5385,0,0,0.45,0
CELL-22,2026-07-14,2.489,3.8667,0,0,1.0,1
CELL-22,2026-07-15,2.656,3.999,0,0,1.0,0
CELL-22,2026-07-16,2.489,3.7971,0,0,1.0,0
CELL-22,2026-07-17,2.656,4.1698,0,0,1.0,0
CELL-22,2026-07-18,2.834,4.3826,0,0,1.0,0
CELL-22,2026-07-19,2.656,3.952,0,0,1.0,0
CELL-22,2026-07-20,2.333,3.5045,0,0,1.0,0
CELL-22,2026-07-21,3.024,4.6022,0,1,1.0,0
CELL-22,2026-07-22,2.489,3.8669,0,0,1.0,0
CELL-22,2026-07-23,2.489,3.8676,0,0,1.0,0
CELL-22,2026-07-24,2.489,3.8741,0,0,1.0,0
CELL-22,2026-07-25,2.489,3.7905,0,0,1.0,0
CELL-22,2026-07-26,2.489,3.7235,0,0,1.0,0
CELL-22,2026-07-27,2.489,3.7576,0,0,1.0,0
CELL-22,2026-07-28,2.186,3.4471,0,0,1.0,0
CELL-22,2026-07-29,2.489,3.7219,0,0,1.0,0
CELL-22,2026-07-30,2.656,3.9372,0,0,1.0,0
CELL-22,2026-07-31,2.489,3.7282,0,0,1.0,0
CELL-22,2026-08-01,2.489,3.8434,0,0,1.0,0
CELL-22,2026-08-02,2.489,3.7764,0,0,1.0,0
CELL-22,2026-08-03,2.489,3.8351,0,0,1.0,0
CELL-22,2026-08-04,2.333,3.474,0,0,1.0,0
CELL-22,2026-08-05,2.333,3.6585,0,0,1.0,0
CELL-22,2026-08-06,2.489,3.441,2,0,1.0,0
CELL-22,2026-08-07,2.656,4.1809,0,0,1.0,0
CELL-22,2026-08-08,2.834,4.2054,0,0,1.0,0
CELL-22,2026-08-09,2.834,4.4388,0,0,1.0,0
CELL-22,2026-08-10,2.489,3.8541,0,0,1.0,0
CELL-22,2026-08-11,2.489,3.8132,0,0,1.0,0
CELL-22,2026-08-12,2.656,4.1109,0,0,1.0,0
CELL-22,2026-08-13,2.656,4.0602,0,0,1.0,0
CELL-22,2026-08-14,2.656,3.9846,0,0,1.0,0
CELL-22,2026-08-15,2.333,3.528,0,0,1.0,0
CELL-22,2026-08-16,2.186,3.447,0,0,1.0,0
CELL-22,2026-08-17,1.8,3.4501,0,0,1.0,0
CELL-22,2026-08-18,2.489,3.7146,0,0,1.0,0
CELL-22,2026-08-19,2.834,4.1936,0,0,1.0,0
CELL-22,2026-08-20,3.024,4.6197,0,0,1.0,0
CELL-22,2026-08-21,2.834,4.3502,0,0,1.0,0
CELL-22,2026-08-22,2.834,4.2462,0,0,1.0,0
CELL-22,2026-08-23,2.489,3.875,0,0,1.0,0
CELL-22,2026-08-24,2.186,3.3356,0,0,1.0,0
CELL-22,2026-08-25,2.333,3.6341,0,0,1.0,0
CELL-22,2026-08-26,2.489,3.8857,0,0,1.0,0
CELL-22,2026-08-27,2.834,4.2065,0,0,1.0,0
CELL-22,2026-08-28,3.024,4.588,0,0,1.0,0
CELL-22,2026-08-29,2.834,4.2744,0,0,1.0,0
CELL-22,2026-08-30,2.834,4.2078,0,0,1.0,0
CELL-22,2026-08-31,2.489,3.8857,0,0,1.0,0
CELL-22,2026-09-01,2.489,3.7034,0,0,1.0,0
CELL-22,2026-09-02,2.656,3.96,0,0,1.0,0
CELL-22,2026-09-03,2.834,4.2192,0,0,1.0,0
CELL-22,2026-09-04,3.226,5.0275,0,1,1.0,1
CELL-22,2026-09-05,3.024,4.5639,0,1,1.0,0
CELL-22,2026-09-06,2.656,4.1875,0,1,1.0,0
CELL-22,2026-09-07,2.049,3.1574,0,0,1.0,0
CELL-22,2026-09-08,2.049,3.0973,0,0,1.0,0
CELL-22,2026-09-09,2.186,3.4296,0,0,1.0,0
CELL-22,2026-09-10,2.186,3.4108,0,0,1.0,0
CELL-22,2026-09-11,2.333,3.4592,0,0,1.0,0
CELL-22,2026-09-12,2.186,3.2583,0,0,1.0,0
CELL-22,2026-09-13,2.186,3.3185,0,0,1.0,0
CELL-22,2026-09-14,2.049,3.1192,0,0,1.0,0
CELL-22,2026-09-15,2.186,3.2404,0,0,1.0,0
CELL-22,2026-09-16,2.186,3.4081,0,0,1.0,0
CELL-22,2026-09-17,2.333,3.5532,0,0,1.0,0
CELL-22,2026-09-18,2.333,3.6347,0,0,1.0,0
CELL-22,2026-09-19,2.489,3.7249,0,0,1.0,0
CELL-22,2026-09-20,2.333,3.517,0,0,1.0,0
CELL-22,2026-09-21,2.049,3.229,0,0,1.0,0
CELL-22,2026-09-22,2.186,3.3071,0,0,1.0,0
CELL-22,2026-09-23,2.186,3.3602,0,0,1.0,0
CELL-22,2026-09-24,2.489,3.6893,0,0,1.0,0
CELL-22,2026-09-25,2.333,3.5876,0,0,1.0,0
CELL-22,2026-09-26,2.489,3.791,0,0,1.0,0
CELL-22,2026-09-27,2.333,3.6172,0,0,1.0,0
CELL-23,2026-04-01,1.004,1.0935,0,0,1.0,0
CELL-23,2026-04-02,1.071,1.0978,0,0,1.0,0
CELL-23,2026-04-03,1.071,1.1164,0,0,1.0,0
CELL-23,2026-04-04,1.071,1.0834,0,0,1.0,0
CELL-23,2026-04-05,1.071,1.1279,0,0,1.0,0
CELL-23,2026-04-06,1.004,1.0604,0,0,1.0,0
CELL-23,2026-04-07,1.004,1.0472,0,0,1.0,0
CELL-23,2026-04-08,1.143,1.1498,0,0,1.0,0
CELL-23,2026-04-09,1.143,1.1947,0,0,1.0,0
CELL-23,2026-04-10,1.143,1.1603,0,0,1.0,0
CELL-23,2026-04-11,1.071,1.0998,0,0,1.0,0
CELL-23,2026-04-12,1.071,1.1065,0,0,1.0,0
CELL-23,2026-04-13,1.071,1.1154,0,0,1.0,0
CELL-23,2026-04-14,1.004,1.0572,0,0,1.0,0
CELL-23,2026-04-15,1.071,1.1392,0,0,1.0,0
CELL-23,2026-04-16,1.071,1.1082,0,0,1.0,0
CELL-23,2026-04-17,1.143,1.1768,0,0,1.0,0
CELL-23,2026-04-18,0.941,0.9484,0,0,1.0,1
CELL-23,2026-04-19,1.143,1.2155,0,1,1.0,0
CELL-23,2026-04-20,1.071,1.1349,0,1,1.0,0
CELL-23,2026-04-21,1.004,1.0633,0,1,1.0,0
CELL-23,2026-04-22,0.826,0.8435,0,0,1.0,0
CELL-23,2026-04-23,0.826,0.8306,0,0,1.0,0
CELL-23,2026-04-24,0.882,0.9381,0,0,1.0,0
CELL-23,2026-04-25,0.941,0.9796,0,0,1.0,0
CELL-23,2026-04-26,0.941,0.9817,0,0,1.0,0
CELL-23,2026-04-27,0.882,0.9278,0,0,1.0,0
CELL-23,2026-04-28,0.774,0.7854,0,0,1.0,0
CELL-23,2026-04-29,0.826,0.872,0,0,1.0,1
CELL-23,2026-04-30,0.941,0.9685,0,0,1.0,0
CELL-23,2026-05-01,1.004,1.0518,0,0,1.0,0
CELL-23,2026-05-02,0.882,0.9225,0,0,1.0,0
CELL-23,2026-05-03,0.826,0.8765,0,0,1.0,0
CELL-23,2026-05-04,0.774,0.8412,0,0,1.0,0
CELL-23,2026-05-05,0.882,0.9039,0,0,1.0,0
CELL-23,2026-05-06,0.941,0.9712,0,0,1.0,0
CELL-23,2026-05-07,1.004,1.0112,0,0,1.0,0
CELL-23,2026-05-08,0.882,0.9265,0,0,1.0,0
CELL-23,2026-05-09,0.882,0.9334,0,0,1.0,0
CELL-23,2026-05-10,0.882,0.9036,0,0,1.0,0
CELL-23,2026-05-11,0.774,0.8417,0,0,1.0,0
CELL-23,2026-05-12,0.826,0.8734,0,0,1.0,0
CELL-23,2026-05-13,0.826,0.8619,0,0,1.0,0
CELL-23,2026-05-14,0.941,0.9697,0,0,1.0,0
CELL-23,2026-05-15,1.004,1.0143,0,0,1.0,0
CELL-23,2026-05-16,0.941,0.9685,0,0,1.0,0
CELL-23,2026-05-17,0.826,0.8981,0,0,1.0,0
CELL-23,2026-05-18,0.774,0.8161,0,0,1.0,0
CELL-23,2026-05-19,0.826,0.8623,0,0,1.0,0
CELL-23,2026-05-20,0.882,0.9264,0,0,1.0,0
CELL-23,2026-05-21,0.826,0.8517,0,0,1.0,0
CELL-23,2026-05-22,0.882,0.9371,0,0,1.0,0
CELL-23,2026-05-23,0.941,0.9465,0,0,1.0,0
CELL-23,2026-05-24,0.882,0.9339,0,0,1.0,0
CELL-23,2026-05-25,0.826,0.8646,0,0,1.0,0
CELL-23,2026-05-26,0.882,0.9353,0,0,1.0,0
CELL-23,2026-05-27,0.941,0.9659,0,0,1.0,0
CELL-23,2026-05-28,0.941,0.991,0,0,1.0,0
CELL-23,2026-05-29,0.882,0.9391,0,0,1.0,0
CELL-23,2026-05-30,0.882,0.9288,0,0,1.0,0
CELL-23,2026-05-31,0.941,0.9721,0,0,1.0,0
CELL-23,2026-06-01,0.882,0.9109,0,0,1.0,0
CELL-23,2026-06-02,0.826,0.8997,0,0,1.0,0
CELL-23,2026-06-03,1.004,1.031,0,0,1.0,0
CELL-23,2026-06-04,1.004,1.0122,0,0,1.0,0
CELL-23,2026-06-05,1.004,1.0299,0,0,1.0,0
CELL-23,2026-06-06,1.004,1.0557,0,0,1.0,0
CELL-23,2026-06-07,0.941,0.9881,0,0,1.0,0
CELL-23,2026-06-08,0.941,0.9643,0,0,1.0,0
CELL-23,2026-06-09,0.882,0.7432,1,0,1.0,0
CELL-23,2026-06-10,0.882,0.9354,0,0,1.0,0
CELL-23,2026-06-11,0.882,0.9409,0,0,1.0,0
CELL-23,2026-06-12,0.882,0.9094,0,0,1.0,0
CELL-23,2026-06-13,0.941,0.9736,0,0,1.0,0
CELL-23,2026-06-14,1.004,1.0518,0,0,1.0,0
CELL-23,2026-06-15,1.004,1.0122,0,0,1.0,0
CELL-23,2026-06-16,0.941,1.0031,0,0,1.0,0
CELL-23,2026-06-17,1.004,1.0283,0,0,1.0,0
CELL-23,2026-06-18,1.143,1.188,0,0,1.0,0
CELL-23,2026-06-19,1.071,1.1636,0,0,1.0,0
CELL-23,2026-06-20,1.004,1.0738,0,0,1.0,0
CELL-23,2026-06-21,0.941,0.9923,0,0,1.0,0
CELL-23,2026-06-22,1.004,1.0718,0,0,1.0,0
CELL-23,2026-06-23,0.882,0.8943,0,0,1.0,0
CELL-23,2026-06-24,0.941,0.9456,0,0,1.0,0
CELL-23,2026-06-25,0.941,1.0244,0,0,1.0,0
CELL-23,2026-06-26,0.941,0.9485,0,0,1.0,0
CELL-23,2026-06-27,0.941,0.9541,0,0,1.0,0
CELL-23,2026-06-28,0.826,0.8788,0,0,1.0,0
CELL-23,2026-06-29,0.826,0.8786,0,0,1.0,0
CELL-23,2026-06-30,0.774,0.8286,0,0,1.0,0
CELL-23,2026-07-01,0.826,0.8531,0,0,1.0,0
CELL-23,2026-07-02,0.882,0.9342,0,0,1.0,0
CELL-23,2026-07-03,0.774,0.8285,0,0,1.0,0
CELL-23,2026-07-04,0.882,0.924,0,0,1.0,0
CELL-23,2026-07-05,0.826,0.8708,0,0,1.0,0
CELL-23,2026-07-06,0.826,0.8637,0,0,1.0,0
CELL-23,2026-07-07,0.882,0.8886,0,0,1.0,0
CELL-23,2026-07-08,0.882,0.8937,0,0,1.0,0
CELL-23,2026-07-09,0.941,0.9653,0,0,1.0,0
CELL-23,2026-07-10,1.071,1.0974,0,0,1.0,0
CELL-23,2026-07-11,1.004,1.0705,0,0,1.0,0
CELL-23,2026-07-12,0.941,0.9779,0,0,1.0,0
CELL-23,2026-07-13,0.882,0.8891,0,0,1.0,0
CELL-23,2026-07-14,0.826,0.8687,0,0,1.0,0
CELL-23,2026-07-15,0.882,0.9055,0,0,1.0,0
CELL-23,2026-07-16,0.826,0.8802,0,0,1.0,0
CELL-23,2026-07-17,0.826,0.8784,0,0,1.0,0
CELL-23,2026-07-18,0.774,0.8007,0,0,1.0,0
CELL-23,2026-07-19,0.882,0.888,0,0,1.0,0
CELL-23,2026-07-20,0.882,0.911,0,0,1.0,0
CELL-23,2026-07-21,1.143,1.1533,0,1,1.0,0
CELL-23,2026-07-22,1.143,1.1879,0,1,1.0,0
CELL-23,2026-07-23,1.22,1.305,0,1,1.0,0
CELL-23,2026-07-24,1.388,1.4065,0,1,1.0,0
CELL-23,2026-07-25,0.882,0.9418,0,0,1.0,0
CELL-23,2026-07-26,0.941,0.9766,0,0,1.0,0
CELL-23,2026-07-27,0.882,0.9438,0,0,1.0,0
CELL-23,2026-07-28,0.826,0.8981,0,0,1.0,0
CELL-23,2026-07-29,0.826,0.8792,0,0,1.0,0
CELL-23,2026-07-30,0.826,0.8809,0,0,1.0,0
CELL-23,2026-07-31,0.882,0.9162,0,0,1.0,0
CELL-23,2026-08-01,0.826,0.8848,0,0,1.0,0
CELL-23,2026-08-02,0.882,0.8905,0,0,1.0,0
CELL-23,2026-08-03,1.143,1.1539,0,1,1.0,0
CELL-23,2026-08-04,1.071,1.1457,0,1,1.0,0
CELL-23,2026-08-05,0.882,0.9262,0,0,1.0,0
CELL-23,2026-08-06,0.941,0.9758,0,0,1.0,0
CELL-23,2026-08-07,0.882,0.9262,0,0,1.0,0
CELL-23,2026-08-08,0.941,0.971,0,0,1.0,0
CELL-23,2026-08-09,0.882,0.9219,0,0,1.0,0
CELL-23,2026-08-10,0.882,0.8929,0,0,1.0,0
CELL-23,2026-08-11,0.826,0.8507,0,0,1.0,0
CELL-23,2026-08-12,0.882,0.9194,0,0,1.0,0
CELL-23,2026-08-13,0.941,0.9769,0,0,1.0,0
CELL-23,2026-08-14,1.004,1.0372,0,0,1.0,0
CELL-23,2026-08-15,1.004,1.0202,0,0,1.0,0
CELL-23,2026-08-16,0.882,0.9338,0,0,1.0,0
CELL-23,2026-08-17,0.882,0.9124,0,0,1.0,0
CELL-23,2026-08-18,0.882,0.8896,0,0,1.0,0
CELL-23,2026-08-19,0.882,0.8955,0,0,1.0,0
CELL-23,2026-08-20,0.826,0.8541,0,0,1.0,0
CELL-23,2026-08-21,0.882,0.9024,0,0,1.0,0
CELL-23,2026-08-22,0.882,0.9056,0,0,1.0,0
CELL-23,2026-08-23,0.826,0.8726,0,0,1.0,0
CELL-23,2026-08-24,0.826,0.868,0,0,1.0,0
CELL-23,2026-08-25,0.941,0.9542,0,0,1.0,0
CELL-23,2026-08-26,0.941,0.9591,0,0,1.0,0
CELL-23,2026-08-27,0.941,0.9513,0,0,1.0,0
CELL-23,2026-08-28,1.301,1.3216,0,1,1.0,0
CELL-23,2026-08-29,1.143,1.2071,0,1,1.0,0
CELL-23,2026-08-30,0.882,0.9216,0,0,1.0,0
CELL-23,2026-08-31,0.882,0.9167,0,0,1.0,0
CELL-23,2026-09-01,0.882,0.9258,0,0,1.0,0
CELL-23,2026-09-02,0.882,0.941,0,0,1.0,0
CELL-23,2026-09-03,0.882,0.9067,0,0,1.0,0
CELL-23,2026-09-04,0.826,0.8788,0,0,1.0,0
CELL-23,2026-09-05,0.826,0.8566,0,0,1.0,0
CELL-23,2026-09-06,0.774,0.8092,0,0,1.0,0
CELL-23,2026-09-07,0.826,0.8651,0,0,1.0,0
CELL-23,2026-09-08,0.826,0.8831,0,0,1.0,0
CELL-23,2026-09-09,0.941,0.9636,0,0,1.0,0
CELL-23,2026-09-10,1.004,1.0286,0,0,1.0,0
CELL-23,2026-09-11,0.941,0.9917,0,0,1.0,0
CELL-23,2026-09-12,0.882,0.9289,0,0,1.0,0
CELL-23,2026-09-13,0.826,0.8586,0,0,1.0,0
CELL-23,2026-09-14,0.826,0.8365,0,0,1.0,0
CELL-23,2026-09-15,0.826,0.8631,0,0,1.0,0
CELL-23,2026-09-16,0.882,0.8913,0,0,1.0,0
CELL-23,2026-09-17,0.941,0.9629,0,0,1.0,0
CELL-23,2026-09-18,1.004,1.029,0,0,1.0,0
CELL-23,2026-09-19,0.882,0.9441,0,0,1.0,0
CELL-23,2026-09-20,0.882,0.8964,0,0,1.0,0
CELL-23,2026-09-21,0.826,0.8603,0,0,1.0,0
CELL-23,2026-09-22,0.774,0.8262,0,0,1.0,0
CELL-23,2026-09-23,0.882,0.9434,0,0,1.0,0
CELL-23,2026-09-24,0.941,0.9883,0,0,1.0,0
CELL-23,2026-09-25,0.826,0.8765,0,0,1.0,0
CELL-23,2026-09-26,0.774,0.8279,0,0,1.0,0
CELL-23,2026-09-27,0.826,0.8636,0,0,1.0,0
CELL-24,2026-04-01,1.004,1.887,0,0,1.0,0
CELL-24,2026-04-02,1.004,1.9727,0,0,1.0,0
CELL-24,2026-04-03,1.004,1.893,0,0,1.0,0
CELL-24,2026-04-04,1.004,1.9133,0,0,1.0,0
CELL-24,2026-04-05,1.004,1.9689,0,0,1.0,0
CELL-24,2026-04-06,0.882,1.6571,0,0,1.0,0
CELL-24,2026-04-07,0.882,1.7413,0,0,1.0,0
CELL-24,2026-04-08,0.941,1.8222,0,0,1.0,0
CELL-24,2026-04-09,0.941,1.856,0,0,1.0,0
CELL-24,2026-04-10,0.941,1.7903,0,0,1.0,0
CELL-24,2026-04-11,1.004,1.873,0,0,1.0,0
CELL-24,2026-04-12,1.004,1.8759,0,0,1.0,0
CELL-24,2026-04-13,0.941,1.8399,0,0,1.0,0
CELL-24,2026-04-14,0.941,1.8036,0,0,1.0,0
CELL-24,2026-04-15,0.941,1.8339,0,0,1.0,0
CELL-24,2026-04-16,1.004,1.9234,0,0,1.0,0
CELL-24,2026-04-17,1.143,2.2588,0,0,1.0,0
CELL-24,2026-04-18,1.22,2.2179,0,0,1.0,0
CELL-24,2026-04-19,1.071,2.0481,0,0,0.4,0
CELL-24,2026-04-20,0.941,1.768,0,0,1.0,0
CELL-24,2026-04-21,0.826,1.6294,0,0,1.0,0
CELL-24,2026-04-22,0.882,1.7224,0,0,1.0,0
CELL-24,2026-04-23,0.941,1.8375,0,0,1.0,0
CELL-24,2026-04-24,1.071,2.0241,0,0,1.0,0
CELL-24,2026-04-25,1.004,1.9187,0,0,1.0,0
CELL-24,2026-04-26,0.941,1.7734,0,0,1.0,0
CELL-24,2026-04-27,1.004,1.9519,0,0,1.0,0
CELL-24,2026-04-28,1.004,1.8744,0,0,1.0,0
CELL-24,2026-04-29,1.143,2.1778,0,0,1.0,0
CELL-24,2026-04-30,1.22,2.2622,0,0,1.0,0
CELL-24,2026-05-01,1.143,2.2474,0,0,1.0,0
CELL-24,2026-05-02,1.071,2.0586,0,0,1.0,0
CELL-24,2026-05-03,1.004,1.9334,0,0,1.0,0
CELL-24,2026-05-04,1.004,1.8678,0,0,1.0,0
CELL-24,2026-05-05,1.004,1.984,0,0,1.0,0
CELL-24,2026-05-06,1.004,1.9742,0,0,1.0,0
CELL-24,2026-05-07,1.071,2.0316,0,0,1.0,0
CELL-24,2026-05-08,1.004,1.982,0,0,1.0,0
CELL-24,2026-05-09,0.941,1.7988,0,0,1.0,0
CELL-24,2026-05-10,1.004,1.8245,0,0,1.0,0
CELL-24,2026-05-11,1.004,1.8251,0,0,1.0,0
CELL-24,2026-05-12,1.004,1.9397,0,0,1.0,0
CELL-24,2026-05-13,1.004,1.9565,0,0,1.0,0
CELL-24,2026-05-14,0.941,1.7655,0,0,1.0,0
CELL-24,2026-05-15,0.941,1.8003,0,0,1.0,0
CELL-24,2026-05-16,1.004,1.8696,0,0,1.0,0
CELL-24,2026-05-17,0.941,1.8129,0,0,1.0,0
CELL-24,2026-05-18,0.941,1.8545,0,0,1.0,0
CELL-24,2026-05-19,0.941,1.8051,0,0,1.0,0
CELL-24,2026-05-20,0.941,1.8024,0,0,1.0,0
CELL-24,2026-05-21,1.004,1.8245,0,0,1.0,0
CELL-24,2026-05-22,1.004,1.9198,0,0,1.0,0
CELL-24,2026-05-23,0.941,1.7533,0,0,1.0,0
CELL-24,2026-05-24,0.941,1.8134,0,0,1.0,0
CELL-24,2026-05-25,0.941,1.8164,0,0,1.0,0
CELL-24,2026-05-26,0.882,1.7021,0,0,1.0,0
CELL-24,2026-05-27,1.004,1.9109,0,0,1.0,0
CELL-24,2026-05-28,1.071,2.0974,0,0,1.0,0
CELL-24,2026-05-29,1.071,2.0837,0,0,1.0,0
CELL-24,2026-05-30,1.004,1.9752,0,0,1.0,1
CELL-24,2026-05-31,1.071,2.0607,0,0,1.0,0
CELL-24,2026-06-01,1.004,1.8728,0,0,1.0,0
CELL-24,2026-06-02,1.004,1.922,0,0,1.0,0
CELL-24,2026-06-03,1.004,1.9906,0,0,1.0,0
CELL-24,2026-06-04,1.071,2.0302,0,0,1.0,0
CELL-24,2026-06-05,1.143,2.1996,0,0,1.0,0
CELL-24,2026-06-06,1.143,2.1425,0,0,1.0,0
CELL-24,2026-06-07,1.143,2.2551,0,0,1.0,0
CELL-24,2026-06-08,1.004,1.922,0,0,1.0,0
CELL-24,2026-06-09,0.941,1.8548,0,0,1.0,0
CELL-24,2026-06-10,1.071,1.9465,0,0,1.0,0
CELL-24,2026-06-11,1.071,2.0707,0,0,1.0,0
CELL-24,2026-06-12,1.143,2.2044,0,0,1.0,0
CELL-24,2026-06-13,1.22,1.9261,2,0,1.0,0
CELL-24,2026-06-14,1.143,2.1242,0,0,1.0,0
CELL-24,2026-06-15,1.071,2.0007,0,0,1.0,0
CELL-24,2026-06-16,1.071,2.0631,0,0,1.0,0
CELL-24,2026-06-17,1.071,1.9717,0,0,1.0,0
CELL-24,2026-06-18,1.004,1.8866,0,0,1.0,0
CELL-24,2026-06-19,0.941,1.8353,0,0,1.0,0
CELL-24,2026-06-20,0.597,1.1778,0,0,1.0,1
CELL-24,2026-06-21,0.597,1.1646,0,0,1.0,0
CELL-24,2026-06-22,0.597,1.1087,0,0,1.0,0
CELL-24,2026-06-23,0.597,1.1554,0,0,1.0,0
CELL-24,2026-06-24,0.68,1.2769,0,0,1.0,0
CELL-24,2026-06-25,0.774,1.4084,0,0,0.59,0
CELL-24,2026-06-26,0.726,1.3801,0,0,1.0,0
CELL-24,2026-06-27,0.68,1.311,0,0,1.0,0
CELL-24,2026-06-28,0.597,1.1659,0,0,1.0,0
CELL-24,2026-06-29,0.56,1.0824,0,0,1.0,0
CELL-24,2026-06-30,0.56,1.0428,0,0,1.0,0
CELL-24,2026-07-01,0.56,1.0495,0,0,1.0,0
CELL-24,2026-07-02,0.597,1.1505,0,0,1.0,0
CELL-24,2026-07-03,0.597,1.1811,0,0,1.0,0
CELL-24,2026-07-04,0.56,1.0631,0,0,1.0,0
CELL-24,2026-07-05,0.597,1.134,0,0,1.0,0
CELL-24,2026-07-06,0.597,1.1612,0,0,1.0,0
CELL-24,2026-07-07,0.525,1.0402,0,0,1.0,0
CELL-24,2026-07-08,0.56,1.0961,0,0,1.0,0
CELL-24,2026-07-09,0.638,1.2516,0,0,1.0,0
CELL-24,2026-07-10,0.638,1.199,0,0,1.0,0
CELL-24,2026-07-11,0.597,1.1345,0,0,1.0,0
CELL-24,2026-07-12,0.597,1.1438,0,0,1.0,0
CELL-24,2026-07-13,0.597,1.1284,0,0,1.0,0
CELL-24,2026-07-14,0.56,1.0885,0,0,1.0,0
CELL-24,2026-07-15,0.597,1.1667,0,0,1.0,0
CELL-24,2026-07-16,0.597,1.1529,0,0,1.0,0
CELL-24,2026-07-17,0.638,1.2375,0,0,1.0,0
CELL-24,2026-07-18,0.638,1.1889,0,0,1.0,0
CELL-24,2026-07-19,0.638,1.1585,0,0,1.0,0
CELL-24,2026-07-20,0.56,1.0798,0,0,1.0,0
CELL-24,2026-07-21,0.597,1.1131,0,0,1.0,0
CELL-24,2026-07-22,0.597,1.1554,0,0,1.0,0
CELL-24,2026-07-23,0.597,1.1435,0,0,1.0,0
CELL-24,2026-07-24,0.638,1.2391,0,0,1.0,0
CELL-24,2026-07-25,0.597,1.1679,0,0,1.0,0
CELL-24,2026-07-26,0.597,1.1696,0,0,1.0,0
CELL-24,2026-07-27,0.525,1.0332,0,0,1.0,0
CELL-24,2026-07-28,0.525,1.0217,0,0,1.0,0
CELL-24,2026-07-29,0.597,1.1206,0,0,1.0,0
CELL-24,2026-07-30,0.638,1.2277,0,0,1.0,0
CELL-24,2026-07-31,0.597,1.1333,0,0,1.0,0
CELL-24,2026-08-01,0.638,1.2276,0,0,1.0,0
CELL-24,2026-08-02,0.597,1.1363,0,0,1.0,0
CELL-24,2026-08-03,0.56,1.077,0,0,1.0,0
CELL-24,2026-08-04,0.597,1.1146,0,0,1.0,0
CELL-24,2026-08-05,0.638,1.1733,0,0,1.0,0
CELL-24,2026-08-06,0.597,1.1667,0,0,1.0,0
CELL-24,2026-08-07,0.597,1.1767,0,0,1.0,0
CELL-24,2026-08-08,0.597,1.1187,0,0,1.0,0
CELL-24,2026-08-09,0.597,1.1115,0,0,1.0,0
CELL-24,2026-08-10,0.56,1.0752,0,0,1.0,0
CELL-24,2026-08-11,0.56,1.0565,0,0,1.0,0
CELL-24,2026-08-12,0.638,1.2596,0,0,1.0,0
CELL-24,2026-08-13,0.68,1.3222,0,0,1.0,0
CELL-24,2026-08-14,0.68,1.3179,0,0,1.0,0
CELL-24,2026-08-15,0.68,1.2939,0,0,1.0,0
CELL-24,2026-08-16,0.638,1.2108,0,0,1.0,0
CELL-24,2026-08-17,0.638,1.1896,0,0,1.0,0
CELL-24,2026-08-18,0.597,1.1443,0,0,1.0,0
CELL-24,2026-08-19,0.638,1.221,0,0,0.41,0
CELL-24,2026-08-20,0.68,1.3045,0,0,1.0,0
CELL-24,2026-08-21,0.68,1.337,0,0,1.0,0
CELL-24,2026-08-22,0.68,1.3007,0,0,1.0,0
CELL-24,2026-08-23,0.68,1.2726,0,0,1.0,0
CELL-24,2026-08-24,0.638,1.2227,0,0,1.0,0
CELL-24,2026-08-25,0.597,1.1523,0,0,1.0,0
CELL-24,2026-08-26,0.638,1.1912,0,0,1.0,0
CELL-24,2026-08-27,0.638,1.1881,0,0,1.0,0
CELL-24,2026-08-28,0.597,1.1381,0,0,1.0,0
CELL-24,2026-08-29,0.638,1.1955,0,0,1.0,0
CELL-24,2026-08-30,0.597,1.1076,0,0,1.0,0
CELL-24,2026-08-31,0.56,1.0408,0,0,1.0,0
CELL-24,2026-09-01,0.597,1.1111,0,0,1.0,0
CELL-24,2026-09-02,0.56,1.0904,0,0,1.0,0
CELL-24,2026-09-03,0.597,1.1714,0,0,1.0,0
CELL-24,2026-09-04,0.597,1.1629,0,0,1.0,0
CELL-24,2026-09-05,0.597,1.1381,0,0,1.0,0
CELL-24,2026-09-06,0.726,1.4372,0,1,1.0,0
CELL-24,2026-09-07,0.726,1.388,0,1,1.0,0
CELL-24,2026-09-08,0.56,1.0588,0,0,1.0,0
CELL-24,2026-09-09,0.56,1.0826,0,0,1.0,0
CELL-24,2026-09-10,0.597,1.1448,0,0,1.0,0
CELL-24,2026-09-11,0.597,1.1255,0,0,1.0,0
CELL-24,2026-09-12,0.597,1.1566,0,0,1.0,0
CELL-24,2026-09-13,0.56,1.0607,0,0,1.0,0
CELL-24,2026-09-14,0.56,1.0695,0,0,1.0,0
CELL-24,2026-09-15,0.56,1.0538,0,0,1.0,0
CELL-24,2026-09-16,0.597,1.1261,0,0,1.0,0
CELL-24,2026-09-17,0.56,1.1063,0,0,1.0,0
CELL-24,2026-09-18,0.638,1.1899,0,0,1.0,0
CELL-24,2026-09-19,0.638,1.2101,0,0,1.0,0
CELL-24,2026-09-20,0.638,1.204,0,0,1.0,0
CELL-24,2026-09-21,0.597,1.1148,0,0,1.0,0
CELL-24,2026-09-22,0.56,1.0935,0,0,1.0,0
CELL-24,2026-09-23,0.597,1.1433,0,0,1.0,0
CELL-24,2026-09-24,0.597,1.1797,0,0,1.0,0
CELL-24,2026-09-25,0.638,1.2578,0,0,1.0,0
CELL-24,2026-09-26,0.638,1.2049,0,0,1.0,0
CELL-24,2026-09-27,0.56,1.0713,0,0,1.0,0
CELL-25,2026-04-01,0.312,0.545,0,0,1.0,0
CELL-25,2026-04-02,0.293,0.5187,0,0,1.0,0
CELL-25,2026-04-03,0.312,0.5605,0,0,1.0,0
CELL-25,2026-04-04,0.293,0.5257,0,0,1.0,0
CELL-25,2026-04-05,0.293,0.5299,0,0,1.0,0
CELL-25,2026-04-06,0.293,0.5191,0,0,1.0,0
CELL-25,2026-04-07,0.293,0.5377,0,0,1.0,0
CELL-25,2026-04-08,0.333,0.5775,0,0,1.0,0
CELL-25,2026-04-09,0.312,0.5632,0,0,1.0,0
CELL-25,2026-04-10,0.333,0.5823,0,0,1.0,0
CELL-25,2026-04-11,0.432,0.7931,0,1,1.0,0
CELL-25,2026-04-12,0.293,0.5296,0,0,1.0,0
CELL-25,2026-04-13,0.312,0.5519,0,0,1.0,0
CELL-25,2026-04-14,0.312,0.5477,0,0,1.0,0
CELL-25,2026-04-15,0.312,0.5425,0,0,1.0,0
CELL-25,2026-04-16,0.312,0.5628,0,0,1.0,0
CELL-25,2026-04-17,0.333,0.5833,0,0,1.0,0
CELL-25,2026-04-18,0.333,0.6104,0,0,1.0,0
CELL-25,2026-04-19,0.333,0.6003,0,0,1.0,0
CELL-25,2026-04-20,0.312,0.5697,0,0,1.0,0
CELL-25,2026-04-21,0.293,0.5315,0,0,1.0,0
CELL-25,2026-04-22,0.312,0.5633,0,0,1.0,0
CELL-25,2026-04-23,0.333,0.6081,0,0,1.0,0
CELL-25,2026-04-24,0.333,0.609,0,0,1.0,0
CELL-25,2026-04-25,0.333,0.6141,0,0,1.0,0
CELL-25,2026-04-26,0.312,0.5695,0,0,1.0,0
CELL-25,2026-04-27,0.356,0.6165,0,0,1.0,0
CELL-25,2026-04-28,0.312,0.5572,0,0,1.0,0
CELL-25,2026-04-29,0.356,0.6345,0,0,1.0,0
CELL-25,2026-04-30,0.356,0.6074,0,0,1.0,0
CELL-25,2026-05-01,0.356,0.617,0,0,1.0,0
CELL-25,2026-05-02,0.356,0.6194,0,0,1.0,0
CELL-25,2026-05-03,0.461,0.8221,0,1,1.0,0
CELL-25,2026-05-04,0.432,0.7521,0,1,1.0,0
CELL-25,2026-05-05,0.405,0.7224,0,1,1.0,0
CELL-25,2026-05-06,0.333,0.5821,0,0,1.0,0
CELL-25,2026-05-07,0.312,0.5585,0,0,1.0,0
CELL-25,2026-05-08,0.356,0.6162,0,0,1.0,0
CELL-25,2026-05-09,0.333,0.6034,0,0,1.0,0
CELL-25,2026-05-10,0.312,0.5458,0,0,1.0,0
CELL-25,2026-05-11,0.293,0.5252,0,0,1.0,0
CELL-25,2026-05-12,0.312,0.548,0,0,1.0,0
CELL-25,2026-05-13,0.312,0.5501,0,0,1.0,0
CELL-25,2026-05-14,0.293,0.5151,0,0,1.0,0
CELL-25,2026-05-15,0.274,0.485,0,0,1.0,0
CELL-25,2026-05-16,0.274,0.5024,0,0,1.0,0
CELL-25,2026-05-17,0.274,0.4922,0,0,1.0,0
CELL-25,2026-05-18,0.274,0.4907,0,0,1.0,0
CELL-25,2026-05-19,0.274,0.5009,0,0,1.0,0
CELL-25,2026-05-20,0.312,0.5615,0,0,1.0,0
CELL-25,2026-05-21,0.293,0.5346,0,0,1.0,0
CELL-25,2026-05-22,0.312,0.5371,0,0,1.0,0
CELL-25,2026-05-23,0.293,0.5299,0,0,1.0,0
CELL-25,2026-05-24,0.293,0.5377,0,0,1.0,0
CELL-25,2026-05-25,0.293,0.5276,0,0,1.0,0
CELL-25,2026-05-26,0.293,0.5,0,0,1.0,0
CELL-25,2026-05-27,0.293,0.5316,0,0,1.0,0
CELL-25,2026-05-28,0.293,0.5227,0,0,1.0,0
CELL-25,2026-05-29,0.293,0.5322,0,0,1.0,0
CELL-25,2026-05-30,0.293,0.5363,0,0,1.0,0
CELL-25,2026-05-31,0.312,0.5457,0,0,1.0,0
CELL-25,2026-06-01,0.293,0.5383,0,0,1.0,0
CELL-25,2026-06-02,0.293,0.5284,0,0,1.0,0
CELL-25,2026-06-03,0.312,0.5445,0,0,1.0,0
CELL-25,2026-06-04,0.293,0.5352,0,0,1.0,0
CELL-25,2026-06-05,0.293,0.5346,0,0,1.0,0
CELL-25,2026-06-06,0.293,0.5201,0,0,1.0,0
CELL-25,2026-06-07,0.293,0.5185,0,0,1.0,0
CELL-25,2026-06-08,0.274,0.4943,0,0,1.0,0
CELL-25,2026-06-09,0.293,0.5204,0,0,1.0,0
CELL-25,2026-06-10,0.312,0.5468,0,0,1.0,0
CELL-25,2026-06-11,0.293,0.5242,0,0,1.0,0
CELL-25,2026-06-12,0.293,0.527,0,0,1.0,0
CELL-25,2026-06-13,0.312,0.5335,0,0,1.0,0
CELL-25,2026-06-14,0.293,0.54,0,0,1.0,0
CELL-25,2026-06-15,0.293,0.5187,0,0,1.0,0
CELL-25,2026-06-16,0.293,0.5065,0,0,1.0,0
CELL-25,2026-06-17,0.293,0.5319,0,0,1.0,0
CELL-25,2026-06-18,0.293,0.5402,0,0,1.0,0
CELL-25,2026-06-19,0.312,0.5711,0,0,1.0,0
CELL-25,2026-06-20,0.274,0.4795,0,0,1.0,0
CELL-25,2026-06-21,0.257,0.4528,0,0,1.0,0
CELL-25,2026-06-22,0.257,0.451,0,0,1.0,0
CELL-25,2026-06-23,0.257,0.4598,0,0,1.0,0
CELL-25,2026-06-24,0.257,0.453,0,0,1.0,0
CELL-25,2026-06-25,0.293,0.5377,0,0,1.0,0
CELL-25,2026-06-26,0.405,0.7202,0,1,1.0,0
CELL-25,2026-06-27,0.293,0.5163,0,0,1.0,0
CELL-25,2026-06-28,0.293,0.5321,0,0,1.0,0
CELL-25,2026-06-29,0.293,0.531,0,0,1.0,0
CELL-25,2026-06-30,0.312,0.5412,0,0,1.0,0
CELL-25,2026-07-01,0.274,0.5056,0,0,1.0,0
CELL-25,2026-07-02,0.312,0.5589,0,0,1.0,0
CELL-25,2026-07-03,0.312,0.5594,0,0,1.0,0
CELL-25,2026-07-04,0.274,0.4976,0,0,1.0,0
CELL-25,2026-07-05,0.293,0.5289,0,0,1.0,0
CELL-25,2026-07-06,0.274,0.4751,0,0,1.0,0
CELL-25,2026-07-07,0.274,0.499,0,0,1.0,0
CELL-25,2026-07-08,0.293,0.5264,0,0,1.0,0
CELL-25,2026-07-09,0.312,0.547,0,0,1.0,0
CELL-25,2026-07-10,0.312,0.554,0,0,1.0,0
CELL-25,2026-07-11,0.333,0.5994,0,0,1.0,0
CELL-25,2026-07-12,0.333,0.5779,0,0,1.0,0
CELL-25,2026-07-13,0.312,0.5638,0,0,1.0,0
CELL-25,2026-07-14,0.293,0.5,0,0,1.0,0
CELL-25,2026-07-15,0.293,0.5362,0,0,1.0,0
CELL-25,2026-07-16,0.333,0.5988,0,0,1.0,0
CELL-25,2026-07-17,0.356,0.6245,0,0,1.0,0
CELL-25,2026-07-18,0.333,0.6079,0,0,1.0,0
CELL-25,2026-07-19,0.312,0.5712,0,0,1.0,0
CELL-25,2026-07-20,0.293,0.5262,0,0,1.0,0
CELL-25,2026-07-21,0.312,0.5488,0,0,1.0,0
CELL-25,2026-07-22,0.312,0.5548,0,0,1.0,0
CELL-25,2026-07-23,0.333,0.5882,0,0,1.0,0
CELL-25,2026-07-24,0.356,0.6343,0,0,1.0,0
CELL-25,2026-07-25,0.312,0.5533,0,0,1.0,0
CELL-25,2026-07-26,0.293,0.5141,0,0,1.0,0
CELL-25,2026-07-27,0.312,0.5414,0,0,1.0,0
CELL-25,2026-07-28,0.293,0.4939,1,0,1.0,0
CELL-25,2026-07-29,0.312,0.5637,0,0,1.0,0
CELL-25,2026-07-30,0.333,0.5897,0,0,1.0,0
CELL-25,2026-07-31,0.333,0.5781,0,0,1.0,0
CELL-25,2026-08-01,0.333,0.5767,0,0,1.0,0
CELL-25,2026-08-02,0.312,0.5438,0,0,1.0,0
CELL-25,2026-08-03,0.293,0.5224,0,0,1.0,0
CELL-25,2026-08-04,0.312,0.545,0,0,1.0,0
CELL-25,2026-08-05,0.312,0.5504,0,0,1.0,0
CELL-25,2026-08-06,0.333,0.6082,0,0,1.0,0
CELL-25,2026-08-07,0.333,0.597,0,0,1.0,0
CELL-25,2026-08-08,0.333,0.5928,0,0,1.0,0
CELL-25,2026-08-09,0.312,0.5558,0,0,1.0,0
CELL-25,2026-08-10,0.274,0.5056,0,0,1.0,0
CELL-25,2026-08-11,0.274,0.4818,0,0,1.0,0
CELL-25,2026-08-12,0.333,0.5929,0,0,1.0,0
CELL-25,2026-08-13,0.333,0.5853,0,0,1.0,0
CELL-25,2026-08-14,0.312,0.5702,0,0,1.0,0
CELL-25,2026-08-15,0.333,0.6001,0,0,1.0,0
CELL-25,2026-08-16,0.312,0.5673,0,0,1.0,0
CELL-25,2026-08-17,0.293,0.5386,0,0,1.0,0
CELL-25,2026-08-18,0.274,0.498,0,0,1.0,0
CELL-25,2026-08-19,0.312,0.5474,0,0,1.0,0
CELL-25,2026-08-20,0.333,0.5885,0,0,1.0,0
CELL-25,2026-08-21,0.333,0.586,0,0,1.0,0
CELL-25,2026-08-22,0.333,0.5995,0,0,1.0,0
CELL-25,2026-08-23,0.312,0.5711,0,0,1.0,0
CELL-25,2026-08-24,0.312,0.553,0,0,1.0,0
CELL-25,2026-08-25,0.312,0.5529,0,0,1.0,0
CELL-25,2026-08-26,0.293,0.5182,0,0,1.0,0
CELL-25,2026-08-27,0.293,0.5288,0,0,1.0,0
CELL-25,2026-08-28,0.333,0.5832,0,0,1.0,0
CELL-25,2026-08-29,0.312,0.5678,0,0,1.0,0
CELL-25,2026-08-30,0.274,0.5034,0,0,1.0,0
CELL-25,2026-08-31,0.293,0.5097,0,0,1.0,0
CELL-25,2026-09-01,0.293,0.5,0,0,1.0,0
CELL-25,2026-09-02,0.312,0.5417,0,0,1.0,0
CELL-25,2026-09-03,0.312,0.5632,0,0,1.0,0
CELL-25,2026-09-04,0.333,0.6076,0,0,1.0,0
CELL-25,2026-09-05,0.356,0.6357,0,0,1.0,0
CELL-25,2026-09-06,0.333,0.5898,0,0,1.0,0
CELL-25,2026-09-07,0.293,0.539,0,0,1.0,0
CELL-25,2026-09-08,0.293,0.5272,0,0,1.0,0
CELL-25,2026-09-09,0.293,0.5228,0,0,1.0,0
CELL-25,2026-09-10,0.312,0.5335,0,0,1.0,0
CELL-25,2026-09-11,0.312,0.5414,0,0,1.0,0
CELL-25,2026-09-12,0.356,0.6197,0,0,1.0,0
CELL-25,2026-09-13,0.312,0.5666,0,0,1.0,0
CELL-25,2026-09-14,0.56,1.0109,0,1,1.0,1
CELL-25,2026-09-15,0.597,1.0387,0,1,1.0,0
CELL-25,2026-09-16,0.405,0.7381,0,0,1.0,0
CELL-25,2026-09-17,0.405,0.7045,0,0,1.0,0
CELL-25,2026-09-18,0.432,0.7378,0,0,1.0,0
CELL-25,2026-09-19,0.432,0.7632,0,0,1.0,0
CELL-25,2026-09-20,0.405,0.7399,0,0,1.0,0
CELL-25,2026-09-21,0.379,0.6633,0,0,1.0,1
CELL-25,2026-09-22,0.379,0.661,0,0,1.0,0
CELL-25,2026-09-23,0.405,0.7395,0,0,1.0,0
CELL-25,2026-09-24,0.405,0.7387,0,0,1.0,0
CELL-25,2026-09-25,0.405,0.7084,0,0,1.0,0
CELL-25,2026-09-26,0.379,0.6995,0,0,1.0,0
CELL-25,2026-09-27,0.405,0.7441,0,0,1.0,0
CELL-26,2026-04-01,0.461,0.908,0,0,1.0,0
CELL-26,2026-04-02,0.432,0.8425,0,0,1.0,1
CELL-26,2026-04-03,0.432,0.8398,0,0,1.0,0
CELL-26,2026-04-04,0.405,0.795,0,0,1.0,0
CELL-26,2026-04-05,0.432,0.8314,0,0,1.0,0
CELL-26,2026-04-06,0.405,0.7629,0,0,1.0,0
CELL-26,2026-04-07,0.405,0.774,0,0,1.0,0
CELL-26,2026-04-08,0.379,0.7346,0,0,1.0,0
CELL-26,2026-04-09,0.432,0.8504,0,0,1.0,0
CELL-26,2026-04-10,0.461,0.92,0,0,1.0,0
CELL-26,2026-04-11,0.461,0.9083,0,0,1.0,0
CELL-26,2026-04-12,0.492,0.9315,0,0,1.0,0
CELL-26,2026-04-13,0.461,0.8848,0,0,1.0,0
CELL-26,2026-04-14,0.461,0.8681,0,0,1.0,0
CELL-26,2026-04-15,0.461,0.8684,0,0,1.0,0
CELL-26,2026-04-16,0.432,0.8298,0,0,1.0,0
CELL-26,2026-04-17,0.432,0.8555,0,0,1.0,0
CELL-26,2026-04-18,0.405,0.7741,0,0,1.0,0
CELL-26,2026-04-19,0.405,0.7867,0,0,1.0,0
CELL-26,2026-04-20,0.379,0.719,0,0,1.0,0
CELL-26,2026-04-21,0.379,0.7392,0,0,1.0,0
CELL-26,2026-04-22,0.379,0.7272,0,0,1.0,1
CELL-26,2026-04-23,0.405,0.7733,0,0,1.0,0
CELL-26,2026-04-24,0.405,0.7772,0,0,1.0,0
CELL-26,2026-04-25,0.356,0.704,0,0,1.0,0
CELL-26,2026-04-26,0.356,0.6918,0,0,1.0,0
CELL-26,2026-04-27,0.356,0.7043,0,0,1.0,0
CELL-26,2026-04-28,0.379,0.7431,0,0,1.0,0
CELL-26,2026-04-29,0.379,0.7343,0,0,1.0,0
CELL-26,2026-04-30,0.379,0.7233,0,0,1.0,0
CELL-26,2026-05-01,0.379,0.7565,0,0,1.0,0
CELL-26,2026-05-02,0.379,0.7426,0,0,1.0,0
CELL-26,2026-05-03,0.356,0.6927,0,0,1.0,0
CELL-26,2026-05-04,0.525,1.0172,0,1,1.0,0
CELL-26,2026-05-05,0.356,0.6961,0,0,1.0,0
CELL-26,2026-05-06,0.405,0.7694,0,0,1.0,0
CELL-26,2026-05-07,0.405,0.7972,0,0,1.0,0
CELL-26,2026-05-08,0.379,0.7462,0,0,1.0,0
CELL-26,2026-05-09,0.379,0.7215,0,0,1.0,0
CELL-26,2026-05-10,0.333,0.6557,0,0,1.0,0
CELL-26,2026-05-11,0.333,0.6518,0,0,1.0,0
CELL-26,2026-05-12,0.333,0.6483,0,0,1.0,0
CELL-26,2026-05-13,0.379,0.7219,0,0,1.0,0
CELL-26,2026-05-14,0.379,0.7481,0,0,1.0,0
CELL-26,2026-05-15,0.597,0.8576,0,0,1.0,0
CELL-26,2026-05-16,0.405,0.7558,0,0,1.0,0
CELL-26,2026-05-17,0.379,0.7472,0,0,1.0,0
CELL-26,2026-05-18,0.379,0.7135,0,0,1.0,0
CELL-26,2026-05-19,0.333,0.6394,0,0,1.0,0
CELL-26,2026-05-20,0.356,0.7038,0,0,1.0,0
CELL-26,2026-05-21,0.405,0.7677,0,0,1.0,0
CELL-26,2026-05-22,0.379,0.7454,0,0,1.0,0
CELL-26,2026-05-23,0.379,0.7405,0,0,1.0,0
CELL-26,2026-05-24,0.405,0.7647,0,0,1.0,0
CELL-26,2026-05-25,0.356,0.7099,0,0,1.0,0
CELL-26,2026-05-26,0.333,0.6425,0,0,1.0,0
CELL-26,2026-05-27,0.379,0.7128,0,0,1.0,0
CELL-26,2026-05-28,0.379,0.7188,0,0,1.0,0
CELL-26,2026-05-29,0.379,0.7489,0,0,1.0,0
CELL-26,2026-05-30,0.379,0.7475,0,0,1.0,0
CELL-26,2026-05-31,0.405,0.7559,0,0,1.0,0
CELL-26,2026-06-01,0.356,0.6873,0,0,1.0,0
CELL-26,2026-06-02,0.356,0.6894,0,0,1.0,0
CELL-26,2026-06-03,0.356,0.7049,0,0,1.0,0
CELL-26,2026-06-04,0.356,0.7117,0,0,1.0,0
CELL-26,2026-06-05,0.379,0.7195,0,0,1.0,0
CELL-26,2026-06-06,0.379,0.731,0,0,1.0,0
CELL-26,2026-06-07,0.379,0.7228,0,0,1.0,0
CELL-26,2026-06-08,0.405,0.7546,0,0,1.0,0
CELL-26,2026-06-09,0.379,0.7505,0,0,1.0,0
CELL-26,2026-06-10,0.405,0.7816,0,0,1.0,0
CELL-26,2026-06-11,0.405,0.7824,0,0,1.0,0
CELL-26,2026-06-12,0.432,0.8495,0,0,1.0,0
CELL-26,2026-06-13,0.432,0.8542,0,0,1.0,0
CELL-26,2026-06-14,0.432,0.8468,0,0,1.0,0
CELL-26,2026-06-15,0.379,0.7428,0,0,1.0,0
CELL-26,2026-06-16,0.356,0.7094,0,0,1.0,0
CELL-26,2026-06-17,0.356,0.6955,0,0,1.0,0
CELL-26,2026-06-18,0.405,0.7614,0,0,1.0,0
CELL-26,2026-06-19,0.432,0.8159,0,0,1.0,0
CELL-26,2026-06-20,0.379,0.7371,0,0,1.0,0
CELL-26,2026-06-21,0.525,0.7535,0,0,1.0,0
CELL-26,2026-06-22,0.356,0.6717,0,0,1.0,0
CELL-26,2026-06-23,0.461,0.8731,0,1,1.0,0
CELL-26,2026-06-24,0.356,0.7111,0,0,1.0,0
CELL-26,2026-06-25,0.356,0.7113,0,0,1.0,0
CELL-26,2026-06-26,0.356,0.7013,0,0,1.0,0
CELL-26,2026-06-27,0.379,0.7281,0,0,1.0,0
CELL-26,2026-06-28,0.379,0.7196,0,0,1.0,0
CELL-26,2026-06-29,0.356,0.6921,0,0,1.0,0
CELL-26,2026-06-30,0.356,0.6681,0,0,1.0,0
CELL-26,2026-07-01,0.333,0.6546,0,0,1.0,0
CELL-26,2026-07-02,0.356,0.6872,0,0,1.0,0
CELL-26,2026-07-03,0.379,0.7191,0,0,1.0,0
CELL-26,2026-07-04,0.356,0.6805,0,0,1.0,0
CELL-26,2026-07-05,0.333,0.6583,0,0,1.0,0
CELL-26,2026-07-06,0.379,0.7204,0,0,1.0,0
CELL-26,2026-07-07,0.356,0.6738,0,0,1.0,0
CELL-26,2026-07-08,0.379,0.7257,0,0,1.0,0
CELL-26,2026-07-09,0.56,0.8043,0,0,1.0,0
CELL-26,2026-07-10,0.432,0.8265,0,0,1.0,0
CELL-26,2026-07-11,0.405,0.8113,0,0,1.0,0
CELL-26,2026-07-12,0.379,0.7135,0,0,1.0,0
CELL-26,2026-07-13,0.379,0.716,0,0,0.61,0
CELL-26,2026-07-14,0.356,0.6764,0,0,1.0,0
CELL-26,2026-07-15,0.525,0.7537,0,0,1.0,0
CELL-26,2026-07-16,0.379,0.7314,0,0,1.0,0
CELL-26,2026-07-17,0.379,0.7312,0,0,1.0,0
CELL-26,2026-07-18,0.405,0.7772,0,0,1.0,0
CELL-26,2026-07-19,0.379,0.7575,0,0,1.0,0
CELL-26,2026-07-20,0.356,0.6953,0,0,1.0,0
CELL-26,2026-07-21,0.379,0.7164,0,0,1.0,0
CELL-26,2026-07-22,0.405,0.7675,0,0,1.0,0
CELL-26,2026-07-23,0.492,0.702,1,0,1.0,0
CELL-26,2026-07-24,0.379,0.7593,0,0,1.0,0
CELL-26,2026-07-25,0.405,0.787,0,0,1.0,0
CELL-26,2026-07-26,0.379,0.7255,0,0,1.0,0
CELL-26,2026-07-27,0.525,1.0107,0,1,1.0,0
CELL-26,2026-07-28,0.379,0.7551,0,0,1.0,0
CELL-26,2026-07-29,0.356,0.6913,0,0,1.0,0
CELL-26,2026-07-30,0.405,0.789,0,0,1.0,0
CELL-26,2026-07-31,0.405,0.7871,0,0,1.0,0
CELL-26,2026-08-01,0.379,0.7441,0,0,1.0,0
CELL-26,2026-08-02,0.405,0.761,0,0,1.0,0
CELL-26,2026-08-03,0.379,0.7248,0,0,1.0,0
CELL-26,2026-08-04,0.405,0.7734,0,0,1.0,0
CELL-26,2026-08-05,0.432,0.8131,0,0,1.0,0
CELL-26,2026-08-06,0.405,0.7806,0,0,1.0,0
CELL-26,2026-08-07,0.379,0.7079,0,0,1.0,0
CELL-26,2026-08-08,0.379,0.7215,0,0,1.0,0
CELL-26,2026-08-09,0.356,0.7027,0,0,1.0,0
CELL-26,2026-08-10,0.356,0.6874,0,0,1.0,0
CELL-26,2026-08-11,0.379,0.7562,0,0,1.0,0
CELL-26,2026-08-12,0.405,0.7875,0,0,1.0,0
CELL-26,2026-08-13,0.432,0.8202,0,0,1.0,0
CELL-26,2026-08-14,0.405,0.7961,0,0,1.0,0
CELL-26,2026-08-15,0.405,0.7695,0,0,1.0,0
CELL-26,2026-08-16,0.379,0.7486,0,0,1.0,0
CELL-26,2026-08-17,0.356,0.6844,0,0,1.0,0
CELL-26,2026-08-18,0.333,0.6575,0,0,1.0,0
CELL-26,2026-08-19,0.379,0.7573,0,0,1.0,0
CELL-26,2026-08-20,0.379,0.7472,0,0,1.0,0
CELL-26,2026-08-21,0.405,0.7666,0,0,1.0,0
CELL-26,2026-08-22,0.405,0.7864,0,0,1.0,0
CELL-26,2026-08-23,0.432,0.8247,0,0,1.0,0
CELL-26,2026-08-24,0.356,0.7051,0,0,1.0,0
CELL-26,2026-08-25,0.356,0.7025,0,0,1.0,0
CELL-26,2026-08-26,0.356,0.5531,2,0,1.0,0
CELL-26,2026-08-27,0.405,0.6063,2,0,1.0,0
CELL-26,2026-08-28,0.405,0.7709,0,0,1.0,0
CELL-26,2026-08-29,0.379,0.7341,0,0,1.0,0
CELL-26,2026-08-30,0.356,0.6966,0,0,1.0,0
CELL-26,2026-08-31,0.379,0.7222,0,0,1.0,0
CELL-26,2026-09-01,0.356,0.6778,0,0,1.0,0
CELL-26,2026-09-02,0.379,0.7203,0,0,1.0,0
CELL-26,2026-09-03,0.405,0.7994,0,0,1.0,0
CELL-26,2026-09-04,0.405,0.7953,0,0,1.0,0
CELL-26,2026-09-05,0.405,0.7687,0,0,1.0,0
CELL-26,2026-09-06,0.525,0.7539,0,0,1.0,0
CELL-26,2026-09-07,0.405,0.8024,0,0,1.0,0
CELL-26,2026-09-08,0.379,0.7316,0,0,1.0,0
CELL-26,2026-09-09,0.379,0.7475,0,0,1.0,0
CELL-26,2026-09-10,0.432,0.8318,0,0,1.0,0
CELL-26,2026-09-11,0.432,0.8187,0,0,1.0,0
CELL-26,2026-09-12,0.405,0.7791,0,0,1.0,0
CELL-26,2026-09-13,0.379,0.7455,0,0,1.0,0
CELL-26,2026-09-14,0.405,0.7626,0,0,1.0,0
CELL-26,2026-09-15,0.356,0.6964,0,0,1.0,0
CELL-26,2026-09-16,0.379,0.7082,0,0,1.0,0
CELL-26,2026-09-17,0.356,0.6965,0,0,1.0,0
CELL-26,2026-09-18,0.405,0.7634,0,0,1.0,0
CELL-26,2026-09-19,0.432,0.8358,0,0,1.0,0
CELL-26,2026-09-20,0.405,0.7776,0,0,1.0,0
CELL-26,2026-09-21,0.379,0.7531,0,0,1.0,0
CELL-26,2026-09-22,0.379,0.7346,0,0,1.0,0
CELL-26,2026-09-23,0.405,0.7793,0,0,1.0,0
CELL-26,2026-09-24,0.379,0.7581,0,0,1.0,0
CELL-26,2026-09-25,0.432,0.818,0,0,1.0,0
CELL-26,2026-09-26,0.405,0.7655,0,0,1.0,0
CELL-26,2026-09-27,0.379,0.7388,0,0,1.0,0
CELL-27,2026-04-01,2.186,3.6554,0,0,1.0,0
CELL-27,2026-04-02,2.333,3.9144,0,0,1.0,0
CELL-27,2026-04-03,2.333,3.8813,0,0,1.0,0
CELL-27,2026-04-04,2.333,3.7815,0,0,1.0,0
CELL-27,2026-04-05,2.333,3.9693,0,0,1.0,0
CELL-27,2026-04-06,2.049,3.5293,0,0,1.0,0
CELL-27,2026-04-07,2.186,3.6279,0,0,1.0,0
CELL-27,2026-04-08,2.186,3.6096,0,0,0.45,0
CELL-27,2026-04-09,2.049,3.5342,0,0,1.0,0
CELL-27,2026-04-10,2.333,3.8897,0,0,1.0,0
CELL-27,2026-04-11,2.333,4.0235,0,0,1.0,0
CELL-27,2026-04-12,3.226,5.2838,0,1,1.0,0
CELL-27,2026-04-13,3.024,5.0435,0,1,1.0,0
CELL-27,2026-04-14,2.489,4.065,0,0,1.0,0
CELL-27,2026-04-15,2.333,3.8145,0,0,1.0,0
CELL-27,2026-04-16,2.333,3.8294,0,0,1.0,0
CELL-27,2026-04-17,2.333,3.9821,0,0,1.0,0
CELL-27,2026-04-18,2.186,3.6896,0,0,1.0,0
CELL-27,2026-04-19,2.186,3.6838,0,0,1.0,0
CELL-27,2026-04-20,2.186,3.772,0,0,1.0,0
CELL-27,2026-04-21,2.049,3.4694,0,0,1.0,0
CELL-27,2026-04-22,2.186,3.1659,2,0,1.0,0
CELL-27,2026-04-23,2.186,3.735,0,0,1.0,0
CELL-27,2026-04-24,2.186,3.7338,0,0,1.0,0
CELL-27,2026-04-25,2.186,3.7232,0,0,1.0,0
CELL-27,2026-04-26,2.049,3.3956,0,0,1.0,0
CELL-27,2026-04-27,1.92,3.1781,0,0,1.0,0
CELL-27,2026-04-28,1.8,2.9768,0,0,1.0,0
CELL-27,2026-04-29,1.8,3.0891,0,0,1.0,0
CELL-27,2026-04-30,1.92,3.2805,0,0,1.0,0
CELL-27,2026-05-01,1.92,3.3108,0,0,1.0,0
CELL-27,2026-05-02,2.049,3.5106,0,0,1.0,0
CELL-27,2026-05-03,2.049,3.3511,0,0,1.0,0
CELL-27,2026-05-04,1.92,3.1817,0,0,1.0,0
CELL-27,2026-05-05,1.92,3.1395,0,0,1.0,0
CELL-27,2026-05-06,2.186,3.5801,0,0,1.0,0
CELL-27,2026-05-07,2.186,3.591,0,0,1.0,0
CELL-27,2026-05-08,2.186,3.6034,0,0,1.0,0
CELL-27,2026-05-09,2.333,3.9707,0,0,1.0,0
CELL-27,2026-05-10,2.186,3.7137,0,0,1.0,0
CELL-27,2026-05-11,2.186,3.6283,0,0,1.0,0
CELL-27,2026-05-12,2.333,3.852,0,0,1.0,0
CELL-27,2026-05-13,2.489,4.0831,0,0,1.0,0
CELL-27,2026-05-14,2.333,3.8939,0,0,1.0,0
CELL-27,2026-05-15,2.186,3.6886,0,0,1.0,0
CELL-27,2026-05-16,2.049,3.5369,0,0,1.0,0
CELL-27,2026-05-17,2.186,3.5438,0,0,1.0,0
CELL-27,2026-05-18,2.186,3.5636,0,0,1.0,0
CELL-27,2026-05-19,2.186,3.6206,0,0,1.0,0
CELL-27,2026-05-20,2.333,3.9299,0,0,1.0,0
CELL-27,2026-05-21,2.489,4.2542,0,0,1.0,0
CELL-27,2026-05-22,2.333,3.9724,0,0,1.0,0
CELL-27,2026-05-23,2.333,3.8941,0,0,1.0,0
CELL-27,2026-05-24,2.049,3.4924,0,0,1.0,0
CELL-27,2026-05-25,2.186,3.5506,0,0,1.0,0
CELL-27,2026-05-26,2.333,3.7795,0,0,1.0,0
CELL-27,2026-05-27,2.333,3.8445,0,0,1.0,0
CELL-27,2026-05-28,2.333,3.8973,0,0,1.0,0
CELL-27,2026-05-29,2.333,3.8035,0,0,1.0,0
CELL-27,2026-05-30,2.049,3.5073,0,0,1.0,0
CELL-27,2026-05-31,2.186,3.541,0,0,1.0,0
CELL-27,2026-06-01,2.049,3.5091,0,0,1.0,0
CELL-27,2026-06-02,2.049,3.4884,0,0,1.0,0
CELL-27,2026-06-03,2.186,3.5395,0,0,1.0,0
CELL-27,2026-06-04,2.186,3.7191,0,0,1.0,0
CELL-27,2026-06-05,2.049,3.5145,0,0,1.0,0
CELL-27,2026-06-06,2.333,3.9291,0,0,1.0,0
CELL-27,2026-06-07,2.186,3.7164,0,0,1.0,0
CELL-27,2026-06-08,3.024,4.9369,0,1,1.0,0
CELL-27,2026-06-09,3.024,5.0394,0,1,1.0,0
CELL-27,2026-06-10,2.186,3.6025,0,0,1.0,0
CELL-27,2026-06-11,2.186,3.6736,0,0,1.0,0
CELL-27,2026-06-12,2.186,3.6099,0,0,1.0,0
CELL-27,2026-06-13,2.333,3.8355,0,0,1.0,0
CELL-27,2026-06-14,2.186,3.6349,0,0,1.0,0
CELL-27,2026-06-15,2.186,3.5396,0,0,1.0,0
CELL-27,2026-06-16,2.186,3.5635,0,0,1.0,0
CELL-27,2026-06-17,2.049,3.5103,0,0,1.0,0
CELL-27,2026-06-18,2.186,3.732,0,0,1.0,0
CELL-27,2026-06-19,2.186,3.5486,0,0,0.67,0
CELL-27,2026-06-20,2.333,3.8407,0,0,1.0,0
CELL-27,2026-06-21,2.049,3.4499,0,0,1.0,0
CELL-27,2026-06-22,1.92,3.2446,0,0,1.0,0
CELL-27,2026-06-23,2.186,3.6745,0,0,1.0,0
CELL-27,2026-06-24,2.333,3.782,0,0,1.0,0
CELL-27,2026-06-25,2.186,3.6672,0,0,1.0,0
CELL-27,2026-06-26,2.049,3.5252,0,0,1.0,0
CELL-27,2026-06-27,2.049,3.5211,0,0,1.0,0
CELL-27,2026-06-28,2.333,3.8845,0,0,1.0,0
CELL-27,2026-06-29,2.333,3.88,0,0,1.0,0
CELL-27,2026-06-30,2.333,3.8524,0,0,1.0,0
CELL-27,2026-07-01,2.489,4.1065,0,0,1.0,0
CELL-27,2026-07-02,2.489,4.0934,0,0,1.0,0
CELL-27,2026-07-03,2.186,3.7197,0,0,1.0,0
CELL-27,2026-07-04,2.186,3.6492,0,0,1.0,0
CELL-27,2026-07-05,2.049,3.3224,0,0,1.0,0
CELL-27,2026-07-06,2.049,3.3181,0,0,1.0,0
CELL-27,2026-07-07,2.049,3.4781,0,0,1.0,0
CELL-27,2026-07-08,2.049,3.5375,0,0,1.0,0
CELL-27,2026-07-09,2.049,3.3255,0,0,1.0,0
CELL-27,2026-07-10,2.186,3.7743,0,0,1.0,0
CELL-27,2026-07-11,2.333,3.8422,0,0,1.0,0
CELL-27,2026-07-12,2.186,3.7743,0,0,1.0,0
CELL-27,2026-07-13,2.333,3.7965,0,0,1.0,0
CELL-27,2026-07-14,2.333,3.8358,0,0,1.0,0
CELL-27,2026-07-15,2.186,3.7545,0,0,1.0,0
CELL-27,2026-07-16,2.186,3.6695,0,0,1.0,0
CELL-27,2026-07-17,2.186,3.718,0,0,1.0,0
CELL-27,2026-07-18,2.186,3.6412,0,0,1.0,0
CELL-27,2026-07-19,2.186,3.672,0,0,1.0,0
CELL-27,2026-07-20,2.049,3.4003,0,0,1.0,0
CELL-27,2026-07-21,2.186,3.5822,0,0,1.0,0
CELL-27,2026-07-22,2.186,3.5648,0,0,1.0,0
CELL-27,2026-07-23,2.186,3.7586,0,0,1.0,0
CELL-27,2026-07-24,2.186,3.6763,0,0,1.0,0
CELL-27,2026-07-25,2.186,3.7577,0,0,1.0,0
CELL-27,2026-07-26,2.186,3.6799,0,0,1.0,0
CELL-27,2026-07-27,1.92,3.2408,0,0,1.0,0
CELL-27,2026-07-28,2.049,3.4576,0,0,1.0,0
CELL-27,2026-07-29,2.186,3.6463,0,0,1.0,0
CELL-27,2026-07-30,2.186,3.6902,0,0,1.0,0
CELL-27,2026-07-31,2.186,3.6522,0,0,1.0,0
CELL-27,2026-08-01,2.049,3.4306,0,0,1.0,0
CELL-27,2026-08-02,2.049,3.4381,0,0,1.0,0
CELL-27,2026-08-03,2.049,3.3789,0,0,1.0,0
CELL-27,2026-08-04,2.186,3.7129,0,0,1.0,0
CELL-27,2026-08-05,2.333,3.8432,0,0,1.0,0
CELL-27,2026-08-06,2.186,3.6434,0,0,1.0,0
CELL-27,2026-08-07,2.186,3.6422,0,0,1.0,0
CELL-27,2026-08-08,2.049,3.5247,0,0,1.0,0
CELL-27,2026-08-09,2.049,3.4924,0,0,1.0,0
CELL-27,2026-08-10,2.049,3.5064,0,0,0.44,0
CELL-27,2026-08-11,2.186,3.6628,0,0,1.0,0
CELL-27,2026-08-12,2.333,3.7985,0,0,1.0,0
CELL-27,2026-08-13,2.333,3.7766,0,0,1.0,0
CELL-27,2026-08-14,2.333,3.8169,0,0,1.0,0
CELL-27,2026-08-15,2.186,3.6652,0,0,1.0,0
CELL-27,2026-08-16,2.186,3.6648,0,0,1.0,0
CELL-27,2026-08-17,2.049,3.4874,0,0,1.0,0
CELL-27,2026-08-18,2.186,3.654,0,0,1.0,0
CELL-27,2026-08-19,2.186,3.7741,0,0,1.0,0
CELL-27,2026-08-20,2.333,3.7804,0,0,1.0,0
CELL-27,2026-08-21,2.333,3.8,0,0,1.0,0
CELL-27,2026-08-22,2.186,3.6428,0,0,1.0,0
CELL-27,2026-08-23,2.049,3.4456,0,0,1.0,0
CELL-27,2026-08-24,1.92,3.1747,0,0,1.0,0
CELL-27,2026-08-25,1.92,3.29,0,0,1.0,0
CELL-27,2026-08-26,1.92,3.2532,0,0,1.0,0
CELL-27,2026-08-27,2.049,3.4581,0,0,1.0,0
CELL-27,2026-08-28,2.049,3.5336,0,0,1.0,0
CELL-27,2026-08-29,2.186,3.7609,0,0,1.0,0
CELL-27,2026-08-30,2.049,3.4466,0,0,1.0,0
CELL-27,2026-08-31,1.92,3.2715,0,0,1.0,0
CELL-27,2026-09-01,2.186,3.5608,0,0,1.0,0
CELL-27,2026-09-02,2.186,3.6309,0,0,1.0,0
CELL-27,2026-09-03,2.333,3.9718,0,0,1.0,0
CELL-27,2026-09-04,2.489,4.1001,0,0,1.0,0
CELL-27,2026-09-05,2.333,4.0168,0,0,1.0,0
CELL-27,2026-09-06,2.049,3.5364,0,0,1.0,0
CELL-27,2026-09-07,1.92,3.253,0,0,1.0,0
CELL-27,2026-09-08,2.049,3.4526,0,0,1.0,0
CELL-27,2026-09-09,2.049,3.4674,0,0,1.0,0
CELL-27,2026-09-10,2.333,3.8353,0,0,1.0,0
CELL-27,2026-09-11,2.186,3.6187,0,0,1.0,0
CELL-27,2026-09-12,2.049,3.433,0,0,1.0,0
CELL-27,2026-09-13,2.049,3.3508,0,0,1.0,0
CELL-27,2026-09-14,2.186,3.6812,0,0,1.0,0
CELL-27,2026-09-15,2.186,3.6181,0,0,1.0,0
CELL-27,2026-09-16,2.049,3.5257,0,0,1.0,0
CELL-27,2026-09-17,2.186,3.6007,0,0,1.0,0
CELL-27,2026-09-18,2.186,3.703,0,0,1.0,0
CELL-27,2026-09-19,2.049,3.3556,0,0,1.0,0
CELL-27,2026-09-20,1.92,3.2044,0,0,1.0,0
CELL-27,2026-09-21,1.92,3.2509,0,0,1.0,0
CELL-27,2026-09-22,2.049,3.4246,0,0,0.66,0
CELL-27,2026-09-23,2.049,3.4679,0,0,1.0,0
CELL-27,2026-09-24,2.049,3.462,0,0,1.0,0
CELL-27,2026-09-25,2.656,4.4234,0,0,1.0,1
CELL-27,2026-09-26,2.834,4.679,0,0,1.0,0
CELL-27,2026-09-27,2.834,4.5975,0,0,1.0,0
CELL-28,2026-04-01,2.834,5.3346,0,0,1.0,0
CELL-28,2026-04-02,3.226,5.3556,0,0,1.0,0
CELL-28,2026-04-03,3.673,5.4878,0,0,1.0,0
CELL-28,2026-04-04,3.226,5.3982,0,0,1.0,0
CELL-28,2026-04-05,3.024,5.0528,0,0,1.0,0
CELL-28,2026-04-06,3.226,5.0837,0,0,1.0,0
CELL-28,2026-04-07,3.024,4.9529,0,0,1.0,0
CELL-28,2026-04-08,3.226,5.2373,0,0,1.0,0
CELL-28,2026-04-09,3.443,5.6038,0,0,1.0,0
CELL-28,2026-04-10,3.443,5.7241,0,0,1.0,0
CELL-28,2026-04-11,3.024,5.166,0,0,1.0,0
CELL-28,2026-04-12,3.024,5.0602,0,0,1.0,0
CELL-28,2026-04-13,3.024,5.1666,0,0,1.0,0
CELL-28,2026-04-14,3.024,5.1309,0,0,1.0,0
CELL-28,2026-04-15,3.443,4.8649,1,0,1.0,0
CELL-28,2026-04-16,3.226,5.463,0,0,1.0,0
CELL-28,2026-04-17,3.226,5.2683,0,0,1.0,0
CELL-28,2026-04-18,2.834,4.7066,0,0,1.0,0
CELL-28,2026-04-19,3.024,4.9108,0,0,1.0,0
CELL-28,2026-04-20,3.443,5.1377,0,0,1.0,0
CELL-28,2026-04-21,3.226,5.2598,0,0,1.0,0
CELL-28,2026-04-22,3.226,5.3735,0,0,1.0,0
CELL-28,2026-04-23,3.024,5.6864,0,0,1.0,0
CELL-28,2026-04-24,3.673,5.9391,0,0,1.0,0
CELL-28,2026-04-25,2.186,3.7376,0,0,1.0,1
CELL-28,2026-04-26,1.92,3.309,0,0,1.0,0
CELL-28,2026-04-27,2.186,3.2666,0,0,1.0,0
CELL-28,2026-04-28,1.92,3.2788,0,0,1.0,0
CELL-28,2026-04-29,2.186,3.5204,0,0,1.0,0
CELL-28,2026-04-30,2.186,3.5903,0,0,1.0,0
CELL-28,2026-05-01,2.186,3.6643,0,0,1.0,0
CELL-28,2026-05-02,2.186,3.573,0,0,1.0,0
CELL-28,2026-05-03,2.186,3.5919,0,0,1.0,0
CELL-28,2026-05-04,2.333,3.4878,0,0,1.0,0
CELL-28,2026-05-05,2.186,3.5349,0,0,1.0,0
CELL-28,2026-05-06,2.489,4.0682,0,0,1.0,0
CELL-28,2026-05-07,2.489,4.051,0,0,1.0,0
CELL-28,2026-05-08,2.333,3.6914,0,0,1.0,0
CELL-28,2026-05-09,2.186,3.6232,0,0,1.0,0
CELL-28,2026-05-10,2.333,3.7778,0,0,1.0,0
CELL-28,2026-05-11,2.186,3.6316,0,0,1.0,0
CELL-28,2026-05-12,2.186,3.5701,0,0,1.0,0
CELL-28,2026-05-13,2.333,3.7809,0,0,1.0,0
CELL-28,2026-05-14,2.333,3.6794,0,0,1.0,0
CELL-28,2026-05-15,2.186,3.524,0,0,1.0,0
CELL-28,2026-05-16,2.186,3.6405,0,0,1.0,0
CELL-28,2026-05-17,2.186,3.5229,0,0,1.0,0
CELL-28,2026-05-18,2.186,3.7675,0,0,1.0,0
CELL-28,2026-05-19,2.049,3.4759,0,0,1.0,0
CELL-28,2026-05-20,1.8,3.3887,0,0,1.0,0
CELL-28,2026-05-21,2.186,3.5632,0,0,1.0,0
CELL-28,2026-05-22,1.92,3.6155,0,0,1.0,0
CELL-28,2026-05-23,2.186,3.6593,0,0,1.0,0
CELL-28,2026-05-24,2.049,3.5997,0,0,1.0,0
CELL-28,2026-05-25,2.333,3.6756,0,0,1.0,0
CELL-28,2026-05-26,1.92,3.1851,0,0,1.0,0
CELL-28,2026-05-27,2.186,3.5146,0,0,1.0,0
CELL-28,2026-05-28,2.186,3.7025,0,0,1.0,0
CELL-28,2026-05-29,2.333,3.9003,0,0,1.0,0
CELL-28,2026-05-30,2.049,3.8469,0,0,1.0,0
CELL-28,2026-05-31,2.489,4.0037,0,0,1.0,0
CELL-28,2026-06-01,2.333,3.6789,0,0,1.0,0
CELL-28,2026-06-02,2.333,3.7792,0,0,1.0,0
CELL-28,2026-06-03,2.489,4.2172,0,0,1.0,0
CELL-28,2026-06-04,2.333,3.8667,0,0,1.0,0
CELL-28,2026-06-05,2.049,3.8531,0,0,0.66,0
CELL-28,2026-06-06,3.024,4.7726,0,1,1.0,0
CELL-28,2026-06-07,3.024,4.8658,0,1,1.0,0
CELL-28,2026-06-08,2.834,4.6533,0,1,1.0,0
CELL-28,2026-06-09,2.049,3.4128,0,0,1.0,0
CELL-28,2026-06-10,2.049,3.4966,0,0,1.0,0
CELL-28,2026-06-11,1.92,3.305,0,0,1.0,0
CELL-28,2026-06-12,2.186,3.4461,0,0,1.0,0
CELL-28,2026-06-13,2.049,3.3524,0,0,1.0,0
CELL-28,2026-06-14,2.186,3.5469,0,0,0.49,0
CELL-28,2026-06-15,2.049,3.4331,0,0,1.0,0
CELL-28,2026-06-16,2.333,3.4956,0,0,1.0,0
CELL-28,2026-06-17,2.186,3.4427,0,0,1.0,0
CELL-28,2026-06-18,2.186,3.6479,0,0,1.0,0
CELL-28,2026-06-19,2.333,3.9518,0,0,1.0,0
CELL-28,2026-06-20,2.333,3.4931,0,0,1.0,0
CELL-28,2026-06-21,2.186,3.5796,0,0,1.0,0
CELL-28,2026-06-22,1.8,3.1632,0,0,1.0,0
CELL-28,2026-06-23,1.8,2.913,0,0,1.0,0
CELL-28,2026-06-24,2.186,3.4468,0,0,1.0,0
CELL-28,2026-06-25,2.333,3.8157,0,0,1.0,0
CELL-28,2026-06-26,2.489,4.1691,0,0,1.0,0
CELL-28,2026-06-27,2.489,4.0806,0,0,1.0,0
CELL-28,2026-06-28,2.656,4.3705,0,0,1.0,0
CELL-28,2026-06-29,2.333,3.7613,0,0,1.0,0
CELL-28,2026-06-30,2.049,3.3243,0,0,1.0,0
CELL-28,2026-07-01,2.186,3.5787,0,0,1.0,0
CELL-28,2026-07-02,2.333,3.8515,0,0,1.0,0
CELL-28,2026-07-03,2.489,4.1234,0,0,1.0,0
CELL-28,2026-07-04,2.834,4.2411,0,0,1.0,0
CELL-28,2026-07-05,2.333,3.741,0,0,1.0,0
CELL-28,2026-07-06,2.186,3.4406,0,0,1.0,0
CELL-28,2026-07-07,1.92,3.1988,0,0,1.0,0
CELL-28,2026-07-08,2.834,4.5982,0,1,1.0,0
CELL-28,2026-07-09,2.333,3.8094,0,0,1.0,0
CELL-28,2026-07-10,2.186,3.7041,0,0,1.0,0
CELL-28,2026-07-11,2.186,3.6077,0,0,1.0,0
CELL-28,2026-07-12,2.186,3.629,0,0,0.41,0
CELL-28,2026-07-13,2.186,3.594,0,0,1.0,0
CELL-28,2026-07-14,2.049,3.4714,0,0,1.0,0
CELL-28,2026-07-15,2.186,3.7326,0,0,1.0,0
CELL-28,2026-07-16,2.186,3.7689,0,0,1.0,0
CELL-28,2026-07-17,2.333,3.4803,0,0,1.0,0
CELL-28,2026-07-18,2.186,3.465,0,0,1.0,0
CELL-28,2026-07-19,2.186,3.5068,0,0,1.0,0
CELL-28,2026-07-20,2.186,3.4656,0,0,1.0,0
CELL-28,2026-07-21,1.92,3.2053,0,0,1.0,0
CELL-28,2026-07-22,1.92,3.3729,0,0,1.0,0
CELL-28,2026-07-23,2.186,3.5427,0,0,1.0,0
CELL-28,2026-07-24,2.049,3.4749,0,0,1.0,0
CELL-28,2026-07-25,2.186,3.7022,0,0,1.0,0
CELL-28,2026-07-26,2.333,3.8525,0,0,1.0,0
CELL-28,2026-07-27,2.049,3.4302,0,0,1.0,0
CELL-28,2026-07-28,2.186,3.5607,0,0,1.0,0
CELL-28,2026-07-29,2.656,3.9719,0,0,1.0,0
CELL-28,2026-07-30,2.333,3.6939,0,0,1.0,0
CELL-28,2026-07-31,2.333,3.7442,0,0,1.0,0
CELL-28,2026-08-01,2.489,3.7237,0,0,1.0,0
CELL-28,2026-08-02,2.186,3.4564,0,0,1.0,0
CELL-28,2026-08-03,2.049,3.3445,0,0,1.0,0
CELL-28,2026-08-04,1.92,3.1343,0,0,1.0,0
CELL-28,2026-08-05,2.186,3.4638,0,0,1.0,0
CELL-28,2026-08-06,2.186,3.4442,0,0,1.0,0
CELL-28,2026-08-07,2.186,3.5975,0,0,1.0,0
CELL-28,2026-08-08,2.186,3.7104,0,0,1.0,0
CELL-28,2026-08-09,2.333,3.8043,0,0,1.0,0
CELL-28,2026-08-10,2.333,3.876,0,0,1.0,0
CELL-28,2026-08-11,2.049,3.3555,0,0,1.0,0
CELL-28,2026-08-12,2.049,3.4187,0,0,1.0,0
CELL-28,2026-08-13,2.186,3.6503,0,0,1.0,0
CELL-28,2026-08-14,2.186,3.5671,0,0,1.0,0
CELL-28,2026-08-15,2.186,3.6275,0,0,1.0,0
CELL-28,2026-08-16,2.049,3.4696,0,0,1.0,0
CELL-28,2026-08-17,1.92,3.2195,0,0,1.0,0
CELL-28,2026-08-18,2.186,3.2696,0,0,1.0,0
CELL-28,2026-08-19,2.333,3.749,0,0,1.0,0
CELL-28,2026-08-20,2.333,3.8089,0,0,1.0,0
CELL-28,2026-08-21,2.489,3.93,0,0,1.0,0
CELL-28,2026-08-22,2.333,3.8955,0,0,1.0,0
CELL-28,2026-08-23,2.186,3.5869,0,0,1.0,0
CELL-28,2026-08-24,2.186,3.589,0,0,1.0,0
CELL-28,2026-08-25,2.186,3.6322,0,0,1.0,0
CELL-28,2026-08-26,2.333,3.8922,0,0,1.0,0
CELL-28,2026-08-27,2.333,3.6881,0,0,1.0,0
CELL-28,2026-08-28,2.489,4.039,0,0,1.0,0
CELL-28,2026-08-29,2.333,4.0215,0,0,1.0,0
CELL-28,2026-08-30,2.186,3.6557,0,0,1.0,0
CELL-28,2026-08-31,2.186,3.6333,0,0,1.0,0
CELL-28,2026-09-01,2.186,3.4378,0,0,1.0,0
CELL-28,2026-09-02,2.489,3.7066,0,0,1.0,0
CELL-28,2026-09-03,2.333,3.6875,0,0,1.0,0
CELL-28,2026-09-04,2.186,3.641,0,0,1.0,0
CELL-28,2026-09-05,2.333,3.6733,0,0,1.0,0
CELL-28,2026-09-06,2.186,3.6381,0,0,1.0,0
CELL-28,2026-09-07,2.049,3.4062,0,0,1.0,0
CELL-28,2026-09-08,2.049,3.3644,0,0,1.0,0
CELL-28,2026-09-09,2.333,3.6957,0,0,1.0,0
CELL-28,2026-09-10,2.333,3.8385,0,0,1.0,0
CELL-28,2026-09-11,2.333,3.6705,0,0,1.0,0
CELL-28,2026-09-12,2.333,3.816,0,0,1.0,0
CELL-28,2026-09-13,2.489,3.7278,0,0,1.0,0
CELL-28,2026-09-14,2.186,3.4605,0,0,1.0,0
CELL-28,2026-09-15,2.049,3.3406,0,0,1.0,0
CELL-28,2026-09-16,2.333,3.7885,0,0,1.0,0
CELL-28,2026-09-17,2.186,3.6377,0,0,1.0,0
CELL-28,2026-09-18,2.186,3.5423,0,0,1.0,0
CELL-28,2026-09-19,2.186,3.5472,0,0,1.0,0
CELL-28,2026-09-20,2.186,3.5794,0,0,1.0,0
CELL-28,2026-09-21,2.049,3.3257,0,0,1.0,0
CELL-28,2026-09-22,2.186,3.5635,0,0,1.0,0
CELL-28,2026-09-23,2.333,3.6843,0,0,1.0,0
CELL-28,2026-09-24,2.186,3.5929,0,0,1.0,0
CELL-28,2026-09-25,2.333,3.4951,0,0,1.0,0
CELL-28,2026-09-26,2.333,3.8122,0,0,1.0,0
CELL-28,2026-09-27,2.049,3.4712,0,0,1.0,0
CELL-29,2026-04-01,1.143,2.219,0,0,1.0,0
CELL-29,2026-04-02,1.22,2.4141,0,0,1.0,0
CELL-29,2026-04-03,1.143,2.1997,0,0,1.0,0
CELL-29,2026-04-04,1.071,2.1751,0,0,1.0,0
CELL-29,2026-04-05,1.071,2.1612,0,0,1.0,0
CELL-29,2026-04-06,1.071,1.8901,1,0,1.0,0
CELL-29,2026-04-07,1.071,1.8768,1,0,1.0,0
CELL-29,2026-04-08,1.004,2.238,0,0,1.0,0
CELL-29,2026-04-09,1.143,2.289,0,0,1.0,0
CELL-29,2026-04-10,1.071,2.1553,0,0,1.0,0
CELL-29,2026-04-11,1.143,2.1994,0,0,1.0,0
CELL-29,2026-04-12,1.071,2.1227,0,0,1.0,0
CELL-29,2026-04-13,0.882,1.9473,0,0,1.0,0
CELL-29,2026-04-14,1.004,2.0028,0,0,1.0,0
CELL-29,2026-04-15,0.882,1.9539,0,0,1.0,0
CELL-29,2026-04-16,1.004,2.0066,0,0,1.0,0
CELL-29,2026-04-17,1.071,2.0795,0,0,1.0,0
CELL-29,2026-04-18,1.071,2.1262,0,0,1.0,0
CELL-29,2026-04-19,0.941,2.0997,0,0,1.0,0
CELL-29,2026-04-20,1.071,2.0757,0,0,1.0,0
CELL-29,2026-04-21,0.941,1.9171,0,0,1.0,0
CELL-29,2026-04-22,1.071,2.1291,0,0,1.0,0
CELL-29,2026-04-23,1.071,2.0609,0,0,1.0,0
CELL-29,2026-04-24,1.143,2.2586,0,0,1.0,0
CELL-29,2026-04-25,1.143,2.2801,0,0,1.0,0
CELL-29,2026-04-26,1.071,2.1839,0,0,1.0,0
CELL-29,2026-04-27,1.004,2.2301,0,0,1.0,0
CELL-29,2026-04-28,1.071,2.1037,0,0,1.0,0
CELL-29,2026-04-29,1.143,2.2514,0,0,1.0,0
CELL-29,2026-04-30,1.143,2.2768,0,0,1.0,0
CELL-29,2026-05-01,1.143,2.3554,0,0,1.0,0
CELL-29,2026-05-02,1.071,2.1142,0,0,1.0,0
CELL-29,2026-05-03,1.004,2.2361,0,0,1.0,0
CELL-29,2026-05-04,1.22,2.3566,0,0,1.0,0
CELL-29,2026-05-05,1.071,2.1689,0,0,1.0,0
CELL-29,2026-05-06,1.143,2.3048,0,0,1.0,0
CELL-29,2026-05-07,1.143,2.2585,0,0,1.0,0
CELL-29,2026-05-08,1.143,2.3275,0,0,1.0,0
CELL-29,2026-05-09,1.143,2.2565,0,0,1.0,0
CELL-29,2026-05-10,1.004,2.2315,0,0,1.0,0
CELL-29,2026-05-11,1.071,2.0793,0,0,1.0,0
CELL-29,2026-05-12,1.071,2.1779,0,0,1.0,0
CELL-29,2026-05-13,1.004,2.0233,0,0,1.0,0
CELL-29,2026-05-14,1.143,2.2446,0,0,1.0,0
CELL-29,2026-05-15,1.004,2.2201,0,0,1.0,0
CELL-29,2026-05-16,1.143,2.2426,0,0,1.0,0
CELL-29,2026-05-17,1.143,2.2992,0,0,1.0,0
CELL-29,2026-05-18,1.143,2.2932,0,0,1.0,0
CELL-29,2026-05-19,1.071,2.1205,0,0,1.0,0
CELL-29,2026-05-20,1.004,2.2016,0,0,1.0,0
CELL-29,2026-05-21,1.143,2.2472,0,0,1.0,0
CELL-29,2026-05-22,1.004,2.2379,0,0,1.0,0
CELL-29,2026-05-23,1.004,1.9754,0,0,1.0,0
CELL-29,2026-05-24,1.004,2.0677,0,0,1.0,0
CELL-29,2026-05-25,1.004,1.9397,0,0,1.0,0
CELL-29,2026-05-26,1.004,2.0299,0,0,1.0,0
CELL-29,2026-05-27,1.071,2.0607,0,0,1.0,0
CELL-29,2026-05-28,1.071,2.0759,0,0,1.0,0
CELL-29,2026-05-29,1.004,2.0004,0,0,1.0,0
CELL-29,2026-05-30,1.071,2.155,0,0,1.0,0
CELL-29,2026-05-31,1.071,2.1303,0,0,1.0,0
CELL-29,2026-06-01,1.004,1.9776,0,0,1.0,0
CELL-29,2026-06-02,0.882,1.9685,0,0,1.0,0
CELL-29,2026-06-03,1.071,2.1525,0,0,0.61,0
CELL-29,2026-06-04,1.143,2.3332,0,0,1.0,0
CELL-29,2026-06-05,1.143,2.3407,0,0,1.0,0
CELL-29,2026-06-06,1.004,2.2212,0,0,1.0,0
CELL-29,2026-06-07,1.071,2.1504,0,0,1.0,0
CELL-29,2026-06-08,0.882,1.9443,0,0,1.0,0
CELL-29,2026-06-09,1.004,2.013,0,0,1.0,0
CELL-29,2026-06-10,1.071,2.1799,0,0,1.0,0
CELL-29,2026-06-11,0.941,2.0976,0,0,1.0,0
CELL-29,2026-06-12,0.941,2.0957,0,0,1.0,0
CELL-29,2026-06-13,1.143,2.3034,0,0,1.0,0
CELL-29,2026-06-14,1.143,2.3229,0,0,1.0,0
CELL-29,2026-06-15,1.143,2.2147,0,0,1.0,0
CELL-29,2026-06-16,1.071,2.1262,0,0,1.0,0
CELL-29,2026-06-17,1.004,2.2013,0,0,1.0,0
CELL-29,2026-06-18,1.071,2.1186,0,0,1.0,0
CELL-29,2026-06-19,1.071,2.2072,0,0,1.0,0
CELL-29,2026-06-20,1.071,2.1481,0,0,1.0,0
CELL-29,2026-06-21,1.071,2.2103,0,0,1.0,0
CELL-29,2026-06-22,1.071,2.166,0,0,1.0,0
CELL-29,2026-06-23,1.071,2.2054,0,0,1.0,0
CELL-29,2026-06-24,1.22,2.4332,0,0,1.0,0
CELL-29,2026-06-25,1.143,2.2628,0,0,1.0,0
CELL-29,2026-06-26,1.071,2.2117,0,0,1.0,0
CELL-29,2026-06-27,1.071,2.1165,0,0,1.0,0
CELL-29,2026-06-28,1.143,2.2004,0,0,1.0,0
CELL-29,2026-06-29,1.004,2.0384,0,0,1.0,0
CELL-29,2026-06-30,0.941,1.9007,0,0,1.0,0
CELL-29,2026-07-01,1.071,2.1572,0,0,1.0,0
CELL-29,2026-07-02,1.004,2.2232,0,0,1.0,0
CELL-29,2026-07-03,1.143,2.2911,0,0,1.0,0
CELL-29,2026-07-04,1.004,2.2371,0,0,1.0,0
CELL-29,2026-07-05,1.004,2.0427,0,0,1.0,0
CELL-29,2026-07-06,0.941,2.0988,0,0,1.0,0
CELL-29,2026-07-07,1.071,2.1574,0,0,1.0,0
CELL-29,2026-07-08,1.004,2.0302,0,0,1.0,0
CELL-29,2026-07-09,1.071,2.149,0,0,1.0,0
CELL-29,2026-07-10,1.143,2.1983,0,0,1.0,0
CELL-29,2026-07-11,1.071,2.1521,0,0,1.0,0
CELL-29,2026-07-12,1.071,2.144,0,0,1.0,0
CELL-29,2026-07-13,1.071,2.2068,0,0,1.0,0
CELL-29,2026-07-14,1.143,2.3078,0,0,1.0,0
CELL-29,2026-07-15,1.22,2.357,0,0,1.0,0
CELL-29,2026-07-16,1.143,2.5459,0,0,1.0,0
CELL-29,2026-07-17,1.22,2.4352,0,0,1.0,0
CELL-29,2026-07-18,1.143,2.2587,0,0,1.0,0
CELL-29,2026-07-19,1.22,2.4606,0,0,1.0,0
CELL-29,2026-07-20,0.941,2.0987,0,0,1.0,0
CELL-29,2026-07-21,1.004,2.0302,0,0,1.0,0
CELL-29,2026-07-22,1.071,2.1902,0,0,1.0,0
CELL-29,2026-07-23,1.143,2.2749,0,0,1.0,0
CELL-29,2026-07-24,1.143,2.2589,0,0,1.0,0
CELL-29,2026-07-25,1.004,2.0342,0,0,1.0,0
CELL-29,2026-07-26,1.004,2.0401,0,0,1.0,0
CELL-29,2026-07-27,1.004,1.9769,0,0,1.0,0
CELL-29,2026-07-28,0.941,2.0949,0,0,1.0,0
CELL-29,2026-07-29,1.071,2.3705,0,0,1.0,0
CELL-29,2026-07-30,1.22,2.4649,0,0,1.0,0
CELL-29,2026-07-31,1.22,2.4923,0,0,1.0,0
CELL-29,2026-08-01,1.301,2.5267,0,0,1.0,0
CELL-29,2026-08-02,1.301,2.6289,0,0,1.0,0
CELL-29,2026-08-03,1.143,2.262,0,0,1.0,0
CELL-29,2026-08-04,1.143,2.3185,0,0,1.0,0
CELL-29,2026-08-05,1.22,2.4484,0,0,1.0,0
CELL-29,2026-08-06,1.004,2.2415,0,0,1.0,0
CELL-29,2026-08-07,1.22,2.4457,0,0,1.0,0
CELL-29,2026-08-08,1.22,2.4113,0,0,1.0,0
CELL-29,2026-08-09,1.143,2.2755,0,0,1.0,0
CELL-29,2026-08-10,1.071,2.21,0,0,1.0,0
CELL-29,2026-08-11,1.004,2.0725,0,0,1.0,0
CELL-29,2026-08-12,1.143,2.1977,0,0,1.0,0
CELL-29,2026-08-13,1.301,2.4999,0,0,1.0,0
CELL-29,2026-08-14,1.143,2.3261,0,0,1.0,0
CELL-29,2026-08-15,1.22,1.9417,2,0,1.0,0
CELL-29,2026-08-16,1.143,2.33,0,0,1.0,0
CELL-29,2026-08-17,1.071,2.1734,0,0,1.0,0
CELL-29,2026-08-18,0.941,2.0839,0,0,1.0,0
CELL-29,2026-08-19,0.941,2.089,0,0,1.0,0
CELL-29,2026-08-20,1.071,2.1522,0,0,1.0,0
CELL-29,2026-08-21,1.071,2.1661,0,0,1.0,0
CELL-29,2026-08-22,1.143,2.2864,0,0,1.0,0
CELL-29,2026-08-23,0.941,2.0749,0,0,1.0,0
CELL-29,2026-08-24,0.941,2.0822,0,0,1.0,0
CELL-29,2026-08-25,1.004,2.0175,0,0,1.0,0
CELL-29,2026-08-26,1.004,2.24,0,0,1.0,0
CELL-29,2026-08-27,1.22,2.357,0,0,1.0,0
CELL-29,2026-08-28,1.071,2.1935,0,0,1.0,0
CELL-29,2026-08-29,1.071,2.1801,0,0,1.0,0
CELL-29,2026-08-30,0.941,2.0908,0,0,1.0,0
CELL-29,2026-08-31,1.071,2.1656,0,0,1.0,0
CELL-29,2026-09-01,1.004,1.9889,0,0,1.0,0
CELL-29,2026-09-02,1.004,2.2176,0,0,1.0,0
CELL-29,2026-09-03,1.143,2.2929,0,0,1.0,0
CELL-29,2026-09-04,1.071,2.1564,0,0,1.0,0
CELL-29,2026-09-05,1.004,2.0343,0,0,1.0,0
CELL-29,2026-09-06,1.004,2.2213,0,0,1.0,0
CELL-29,2026-09-07,1.143,2.2493,0,0,1.0,0
CELL-29,2026-09-08,1.143,2.2757,0,0,1.0,0
CELL-29,2026-09-09,1.301,2.5766,0,0,1.0,0
CELL-29,2026-09-10,1.301,2.5262,0,0,1.0,0
CELL-29,2026-09-11,1.22,2.3929,0,0,1.0,0
CELL-29,2026-09-12,1.22,2.4646,0,0,1.0,0
CELL-29,2026-09-13,1.004,2.0083,0,0,1.0,0
CELL-29,2026-09-14,0.941,1.811,0,0,1.0,0
CELL-29,2026-09-15,0.826,1.8378,0,0,1.0,0
CELL-29,2026-09-16,0.941,2.0925,0,0,1.0,0
CELL-29,2026-09-17,1.071,2.2063,0,0,1.0,0
CELL-29,2026-09-18,1.004,2.2284,0,0,1.0,0
CELL-29,2026-09-19,1.004,2.0051,0,0,1.0,0
CELL-29,2026-09-20,1.004,2.0696,0,0,1.0,0
CELL-29,2026-09-21,1.071,2.1397,0,0,1.0,0
CELL-29,2026-09-22,1.071,2.1525,0,0,1.0,0
CELL-29,2026-09-23,1.004,2.2204,0,0,1.0,0
CELL-29,2026-09-24,1.143,2.2792,0,0,1.0,0
CELL-29,2026-09-25,1.004,2.2372,0,0,1.0,0
CELL-29,2026-09-26,1.071,2.1733,0,0,1.0,0
CELL-29,2026-09-27,0.941,2.0867,0,0,1.0,0
CELL-30,2026-04-01,0.826,1.2268,0,0,1.0,0
CELL-30,2026-04-02,0.826,1.281,0,0,1.0,0
CELL-30,2026-04-03,0.826,1.2695,0,0,1.0,0
CELL-30,2026-04-04,0.826,1.2852,0,0,1.0,0
CELL-30,2026-04-05,0.774,1.1671,0,0,1.0,0
CELL-30,2026-04-06,0.68,1.0809,0,0,1.0,0
CELL-30,2026-04-07,0.726,1.088,0,0,1.0,0
CELL-30,2026-04-08,0.726,1.1734,0,0,1.0,0
CELL-30,2026-04-09,0.826,1.3128,0,0,1.0,0
CELL-30,2026-04-10,0.882,1.3427,0,0,0.6,0
CELL-30,2026-04-11,0.882,1.4085,0,0,1.0,0
CELL-30,2026-04-12,0.882,1.3255,0,0,1.0,0
CELL-30,2026-04-13,0.774,1.1821,0,0,1.0,0
CELL-30,2026-04-14,0.774,1.189,0,0,1.0,0
CELL-30,2026-04-15,0.726,1.1125,0,0,1.0,0
CELL-30,2026-04-16,0.726,1.1418,0,0,1.0,0
CELL-30,2026-04-17,0.826,1.224,0,0,1.0,0
CELL-30,2026-04-18,0.726,1.1581,0,0,1.0,0
CELL-30,2026-04-19,0.68,1.0618,0,0,1.0,0
CELL-30,2026-04-20,0.638,0.9599,0,0,1.0,0
CELL-30,2026-04-21,0.774,1.1678,0,0,1.0,0
CELL-30,2026-04-22,0.882,1.3213,0,0,1.0,0
CELL-30,2026-04-23,0.826,1.28,0,0,1.0,0
CELL-30,2026-04-24,0.826,1.2771,0,0,1.0,0
CELL-30,2026-04-25,0.774,1.2359,0,0,1.0,0
CELL-30,2026-04-26,0.726,1.1386,0,0,1.0,0
CELL-30,2026-04-27,0.68,1.103,0,0,1.0,0
CELL-30,2026-04-28,0.638,0.9865,0,0,0.61,0
CELL-30,2026-04-29,0.726,1.1761,0,0,1.0,0
CELL-30,2026-04-30,0.774,1.1508,0,0,1.0,0
CELL-30,2026-05-01,0.726,1.1554,0,0,1.0,0
CELL-30,2026-05-02,0.774,1.2048,0,0,1.0,0
CELL-30,2026-05-03,0.726,1.17,0,0,1.0,0
CELL-30,2026-05-04,0.774,1.1475,0,0,1.0,0
CELL-30,2026-05-05,0.726,1.1042,0,0,1.0,0
CELL-30,2026-05-06,0.826,1.2713,0,0,1.0,0
CELL-30,2026-05-07,0.882,1.3244,0,0,1.0,0
CELL-30,2026-05-08,0.882,1.3772,0,0,1.0,0
CELL-30,2026-05-09,0.826,1.2406,0,0,1.0,0
CELL-30,2026-05-10,0.726,1.1721,0,0,1.0,0
CELL-30,2026-05-11,0.774,1.1562,0,0,1.0,0
CELL-30,2026-05-12,0.68,1.0699,0,0,1.0,0
CELL-30,2026-05-13,0.826,1.2252,0,0,1.0,0
CELL-30,2026-05-14,0.826,1.2725,0,0,1.0,0
CELL-30,2026-05-15,0.774,1.2222,0,0,1.0,0
CELL-30,2026-05-16,0.882,1.3706,0,0,1.0,0
CELL-30,2026-05-17,0.882,1.3552,0,0,1.0,0
CELL-30,2026-05-18,0.826,1.2778,0,0,1.0,0
CELL-30,2026-05-19,0.774,1.2138,0,0,1.0,0
CELL-30,2026-05-20,0.774,1.1883,0,0,1.0,0
CELL-30,2026-05-21,0.826,1.2234,0,0,1.0,0
CELL-30,2026-05-22,0.882,1.3439,0,0,1.0,0
CELL-30,2026-05-23,0.774,1.1861,0,0,1.0,0
CELL-30,2026-05-24,0.726,1.1744,0,0,1.0,0
CELL-30,2026-05-25,0.774,1.1941,0,0,1.0,0
CELL-30,2026-05-26,0.726,1.0021,1,0,1.0,0
CELL-30,2026-05-27,0.774,1.0903,1,0,1.0,0
CELL-30,2026-05-28,0.726,1.1602,0,0,1.0,0
CELL-30,2026-05-29,0.774,1.2325,0,0,1.0,0
CELL-30,2026-05-30,0.882,1.3303,0,0,0.56,0
CELL-30,2026-05-31,0.826,1.2938,0,0,1.0,0
CELL-30,2026-06-01,0.726,1.1758,0,0,1.0,0
CELL-30,2026-06-02,0.726,1.1078,0,0,1.0,0
CELL-30,2026-06-03,0.774,1.1627,0,0,1.0,0
CELL-30,2026-06-04,0.774,1.2049,0,0,1.0,0
CELL-30,2026-06-05,0.774,1.2214,0,0,1.0,0
CELL-30,2026-06-06,0.826,1.2682,0,0,1.0,0
CELL-30,2026-06-07,0.68,1.1023,0,0,1.0,0
CELL-30,2026-06-08,0.774,1.2549,0,0,1.0,0
CELL-30,2026-06-09,0.68,1.0827,0,0,1.0,0
CELL-30,2026-06-10,0.726,1.1725,0,0,1.0,0
CELL-30,2026-06-11,0.826,1.2464,0,0,1.0,0
CELL-30,2026-06-12,0.882,1.3101,0,0,1.0,0
CELL-30,2026-06-13,0.826,1.223,0,0,1.0,0
CELL-30,2026-06-14,0.726,1.1721,0,0,1.0,0
CELL-30,2026-06-15,0.68,1.0721,0,0,1.0,0
CELL-30,2026-06-16,0.597,0.9689,0,0,1.0,0
CELL-30,2026-06-17,0.68,1.0157,0,0,1.0,0
CELL-30,2026-06-18,0.68,1.1031,0,0,1.0,0
CELL-30,2026-06-19,0.774,1.1933,0,0,1.0,0
CELL-30,2026-06-20,0.68,1.1027,0,0,1.0,0
CELL-30,2026-06-21,0.726,1.1723,0,0,1.0,0
CELL-30,2026-06-22,0.726,1.1366,0,0,1.0,0
CELL-30,2026-06-23,0.68,1.097,0,0,1.0,0
CELL-30,2026-06-24,0.774,1.1674,0,0,1.0,0
CELL-30,2026-06-25,0.726,1.1249,0,0,1.0,0
CELL-30,2026-06-26,0.726,1.144,0,0,1.0,0
CELL-30,2026-06-27,0.726,1.1134,0,0,1.0,0
CELL-30,2026-06-28,0.726,1.1235,0,0,1.0,0
CELL-30,2026-06-29,0.726,1.1235,0,0,1.0,0
CELL-30,2026-06-30,0.774,1.2034,0,0,1.0,0
CELL-30,2026-07-01,0.826,1.284,0,0,1.0,0
CELL-30,2026-07-02,0.826,1.2241,0,0,1.0,0
CELL-30,2026-07-03,0.774,1.22,0,0,1.0,0
CELL-30,2026-07-04,0.826,1.266,0,0,1.0,0
CELL-30,2026-07-05,0.774,1.2484,0,0,1.0,0
CELL-30,2026-07-06,0.774,1.1811,0,0,1.0,0
CELL-30,2026-07-07,0.774,1.2162,0,0,1.0,0
CELL-30,2026-07-08,0.826,1.2823,0,0,1.0,0
CELL-30,2026-07-09,0.882,1.3586,0,0,1.0,0
CELL-30,2026-07-10,0.882,1.3163,0,0,1.0,0
CELL-30,2026-07-11,0.882,1.3596,0,0,1.0,0
CELL-30,2026-07-12,0.882,1.3636,0,0,1.0,0
CELL-30,2026-07-13,0.826,1.3035,0,0,1.0,0
CELL-30,2026-07-14,0.882,1.3861,0,0,1.0,0
CELL-30,2026-07-15,0.882,1.3623,0,0,1.0,0
CELL-30,2026-07-16,0.826,1.2882,0,0,1.0,0
CELL-30,2026-07-17,0.826,1.2829,0,0,1.0,0
CELL-30,2026-07-18,0.826,1.2867,0,0,1.0,0
CELL-30,2026-07-19,0.726,1.1739,0,0,1.0,0
CELL-30,2026-07-20,0.774,1.1925,0,0,1.0,0
CELL-30,2026-07-21,0.774,1.1476,0,0,1.0,0
CELL-30,2026-07-22,0.826,1.2417,0,0,1.0,0
CELL-30,2026-07-23,0.774,1.2352,0,0,1.0,0
CELL-30,2026-07-24,0.826,1.2671,0,0,1.0,0
CELL-30,2026-07-25,0.826,1.2922,0,0,1.0,0
CELL-30,2026-07-26,0.826,1.2623,0,0,1.0,0
CELL-30,2026-07-27,0.774,1.15,0,0,1.0,0
CELL-30,2026-07-28,0.774,1.188,0,0,1.0,0
CELL-30,2026-07-29,0.826,1.2655,0,0,1.0,0
CELL-30,2026-07-30,0.882,1.3559,0,0,1.0,0
CELL-30,2026-07-31,0.882,1.3578,0,0,1.0,0
CELL-30,2026-08-01,0.826,1.2624,0,0,0.57,0
CELL-30,2026-08-02,0.726,1.1543,0,0,1.0,0
CELL-30,2026-08-03,0.774,1.1482,0,0,1.0,0
CELL-30,2026-08-04,0.68,1.0973,0,0,1.0,0
CELL-30,2026-08-05,0.826,1.2653,0,0,1.0,0
CELL-30,2026-08-06,0.826,1.2998,0,0,1.0,0
CELL-30,2026-08-07,0.826,1.301,0,0,1.0,0
CELL-30,2026-08-08,0.774,1.2157,0,0,1.0,0
CELL-30,2026-08-09,0.774,1.1662,0,0,1.0,0
CELL-30,2026-08-10,0.726,1.1771,0,0,1.0,0
CELL-30,2026-08-11,0.726,1.1403,0,0,1.0,0
CELL-30,2026-08-12,0.774,1.1956,0,0,1.0,0
CELL-30,2026-08-13,0.826,1.2787,0,0,1.0,0
CELL-30,2026-08-14,0.774,1.1916,0,0,1.0,0
CELL-30,2026-08-15,0.774,1.2489,0,0,1.0,0
CELL-30,2026-08-16,0.774,1.2124,0,0,1.0,0
CELL-30,2026-08-17,0.726,1.1751,0,0,1.0,0
CELL-30,2026-08-18,0.774,1.1642,0,0,1.0,0
CELL-30,2026-08-19,0.774,1.2149,0,0,1.0,0
CELL-30,2026-08-20,0.826,1.2784,0,0,1.0,0
CELL-30,2026-08-21,0.774,1.2538,0,0,1.0,0
CELL-30,2026-08-22,0.774,1.1981,0,0,1.0,0
CELL-30,2026-08-23,0.726,1.1537,0,0,1.0,0
CELL-30,2026-08-24,0.726,1.1209,0,0,1.0,0
CELL-30,2026-08-25,0.774,1.2175,0,0,1.0,0
CELL-30,2026-08-26,0.826,1.3172,0,0,1.0,0
CELL-30,2026-08-27,0.726,1.1706,0,0,1.0,0
CELL-30,2026-08-28,0.774,1.1857,0,0,1.0,0
CELL-30,2026-08-29,0.826,1.2601,0,0,1.0,0
CELL-30,2026-08-30,0.774,1.2108,0,0,1.0,0
CELL-30,2026-08-31,0.774,1.23,0,0,1.0,0
CELL-30,2026-09-01,0.826,1.2846,0,0,1.0,0
CELL-30,2026-09-02,0.882,1.3819,0,0,1.0,0
CELL-30,2026-09-03,0.882,1.3506,0,0,1.0,0
CELL-30,2026-09-04,0.826,1.3195,0,0,1.0,0
CELL-30,2026-09-05,0.882,1.3214,0,0,1.0,0
CELL-30,2026-09-06,0.826,1.3346,0,0,1.0,0
CELL-30,2026-09-07,0.882,1.3224,0,0,1.0,0
CELL-30,2026-09-08,0.774,1.2297,0,0,1.0,0
CELL-30,2026-09-09,0.826,1.3378,0,0,1.0,0
CELL-30,2026-09-10,0.941,1.4603,0,0,1.0,0
CELL-30,2026-09-11,0.941,1.3947,0,0,1.0,0
CELL-30,2026-09-12,0.941,1.4671,0,0,1.0,0
CELL-30,2026-09-13,0.882,1.3092,0,0,1.0,0
CELL-30,2026-09-14,0.826,1.2418,0,0,1.0,0
CELL-30,2026-09-15,0.774,1.2309,0,0,1.0,0
CELL-30,2026-09-16,0.826,1.2464,0,0,1.0,0
CELL-30,2026-09-17,0.826,1.2601,0,0,1.0,0
CELL-30,2026-09-18,0.882,1.3629,0,0,1.0,0
CELL-30,2026-09-19,0.826,1.2837,0,0,1.0,0
CELL-30,2026-09-20,1.143,1.782,0,1,1.0,0
CELL-30,2026-09-21,1.143,1.7476,0,1,1.0,0
CELL-30,2026-09-22,1.071,1.6643,0,1,1.0,0
CELL-30,2026-09-23,0.826,1.2798,0,0,1.0,0
CELL-30,2026-09-24,0.774,1.2495,0,0,1.0,0
CELL-30,2026-09-25,0.774,1.2084,0,0,1.0,0
CELL-30,2026-09-26,0.826,1.2414,0,0,1.0,0
CELL-30,2026-09-27,0.774,1.2332,0,0,1.0,0
CELL-31,2026-04-01,1.481,2.6368,0,1,1.0,0
CELL-31,2026-04-02,1.143,2.0294,0,0,1.0,0
CELL-31,2026-04-03,1.22,2.1532,0,0,1.0,0
CELL-31,2026-04-04,1.143,1.962,0,0,1.0,0
CELL-31,2026-04-05,1.143,2.0118,0,0,1.0,0
CELL-31,2026-04-06,1.004,1.7304,0,0,1.0,0
CELL-31,2026-04-07,0.941,1.6801,0,0,1.0,0
CELL-31,2026-04-08,0.941,1.6499,0,0,1.0,0
CELL-31,2026-04-09,1.004,1.7548,0,0,1.0,0
CELL-31,2026-04-10,1.071,1.826,0,0,1.0,0
CELL-31,2026-04-11,1.071,1.8298,0,0,1.0,0
CELL-31,2026-04-12,1.071,1.912,0,0,1.0,0
CELL-31,2026-04-13,1.071,1.8559,0,0,1.0,0
CELL-31,2026-04-14,1.004,1.8144,0,0,1.0,0
CELL-31,2026-04-15,1.481,2.657,0,1,1.0,0
CELL-31,2026-04-16,1.687,2.9109,0,1,1.0,0
CELL-31,2026-04-17,1.301,2.2152,0,0,1.0,0
CELL-31,2026-04-18,1.143,2.0262,0,0,1.0,0
CELL-31,2026-04-19,1.004,1.7672,0,0,1.0,0
CELL-31,2026-04-20,1.004,1.7153,0,0,1.0,0
CELL-31,2026-04-21,0.941,1.6214,0,0,1.0,0
CELL-31,2026-04-22,1.004,1.8102,0,0,1.0,0
CELL-31,2026-04-23,1.143,2.0461,0,0,1.0,0
CELL-31,2026-04-24,1.143,2.0412,0,0,1.0,0
CELL-31,2026-04-25,1.301,2.2256,0,0,1.0,0
CELL-31,2026-04-26,1.22,2.1147,0,0,1.0,0
CELL-31,2026-04-27,1.143,1.9563,0,0,1.0,0
CELL-31,2026-04-28,1.143,1.994,0,0,1.0,0
CELL-31,2026-04-29,1.071,1.9328,0,0,1.0,0
CELL-31,2026-04-30,1.071,1.8505,0,0,1.0,0
CELL-31,2026-05-01,1.143,1.9895,0,0,1.0,0
CELL-31,2026-05-02,1.004,1.7738,0,0,1.0,0
CELL-31,2026-05-03,1.143,2.0392,0,0,1.0,0
CELL-31,2026-05-04,1.143,2.0063,0,0,1.0,0
CELL-31,2026-05-05,1.071,1.8293,0,0,1.0,0
CELL-31,2026-05-06,1.071,1.8331,2,0,1.0,0
CELL-31,2026-05-07,1.071,1.8097,2,0,1.0,0
CELL-31,2026-05-08,1.143,1.9853,0,0,1.0,0
CELL-31,2026-05-09,1.143,2.0361,0,0,1.0,0
CELL-31,2026-05-10,1.143,1.9631,0,0,1.0,0
CELL-31,2026-05-11,1.071,1.8906,0,0,1.0,0
CELL-31,2026-05-12,1.071,1.8744,0,0,1.0,0
CELL-31,2026-05-13,1.071,1.9201,0,0,1.0,0
CELL-31,2026-05-14,1.143,1.9934,0,0,1.0,0
CELL-31,2026-05-15,1.071,1.873,0,0,1.0,0
CELL-31,2026-05-16,1.004,1.8054,0,0,1.0,0
CELL-31,2026-05-17,1.071,1.8898,0,0,1.0,0
CELL-31,2026-05-18,1.071,1.8638,0,0,1.0,0
CELL-31,2026-05-19,1.071,1.9124,0,0,1.0,0
CELL-31,2026-05-20,1.071,1.9198,0,0,1.0,0
CELL-31,2026-05-21,1.143,1.9911,0,0,1.0,0
CELL-31,2026-05-22,1.143,2.0571,0,0,1.0,0
CELL-31,2026-05-23,1.22,2.0771,0,0,1.0,0
CELL-31,2026-05-24,1.143,1.9668,0,0,1.0,0
CELL-31,2026-05-25,1.004,1.9368,0,0,0.49,0
CELL-31,2026-05-26,1.071,1.8946,0,0,1.0,0
CELL-31,2026-05-27,1.22,2.1357,0,0,1.0,0
CELL-31,2026-05-28,1.22,2.1381,0,0,1.0,0
CELL-31,2026-05-29,1.301,2.234,0,0,1.0,0
CELL-31,2026-05-30,1.143,2.0548,0,0,1.0,0
CELL-31,2026-05-31,1.143,1.9953,0,0,1.0,0
CELL-31,2026-06-01,1.071,1.8948,0,0,1.0,0
CELL-31,2026-06-02,1.004,1.7696,0,0,1.0,0
CELL-31,2026-06-03,1.22,2.1109,0,0,1.0,0
CELL-31,2026-06-04,1.143,2.0207,0,0,1.0,0
CELL-31,2026-06-05,1.481,2.6351,0,1,1.0,0
CELL-31,2026-06-06,1.481,2.57,0,1,1.0,0
CELL-31,2026-06-07,1.481,2.6744,0,1,1.0,0
CELL-31,2026-06-08,1.071,1.857,0,0,1.0,0
CELL-31,2026-06-09,1.143,2.0208,0,0,1.0,0
CELL-31,2026-06-10,1.143,2.0252,0,0,1.0,0
CELL-31,2026-06-11,1.143,2.041,0,0,1.0,0
CELL-31,2026-06-12,1.143,2.0418,0,0,1.0,0
CELL-31,2026-06-13,1.143,2.2112,0,0,1.0,0
CELL-31,2026-06-14,1.143,2.0275,0,0,1.0,0
CELL-31,2026-06-15,1.143,1.9745,0,0,1.0,0
CELL-31,2026-06-16,1.071,1.8384,0,0,1.0,0
CELL-31,2026-06-17,1.071,1.925,0,0,1.0,0
CELL-31,2026-06-18,1.071,1.8651,0,0,1.0,0
CELL-31,2026-06-19,1.004,1.7582,0,0,1.0,0
CELL-31,2026-06-20,1.004,1.7454,0,0,1.0,0
CELL-31,2026-06-21,1.071,1.8262,0,0,1.0,0
CELL-31,2026-06-22,0.882,1.5444,1,0,1.0,0
CELL-31,2026-06-23,0.882,1.6414,1,0,1.0,0
CELL-31,2026-06-24,1.004,1.9408,0,0,1.0,0
CELL-31,2026-06-25,1.143,2.0324,0,0,1.0,0
CELL-31,2026-06-26,1.071,1.875,1,0,1.0,0
CELL-31,2026-06-27,1.143,2.0396,0,0,1.0,0
CELL-31,2026-06-28,1.143,2.0012,0,0,1.0,0
CELL-31,2026-06-29,1.071,1.8274,0,0,1.0,0
CELL-31,2026-06-30,1.071,1.9254,0,0,1.0,0
CELL-31,2026-07-01,1.143,1.9632,0,0,1.0,0
CELL-31,2026-07-02,1.22,2.0945,0,0,1.0,0
CELL-31,2026-07-03,1.301,2.2302,0,0,1.0,0
CELL-31,2026-07-04,1.22,2.1251,0,0,1.0,0
CELL-31,2026-07-05,1.143,2.0548,0,0,1.0,0
CELL-31,2026-07-06,1.071,1.9297,0,0,1.0,0
CELL-31,2026-07-07,1.004,1.8014,0,0,1.0,0
CELL-31,2026-07-08,1.143,1.9709,0,0,1.0,0
CELL-31,2026-07-09,1.22,2.0861,0,0,1.0,0
CELL-31,2026-07-10,1.143,2.04,0,0,1.0,0
CELL-31,2026-07-11,1.22,2.1434,0,0,1.0,0
CELL-31,2026-07-12,1.143,2.0085,0,0,1.0,0
CELL-31,2026-07-13,0.941,1.8187,0,0,1.0,0
CELL-31,2026-07-14,1.071,1.8736,0,0,1.0,0
CELL-31,2026-07-15,1.22,2.1063,0,0,1.0,0
CELL-31,2026-07-16,1.143,2.0199,0,0,1.0,0
CELL-31,2026-07-17,1.004,1.94,0,0,1.0,0
CELL-31,2026-07-18,1.071,1.8615,0,0,1.0,0
CELL-31,2026-07-19,1.071,1.9357,0,0,1.0,0
CELL-31,2026-07-20,1.071,1.8659,0,0,1.0,0
CELL-31,2026-07-21,1.071,1.8565,0,0,1.0,0
CELL-31,2026-07-22,1.071,1.8383,0,0,1.0,0
CELL-31,2026-07-23,1.143,2.0565,0,0,1.0,0
CELL-31,2026-07-24,1.143,1.9934,0,0,1.0,0
CELL-31,2026-07-25,1.071,1.9199,0,0,1.0,0
CELL-31,2026-07-26,1.004,1.7461,0,0,1.0,0
CELL-31,2026-07-27,1.004,1.8023,0,0,1.0,0
CELL-31,2026-07-28,1.004,1.8138,0,0,1.0,0
CELL-31,2026-07-29,1.143,2.0091,0,0,1.0,0
CELL-31,2026-07-30,0.941,1.7494,1,0,1.0,0
CELL-31,2026-07-31,0.941,1.726,1,0,1.0,0
CELL-31,2026-08-01,0.882,1.7067,0,0,1.0,0
CELL-31,2026-08-02,1.071,1.8284,0,0,1.0,0
CELL-31,2026-08-03,1.004,1.7332,0,0,1.0,0
CELL-31,2026-08-04,0.882,1.7014,0,0,1.0,0
CELL-31,2026-08-05,1.071,1.8389,0,0,1.0,0
CELL-31,2026-08-06,1.143,1.9535,0,0,1.0,0
CELL-31,2026-08-07,1.143,2.0573,0,0,1.0,0
CELL-31,2026-08-08,1.143,1.9677,0,0,1.0,0
CELL-31,2026-08-09,1.143,2.0078,0,0,1.0,0
CELL-31,2026-08-10,1.143,1.9715,0,0,1.0,0
CELL-31,2026-08-11,1.071,1.8916,0,0,1.0,0
CELL-31,2026-08-12,1.22,2.1081,0,0,1.0,0
CELL-31,2026-08-13,1.143,1.9988,0,0,1.0,0
CELL-31,2026-08-14,1.071,1.9356,0,0,1.0,0
CELL-31,2026-08-15,1.071,1.8281,0,0,1.0,0
CELL-31,2026-08-16,1.071,1.8473,0,0,1.0,0
CELL-31,2026-08-17,1.004,1.7419,0,0,1.0,0
CELL-31,2026-08-18,1.071,1.9005,0,0,1.0,0
CELL-31,2026-08-19,1.071,1.858,0,0,1.0,0
CELL-31,2026-08-20,1.071,1.9187,0,0,1.0,0
CELL-31,2026-08-21,1.143,1.9745,0,0,1.0,0
CELL-31,2026-08-22,1.143,2.0049,0,0,1.0,0
CELL-31,2026-08-23,1.22,2.087,0,0,1.0,0
CELL-31,2026-08-24,1.071,1.8687,0,0,1.0,0
CELL-31,2026-08-25,1.071,1.9338,0,0,1.0,0
CELL-31,2026-08-26,1.143,2.0459,0,0,1.0,0
CELL-31,2026-08-27,1.22,2.1775,0,0,1.0,0
CELL-31,2026-08-28,1.143,2.2054,0,0,1.0,0
CELL-31,2026-08-29,1.301,2.3104,0,0,1.0,0
CELL-31,2026-08-30,1.22,2.1592,0,0,1.0,0
CELL-31,2026-08-31,1.143,1.954,0,0,1.0,0
CELL-31,2026-09-01,1.22,2.0846,0,0,1.0,0
CELL-31,2026-09-02,1.143,2.0582,0,0,1.0,0
CELL-31,2026-09-03,1.22,2.1314,0,0,1.0,0
CELL-31,2026-09-04,1.22,2.1833,0,0,1.0,0
CELL-31,2026-09-05,1.143,2.0463,0,0,1.0,0
CELL-31,2026-09-06,1.143,2.0507,0,0,1.0,0
CELL-31,2026-09-07,1.004,1.7497,0,0,1.0,0
CELL-31,2026-09-08,1.071,1.8772,0,0,1.0,0
CELL-31,2026-09-09,1.301,2.2219,0,0,1.0,0
CELL-31,2026-09-10,1.22,2.1448,0,0,1.0,0
CELL-31,2026-09-11,1.22,2.2024,0,0,1.0,0
CELL-31,2026-09-12,1.143,1.9783,0,0,1.0,0
CELL-31,2026-09-13,1.004,1.7961,0,0,1.0,0
CELL-31,2026-09-14,1.004,1.7721,0,0,1.0,0
CELL-31,2026-09-15,1.004,1.771,0,0,1.0,0
CELL-31,2026-09-16,1.071,1.9268,0,0,1.0,0
CELL-31,2026-09-17,1.143,2.0532,0,0,1.0,0
CELL-31,2026-09-18,1.22,2.0802,0,0,1.0,0
CELL-31,2026-09-19,1.22,2.1429,0,0,1.0,0
CELL-31,2026-09-20,1.143,2.041,0,0,1.0,0
CELL-31,2026-09-21,0.941,1.8198,0,0,1.0,0
CELL-31,2026-09-22,1.071,1.8861,0,0,1.0,0
CELL-31,2026-09-23,1.004,1.9408,0,0,1.0,0
CELL-31,2026-09-24,1.071,1.8668,0,0,1.0,0
CELL-31,2026-09-25,1.143,2.0684,0,0,1.0,0
CELL-31,2026-09-26,1.143,1.9725,0,0,1.0,0
CELL-31,2026-09-27,1.071,2.0706,0,0,1.0,0
CELL-32,2026-04-01,0.333,0.4096,0,0,1.0,0
CELL-32,2026-04-02,0.333,0.4022,0,0,1.0,0
CELL-32,2026-04-03,0.379,0.4492,0,0,1.0,0
CELL-32,2026-04-04,0.356,0.4259,0,0,1.0,0
CELL-32,2026-04-05,0.333,0.4099,0,0,1.0,0
CELL-32,2026-04-06,0.356,0.4129,0,0,1.0,0
CELL-32,2026-04-07,0.312,0.3662,0,0,1.0,0
CELL-32,2026-04-08,0.333,0.3927,0,0,1.0,0
CELL-32,2026-04-09,0.333,0.3973,0,0,1.0,0
CELL-32,2026-04-10,0.333,0.4084,0,0,1.0,0
CELL-32,2026-04-11,0.312,0.3734,0,0,1.0,0
CELL-32,2026-04-12,0.312,0.3716,0,0,1.0,0
CELL-32,2026-04-13,0.312,0.3818,0,0,1.0,0
CELL-32,2026-04-14,0.312,0.3686,0,0,1.0,0
CELL-32,2026-04-15,0.356,0.414,0,0,1.0,0
CELL-32,2026-04-16,0.379,0.4445,0,0,1.0,0
CELL-32,2026-04-17,0.356,0.4309,0,0,1.0,0
CELL-32,2026-04-18,0.356,0.4303,0,0,1.0,0
CELL-32,2026-04-19,0.356,0.4176,0,0,1.0,0
CELL-32,2026-04-20,0.333,0.4066,0,0,1.0,0
CELL-32,2026-04-21,0.333,0.3945,0,0,1.0,0
CELL-32,2026-04-22,0.356,0.4372,0,0,1.0,0
CELL-32,2026-04-23,0.333,0.3873,0,0,1.0,0
CELL-32,2026-04-24,0.333,0.4021,0,0,1.0,0
CELL-32,2026-04-25,0.241,0.2889,0,0,1.0,1
CELL-32,2026-04-26,0.241,0.2785,0,0,1.0,0
CELL-32,2026-04-27,0.226,0.2669,0,0,1.0,0
CELL-32,2026-04-28,0.241,0.2862,0,0,1.0,0
CELL-32,2026-04-29,0.257,0.3132,0,0,1.0,0
CELL-32,2026-04-30,0.241,0.2926,0,0,1.0,0
CELL-32,2026-05-01,0.257,0.3138,0,0,1.0,0
CELL-32,2026-05-02,0.257,0.308,0,0,1.0,0
CELL-32,2026-05-03,0.274,0.3351,0,0,1.0,0
CELL-32,2026-05-04,0.257,0.3066,0,0,1.0,0
CELL-32,2026-05-05,0.241,0.2911,0,0,1.0,0
CELL-32,2026-05-06,0.274,0.3212,0,0,1.0,0
CELL-32,2026-05-07,0.274,0.3213,0,0,1.0,0
CELL-32,2026-05-08,0.257,0.3098,0,0,1.0,0
CELL-32,2026-05-09,0.257,0.3045,0,0,1.0,0
CELL-32,2026-05-10,0.257,0.3079,0,0,1.0,0
CELL-32,2026-05-11,0.257,0.2996,0,0,1.0,0
CELL-32,2026-05-12,0.274,0.321,0,0,1.0,0
CELL-32,2026-05-13,0.274,0.3182,0,0,1.0,0
CELL-32,2026-05-14,0.293,0.358,0,0,1.0,0
CELL-32,2026-05-15,0.274,0.332,0,0,1.0,0
CELL-32,2026-05-16,0.293,0.3519,0,0,1.0,0
CELL-32,2026-05-17,0.293,0.3397,0,0,1.0,0
CELL-32,2026-05-18,0.257,0.3162,0,0,1.0,0
CELL-32,2026-05-19,0.274,0.3234,0,0,1.0,0
CELL-32,2026-05-20,0.379,0.4561,0,1,1.0,0
CELL-32,2026-05-21,0.274,0.207,2,0,1.0,0
CELL-32,2026-05-22,0.274,0.327,0,0,1.0,0
CELL-32,2026-05-23,0.293,0.3536,0,0,1.0,0
CELL-32,2026-05-24,0.293,0.3416,0,0,1.0,0
CELL-32,2026-05-25,0.257,0.3099,0,0,1.0,0
CELL-32,2026-05-26,0.274,0.318,0,0,1.0,0
CELL-32,2026-05-27,0.274,0.3256,0,0,1.0,0
CELL-32,2026-05-28,0.274,0.3293,0,0,1.0,0
CELL-32,2026-05-29,0.312,0.3661,0,0,1.0,0
CELL-32,2026-05-30,0.274,0.3366,0,0,1.0,0
CELL-32,2026-05-31,0.274,0.3258,0,0,1.0,0
CELL-32,2026-06-01,0.274,0.3225,0,0,1.0,0
CELL-32,2026-06-02,0.274,0.321,0,0,1.0,0
CELL-32,2026-06-03,0.274,0.3354,0,0,1.0,0
CELL-32,2026-06-04,0.274,0.3176,0,0,1.0,0
CELL-32,2026-06-05,0.274,0.3272,0,0,1.0,0
CELL-32,2026-06-06,0.274,0.3333,0,0,1.0,0
CELL-32,2026-06-07,0.257,0.3106,0,0,1.0,0
CELL-32,2026-06-08,0.257,0.3035,0,0,1.0,0
CELL-32,2026-06-09,0.257,0.3149,0,0,1.0,0
CELL-32,2026-06-10,0.257,0.3107,0,0,1.0,0
CELL-32,2026-06-11,0.257,0.3067,0,0,1.0,0
CELL-32,2026-06-12,0.257,0.3074,0,0,1.0,0
CELL-32,2026-06-13,0.274,0.3346,0,0,1.0,0
CELL-32,2026-06-14,0.274,0.3211,0,0,1.0,0
CELL-32,2026-06-15,0.257,0.3026,0,0,1.0,0
CELL-32,2026-06-16,0.257,0.3071,0,0,1.0,0
CELL-32,2026-06-17,0.274,0.3322,0,0,1.0,0
CELL-32,2026-06-18,0.274,0.3305,0,0,1.0,0
CELL-32,2026-06-19,0.293,0.3455,0,0,1.0,0
CELL-32,2026-06-20,0.293,0.3561,0,0,1.0,0
CELL-32,2026-06-21,0.274,0.3366,0,0,1.0,0
CELL-32,2026-06-22,0.241,0.2906,0,0,1.0,0
CELL-32,2026-06-23,0.241,0.2822,0,0,1.0,0
CELL-32,2026-06-24,0.241,0.2802,0,0,1.0,0
CELL-32,2026-06-25,0.257,0.3011,0,0,1.0,0
CELL-32,2026-06-26,0.257,0.3099,0,0,1.0,0
CELL-32,2026-06-27,0.241,0.294,0,0,1.0,0
CELL-32,2026-06-28,0.274,0.3279,0,0,1.0,0
CELL-32,2026-06-29,0.257,0.3071,0,0,1.0,0
CELL-32,2026-06-30,0.274,0.3283,0,0,1.0,0
CELL-32,2026-07-01,0.274,0.3224,0,0,1.0,0
CELL-32,2026-07-02,0.274,0.3272,0,0,1.0,0
CELL-32,2026-07-03,0.312,0.374,0,0,1.0,0
CELL-32,2026-07-04,0.293,0.3536,0,0,1.0,0
CELL-32,2026-07-05,0.274,0.3263,0,0,1.0,0
CELL-32,2026-07-06,0.257,0.3033,0,0,1.0,0
CELL-32,2026-07-07,0.241,0.2889,0,0,1.0,0
CELL-32,2026-07-08,0.257,0.2994,0,0,1.0,0
CELL-32,2026-07-09,0.356,0.4285,0,1,1.0,0
CELL-32,2026-07-10,0.379,0.4545,0,1,1.0,0
CELL-32,2026-07-11,0.379,0.4429,0,1,1.0,0
CELL-32,2026-07-12,0.274,0.3368,0,0,1.0,0
CELL-32,2026-07-13,0.293,0.3441,0,0,1.0,0
CELL-32,2026-07-14,0.293,0.3458,0,0,1.0,0
CELL-32,2026-07-15,0.293,0.3519,0,0,1.0,0
CELL-32,2026-07-16,0.333,0.3917,0,0,1.0,0
CELL-32,2026-07-17,0.293,0.3471,0,0,1.0,0
CELL-32,2026-07-18,0.293,0.3391,0,0,1.0,0
CELL-32,2026-07-19,0.274,0.323,0,0,1.0,0
CELL-32,2026-07-20,0.257,0.3017,0,0,1.0,0
CELL-32,2026-07-21,0.257,0.3168,0,0,1.0,0
CELL-32,2026-07-22,0.274,0.3333,0,0,1.0,0
CELL-32,2026-07-23,0.293,0.3404,0,0,1.0,0
CELL-32,2026-07-24,0.274,0.3265,0,0,1.0,0
CELL-32,2026-07-25,0.274,0.3348,0,0,1.0,0
CELL-32,2026-07-26,0.274,0.3313,0,0,1.0,0
CELL-32,2026-07-27,0.274,0.3364,0,0,1.0,0
CELL-32,2026-07-28,0.274,0.3272,0,0,1.0,0
CELL-32,2026-07-29,0.274,0.3246,0,0,1.0,0
CELL-32,2026-07-30,0.274,0.3221,0,0,1.0,0
CELL-32,2026-07-31,0.241,0.2913,0,0,1.0,0
CELL-32,2026-08-01,0.257,0.3002,0,0,1.0,0
CELL-32,2026-08-02,0.257,0.3015,0,0,1.0,0
CELL-32,2026-08-03,0.333,0.3966,0,1,1.0,0
CELL-32,2026-08-04,0.356,0.4111,0,1,1.0,0
CELL-32,2026-08-05,0.257,0.3125,0,0,1.0,0
CELL-32,2026-08-06,0.241,0.2935,0,0,1.0,0
CELL-32,2026-08-07,0.257,0.3034,0,0,1.0,0
CELL-32,2026-08-08,0.274,0.3258,0,0,1.0,0
CELL-32,2026-08-09,0.274,0.3224,0,0,1.0,0
CELL-32,2026-08-10,0.257,0.3158,0,0,1.0,0
CELL-32,2026-08-11,0.257,0.2997,0,0,1.0,0
CELL-32,2026-08-12,0.293,0.3433,0,0,1.0,0
CELL-32,2026-08-13,0.293,0.34,0,0,1.0,0
CELL-32,2026-08-14,0.293,0.3519,0,0,1.0,0
CELL-32,2026-08-15,0.293,0.3608,0,0,1.0,0
CELL-32,2026-08-16,0.293,0.3434,0,0,1.0,0
CELL-32,2026-08-17,0.293,0.3468,0,0,1.0,0
CELL-32,2026-08-18,0.293,0.3446,0,0,1.0,0
CELL-32,2026-08-19,0.293,0.3533,0,0,1.0,0
CELL-32,2026-08-20,0.312,0.3827,0,0,1.0,0
CELL-32,2026-08-21,0.333,0.3883,0,0,1.0,0
CELL-32,2026-08-22,0.356,0.4123,0,0,1.0,0
CELL-32,2026-08-23,0.312,0.3701,0,0,1.0,0
CELL-32,2026-08-24,0.274,0.3305,0,0,1.0,0
CELL-32,2026-08-25,0.274,0.3202,0,0,1.0,0
CELL-32,2026-08-26,0.293,0.3441,0,0,1.0,0
CELL-32,2026-08-27,0.257,0.3053,0,0,1.0,0
CELL-32,2026-08-28,0.257,0.3108,0,0,1.0,0
CELL-32,2026-08-29,0.274,0.3311,0,0,1.0,0
CELL-32,2026-08-30,0.293,0.3414,0,0,1.0,0
CELL-32,2026-08-31,0.274,0.3361,0,0,1.0,0
CELL-32,2026-09-01,0.293,0.3393,0,0,1.0,0
CELL-32,2026-09-02,0.312,0.3699,0,0,1.0,0
CELL-32,2026-09-03,0.312,0.3773,0,0,1.0,0
CELL-32,2026-09-04,0.312,0.3646,0,0,1.0,0
CELL-32,2026-09-05,0.293,0.3387,0,0,1.0,0
CELL-32,2026-09-06,0.257,0.3052,0,0,1.0,0
CELL-32,2026-09-07,0.356,0.4249,0,1,1.0,0
CELL-32,2026-09-08,0.241,0.2911,0,0,1.0,0
CELL-32,2026-09-09,0.257,0.3043,0,0,1.0,0
CELL-32,2026-09-10,0.257,0.3162,0,0,1.0,0
CELL-32,2026-09-11,0.293,0.3515,0,0,1.0,0
CELL-32,2026-09-12,0.257,0.3126,0,0,1.0,0
CELL-32,2026-09-13,0.293,0.3543,0,0,1.0,0
CELL-32,2026-09-14,0.293,0.347,0,0,1.0,0
CELL-32,2026-09-15,0.257,0.3152,0,0,0.45,0
CELL-32,2026-09-16,0.274,0.3209,0,0,1.0,0
CELL-32,2026-09-17,0.274,0.3199,0,0,1.0,0
CELL-32,2026-09-18,0.293,0.3527,0,0,1.0,0
CELL-32,2026-09-19,0.293,0.3424,0,0,1.0,0
CELL-32,2026-09-20,0.274,0.3359,0,0,1.0,0
CELL-32,2026-09-21,0.257,0.312,0,0,1.0,0
CELL-32,2026-09-22,0.257,0.3034,0,0,1.0,0
CELL-32,2026-09-23,0.257,0.3095,0,0,1.0,0
CELL-32,2026-09-24,0.274,0.3238,0,0,1.0,0
CELL-32,2026-09-25,0.293,0.3417,0,0,1.0,0
CELL-32,2026-09-26,0.212,0.2505,0,0,1.0,1
CELL-32,2026-09-27,0.186,0.2252,0,0,1.0,0
CELL-33,2026-04-01,0.68,1.1516,0,0,1.0,0
CELL-33,2026-04-02,0.726,1.1623,0,0,1.0,0
CELL-33,2026-04-03,0.726,1.1662,0,0,1.0,0
CELL-33,2026-04-04,0.726,1.1214,0,0,1.0,0
CELL-33,2026-04-05,0.638,1.0254,0,0,1.0,0
CELL-33,2026-04-06,0.597,0.9914,0,0,1.0,0
CELL-33,2026-04-07,0.68,1.0411,0,0,1.0,0
CELL-33,2026-04-08,0.68,1.1032,0,0,1.0,0
CELL-33,2026-04-09,0.726,1.1615,0,0,1.0,0
CELL-33,2026-04-10,0.68,1.0815,0,0,1.0,0
CELL-33,2026-04-11,0.774,1.1837,0,0,1.0,0
CELL-33,2026-04-12,0.68,1.1516,0,0,1.0,0
CELL-33,2026-04-13,0.638,1.0742,0,0,1.0,0
CELL-33,2026-04-14,0.638,1.0602,0,0,1.0,0
CELL-33,2026-04-15,0.68,1.0874,0,0,1.0,0
CELL-33,2026-04-16,0.726,1.1726,0,0,1.0,0
CELL-33,2026-04-17,0.726,1.202,0,0,1.0,0
CELL-33,2026-04-18,0.774,1.3005,0,0,1.0,0
CELL-33,2026-04-19,0.826,1.2686,0,0,1.0,0
CELL-33,2026-04-20,0.726,1.2014,0,0,1.0,0
CELL-33,2026-04-21,0.68,1.102,0,0,1.0,0
CELL-33,2026-04-22,0.774,1.1955,0,0,1.0,0
CELL-33,2026-04-23,0.726,1.1806,0,0,1.0,0
CELL-33,2026-04-24,0.774,1.2335,0,0,1.0,0
CELL-33,2026-04-25,0.774,1.2704,0,0,1.0,0
CELL-33,2026-04-26,0.726,1.2262,0,0,1.0,0
CELL-33,2026-04-27,0.68,1.1066,0,0,1.0,0
CELL-33,2026-04-28,0.638,1.0469,0,0,1.0,0
CELL-33,2026-04-29,0.726,1.163,0,0,1.0,0
CELL-33,2026-04-30,0.726,1.1684,0,0,1.0,0
CELL-33,2026-05-01,0.68,1.1481,0,0,1.0,0
CELL-33,2026-05-02,0.68,1.0909,0,0,1.0,0
CELL-33,2026-05-03,0.726,1.1086,0,0,1.0,0
CELL-33,2026-05-04,0.68,1.0933,0,0,1.0,0
CELL-33,2026-05-05,0.638,1.0774,0,0,1.0,0
CELL-33,2026-05-06,0.68,1.1051,0,0,1.0,0
CELL-33,2026-05-07,0.68,1.1056,0,0,1.0,0
CELL-33,2026-05-08,0.726,1.1119,0,0,1.0,0
CELL-33,2026-05-09,0.638,1.076,0,0,1.0,0
CELL-33,2026-05-10,0.68,1.0881,0,0,1.0,0
CELL-33,2026-05-11,0.638,1.0314,0,0,1.0,0
CELL-33,2026-05-12,0.68,1.0441,0,0,1.0,0
CELL-33,2026-05-13,0.726,1.1716,0,0,1.0,0
CELL-33,2026-05-14,0.68,1.1506,0,0,1.0,0
CELL-33,2026-05-15,0.774,1.2394,0,0,1.0,0
CELL-33,2026-05-16,0.726,1.1918,0,0,1.0,0
CELL-33,2026-05-17,0.726,1.1217,0,0,1.0,0
CELL-33,2026-05-18,0.726,1.1118,0,0,1.0,0
CELL-33,2026-05-19,0.638,1.0705,0,0,1.0,0
CELL-33,2026-05-20,0.726,1.1105,0,0,1.0,0
CELL-33,2026-05-21,0.726,1.1775,0,0,1.0,0
CELL-33,2026-05-22,0.68,1.1012,0,0,1.0,0
CELL-33,2026-05-23,0.68,1.1366,0,0,1.0,0
CELL-33,2026-05-24,0.68,1.1329,0,0,1.0,0
CELL-33,2026-05-25,0.726,1.177,0,0,1.0,0
CELL-33,2026-05-26,0.726,1.1672,0,0,1.0,0
CELL-33,2026-05-27,0.774,1.2737,0,0,1.0,0
CELL-33,2026-05-28,0.726,1.2076,0,0,1.0,0
CELL-33,2026-05-29,0.774,1.252,0,0,1.0,0
CELL-33,2026-05-30,0.726,1.2192,0,0,0.49,0
CELL-33,2026-05-31,0.68,1.1474,0,0,1.0,0
CELL-33,2026-06-01,0.68,1.1241,0,0,1.0,0
CELL-33,2026-06-02,0.68,1.1026,0,0,1.0,0
CELL-33,2026-06-03,0.774,1.2317,0,0,1.0,0
CELL-33,2026-06-04,0.68,1.0902,0,0,1.0,0
CELL-33,2026-06-05,0.68,1.1316,0,0,1.0,0
CELL-33,2026-06-06,0.774,1.243,0,0,1.0,0
CELL-33,2026-06-07,0.68,1.1356,0,0,1.0,0
CELL-33,2026-06-08,0.68,1.1068,0,0,1.0,0
CELL-33,2026-06-09,0.68,1.1307,0,0,1.0,0
CELL-33,2026-06-10,0.68,1.1478,0,0,1.0,0
CELL-33,2026-06-11,0.68,1.1517,0,0,1.0,0
CELL-33,2026-06-12,0.68,1.1373,0,0,0.55,0
CELL-33,2026-06-13,0.68,1.0472,0,0,1.0,0
CELL-33,2026-06-14,0.68,1.0433,0,0,1.0,0
CELL-33,2026-06-15,0.638,1.0795,0,0,1.0,0
CELL-33,2026-06-16,0.68,1.0959,0,0,1.0,0
CELL-33,2026-06-17,0.726,1.1213,0,0,1.0,0
CELL-33,2026-06-18,0.68,1.095,0,0,0.56,0
CELL-33,2026-06-19,0.68,1.1066,0,0,1.0,0
CELL-33,2026-06-20,0.638,1.0797,0,0,1.0,0
CELL-33,2026-06-21,0.638,1.0256,0,0,1.0,0
CELL-33,2026-06-22,0.638,1.0356,0,0,1.0,0
CELL-33,2026-06-23,0.597,0.9901,0,0,1.0,0
CELL-33,2026-06-24,0.638,1.0779,0,0,1.0,0
CELL-33,2026-06-25,0.68,1.0821,0,0,1.0,0
CELL-33,2026-06-26,0.68,1.1095,0,0,1.0,0
CELL-33,2026-06-27,0.726,1.1616,0,0,1.0,0
CELL-33,2026-06-28,0.68,1.1253,0,0,1.0,0
CELL-33,2026-06-29,0.638,1.0755,0,0,1.0,0
CELL-33,2026-06-30,0.726,1.1639,0,0,1.0,0
CELL-33,2026-07-01,0.726,1.2155,0,0,1.0,0
CELL-33,2026-07-02,0.726,1.1816,0,0,1.0,0
CELL-33,2026-07-03,0.726,1.198,0,0,1.0,0
CELL-33,2026-07-04,0.774,1.2953,0,0,1.0,0
CELL-33,2026-07-05,0.726,1.1783,0,0,1.0,0
CELL-33,2026-07-06,0.726,1.1183,0,0,1.0,0
CELL-33,2026-07-07,0.638,1.0613,0,0,1.0,0
CELL-33,2026-07-08,0.774,1.1924,0,0,1.0,0
CELL-33,2026-07-09,0.726,1.2123,0,0,1.0,0
CELL-33,2026-07-10,0.726,1.2256,0,0,1.0,0
CELL-33,2026-07-11,0.726,1.1526,0,0,1.0,0
CELL-33,2026-07-12,0.774,1.1967,0,0,1.0,0
CELL-33,2026-07-13,0.774,1.085,0,0,1.0,0
CELL-33,2026-07-14,0.68,1.1425,0,0,1.0,0
CELL-33,2026-07-15,0.726,1.1667,0,0,1.0,0
CELL-33,2026-07-16,0.68,1.1159,0,0,1.0,0
CELL-33,2026-07-17,0.726,1.1646,0,0,1.0,0
CELL-33,2026-07-18,0.68,1.094,0,0,1.0,0
CELL-33,2026-07-19,0.68,1.0816,0,0,1.0,0
CELL-33,2026-07-20,0.638,1.0679,0,0,1.0,0
CELL-33,2026-07-21,0.638,1.034,0,0,1.0,0
CELL-33,2026-07-22,0.68,1.1394,0,0,1.0,0
CELL-33,2026-07-23,0.774,1.2424,0,0,1.0,0
CELL-33,2026-07-24,0.774,1.2559,0,0,1.0,0
CELL-33,2026-07-25,0.726,1.1784,0,0,1.0,0
CELL-33,2026-07-26,0.774,1.2923,0,0,1.0,0
CELL-33,2026-07-27,0.68,1.1013,0,0,1.0,0
CELL-33,2026-07-28,0.68,1.0931,0,0,1.0,0
CELL-33,2026-07-29,0.726,1.2135,0,0,1.0,0
CELL-33,2026-07-30,0.826,1.2675,0,0,1.0,0
CELL-33,2026-07-31,0.726,1.2173,0,0,1.0,0
CELL-33,2026-08-01,0.726,1.1743,0,0,1.0,0
CELL-33,2026-08-02,0.68,1.0472,0,0,1.0,0
CELL-33,2026-08-03,0.68,1.087,0,0,1.0,0
CELL-33,2026-08-04,0.68,1.1506,0,0,1.0,0
CELL-33,2026-08-05,0.68,1.1382,0,0,1.0,0
CELL-33,2026-08-06,0.68,1.0513,0,0,1.0,0
CELL-33,2026-08-07,0.774,1.1866,0,0,1.0,0
CELL-33,2026-08-08,0.774,1.2783,0,0,1.0,0
CELL-33,2026-08-09,0.68,1.1378,0,0,1.0,0
CELL-33,2026-08-10,0.638,1.0606,0,0,1.0,0
CELL-33,2026-08-11,0.597,1.0078,0,0,1.0,0
CELL-33,2026-08-12,0.68,1.1237,0,0,1.0,0
CELL-33,2026-08-13,0.726,1.2053,0,0,1.0,0
CELL-33,2026-08-14,0.726,1.1731,0,0,1.0,0
CELL-33,2026-08-15,0.726,1.1564,0,0,1.0,0
CELL-33,2026-08-16,0.774,1.1929,0,0,1.0,0
CELL-33,2026-08-17,0.68,1.1361,0,0,0.6,0
CELL-33,2026-08-18,0.68,1.051,0,0,1.0,0
CELL-33,2026-08-19,0.726,1.1688,0,0,1.0,0
CELL-33,2026-08-20,0.726,1.2207,0,0,1.0,0
CELL-33,2026-08-21,0.68,1.1385,0,0,1.0,0
CELL-33,2026-08-22,0.68,1.0948,0,0,1.0,0
CELL-33,2026-08-23,0.68,1.1404,0,0,1.0,0
CELL-33,2026-08-24,0.638,1.0252,0,0,1.0,0
CELL-33,2026-08-25,0.597,1.0117,0,0,1.0,0
CELL-33,2026-08-26,0.638,1.079,0,0,1.0,0
CELL-33,2026-08-27,0.68,1.0895,0,0,1.0,0
CELL-33,2026-08-28,0.638,1.0673,0,0,1.0,0
CELL-33,2026-08-29,0.638,1.0489,0,0,1.0,0
CELL-33,2026-08-30,0.68,1.1474,0,0,1.0,0
CELL-33,2026-08-31,0.68,1.1339,0,0,1.0,0
CELL-33,2026-09-01,0.638,1.0789,0,0,1.0,0
CELL-33,2026-09-02,0.638,1.0585,0,0,1.0,0
CELL-33,2026-09-03,0.68,1.087,0,0,0.64,0
CELL-33,2026-09-04,0.68,1.1002,0,0,1.0,0
CELL-33,2026-09-05,0.726,1.2054,0,0,1.0,0
CELL-33,2026-09-06,0.726,1.1823,0,0,1.0,0
CELL-33,2026-09-07,0.726,1.1602,0,0,1.0,0
CELL-33,2026-09-08,0.726,1.1565,0,0,0.45,0
CELL-33,2026-09-09,0.68,1.1486,0,0,1.0,0
CELL-33,2026-09-10,0.726,1.218,0,0,1.0,0
CELL-33,2026-09-11,0.638,1.0294,0,0,1.0,0
CELL-33,2026-09-12,0.68,1.0867,0,0,1.0,0
CELL-33,2026-09-13,0.68,1.1435,0,0,1.0,0
CELL-33,2026-09-14,0.726,1.218,0,0,0.54,0
CELL-33,2026-09-15,0.726,1.1528,0,0,1.0,0
CELL-33,2026-09-16,0.774,1.2696,0,0,1.0,0
CELL-33,2026-09-17,0.774,1.2377,0,0,1.0,0
CELL-33,2026-09-18,0.774,1.1883,0,0,1.0,0
CELL-33,2026-09-19,0.774,1.241,0,0,1.0,0
CELL-33,2026-09-20,0.774,1.0851,0,0,1.0,0
CELL-33,2026-09-21,0.638,1.0734,0,0,1.0,0
CELL-33,2026-09-22,0.68,1.1026,0,0,1.0,0
CELL-33,2026-09-23,0.68,1.104,0,0,1.0,0
CELL-33,2026-09-24,0.68,1.1301,0,0,1.0,0
CELL-33,2026-09-25,0.638,1.0719,0,0,1.0,0
CELL-33,2026-09-26,0.638,1.0698,0,0,1.0,0
CELL-33,2026-09-27,0.638,1.0756,0,0,1.0,0
CELL-34,2026-04-01,0.638,1.4971,0,0,1.0,0
CELL-34,2026-04-02,0.638,1.5137,0,0,1.0,0
CELL-34,2026-04-03,0.638,1.495,0,0,1.0,0
CELL-34,2026-04-04,0.941,1.5907,0,0,1.0,0
CELL-34,2026-04-05,0.638,1.4515,0,0,1.0,0
CELL-34,2026-04-06,0.597,1.4146,0,0,1.0,0
CELL-34,2026-04-07,0.56,1.3241,0,0,1.0,0
CELL-34,2026-04-08,0.597,1.4186,0,0,1.0,0
CELL-34,2026-04-09,0.68,1.5574,0,0,1.0,0
CELL-34,2026-04-10,0.68,1.6185,0,0,1.0,0
CELL-34,2026-04-11,0.68,1.6112,0,0,1.0,0
CELL-34,2026-04-12,0.638,1.4535,0,0,1.0,0
CELL-34,2026-04-13,0.638,1.5195,0,0,1.0,0
CELL-34,2026-04-14,0.638,1.5075,0,0,1.0,0
CELL-34,2026-04-15,0.68,1.6158,0,0,1.0,0
CELL-34,2026-04-16,0.68,1.4672,0,0,1.0,0
CELL-34,2026-04-17,0.638,1.4644,0,0,1.0,0
CELL-34,2026-04-18,0.638,1.4727,0,0,1.0,0
CELL-34,2026-04-19,0.638,1.4766,0,0,1.0,0
CELL-34,2026-04-20,0.638,1.4709,0,0,1.0,0
CELL-34,2026-04-21,0.68,1.5228,0,0,1.0,0
CELL-34,2026-04-22,0.726,1.5452,0,0,1.0,0
CELL-34,2026-04-23,0.597,1.4199,0,0,1.0,0
CELL-34,2026-04-24,0.68,1.4501,0,0,1.0,0
CELL-34,2026-04-25,0.68,1.5244,0,0,1.0,0
CELL-34,2026-04-26,0.774,1.308,0,0,1.0,1
CELL-34,2026-04-27,0.56,1.1899,0,0,1.0,0
CELL-34,2026-04-28,0.492,1.1681,0,0,1.0,0
CELL-34,2026-04-29,0.525,1.2015,0,0,1.0,0
CELL-34,2026-04-30,0.56,1.276,0,0,1.0,0
CELL-34,2026-05-01,0.56,1.2665,0,0,1.0,0
CELL-34,2026-05-02,0.774,1.2587,0,0,1.0,0
CELL-34,2026-05-03,0.597,1.271,0,0,1.0,0
CELL-34,2026-05-04,0.525,1.2487,0,0,1.0,0
CELL-34,2026-05-05,0.525,1.2361,0,0,1.0,0
CELL-34,2026-05-06,0.56,1.3282,0,0,1.0,0
CELL-34,2026-05-07,0.882,1.4884,0,0,1.0,0
CELL-34,2026-05-08,0.56,1.2983,0,0,1.0,0
CELL-34,2026-05-09,0.597,1.2723,0,0,0.55,0
CELL-34,2026-05-10,0.597,1.3862,0,0,1.0,0
CELL-34,2026-05-11,0.525,1.2029,0,0,1.0,0
CELL-34,2026-05-12,0.492,1.1349,0,0,1.0,0
CELL-34,2026-05-13,0.525,1.2149,0,0,1.0,0
CELL-34,2026-05-14,0.726,1.1795,0,0,1.0,0
CELL-34,2026-05-15,0.525,1.2458,0,0,1.0,0
CELL-34,2026-05-16,0.525,1.2206,0,0,1.0,0
CELL-34,2026-05-17,0.525,1.2158,0,0,1.0,0
CELL-34,2026-05-18,0.56,1.2775,0,0,1.0,0
CELL-34,2026-05-19,0.56,1.2554,0,0,1.0,0
CELL-34,2026-05-20,0.56,1.3014,0,0,1.0,0
CELL-34,2026-05-21,0.597,1.3492,0,0,1.0,0
CELL-34,2026-05-22,0.638,1.4717,0,0,1.0,0
CELL-34,2026-05-23,0.68,1.4254,0,0,1.0,0
CELL-34,2026-05-24,0.774,1.3079,0,0,1.0,0
CELL-34,2026-05-25,0.597,1.2873,0,0,1.0,0
CELL-34,2026-05-26,0.597,1.2895,0,0,1.0,0
CELL-34,2026-05-27,0.56,1.2817,0,0,1.0,0
CELL-34,2026-05-28,0.56,1.305,0,0,1.0,0
CELL-34,2026-05-29,0.56,1.2922,0,0,1.0,0
CELL-34,2026-05-30,0.56,1.3202,0,0,1.0,0
CELL-34,2026-05-31,0.597,1.2695,0,0,1.0,0
CELL-34,2026-06-01,0.726,1.2257,0,0,0.43,0
CELL-34,2026-06-02,0.68,1.1487,0,0,0.51,0
CELL-34,2026-06-03,0.774,1.2685,0,0,1.0,0
CELL-34,2026-06-04,0.56,1.3182,0,0,1.0,0
CELL-34,2026-06-05,0.597,1.2875,0,0,1.0,0
CELL-34,2026-06-06,0.597,1.42,0,0,1.0,0
CELL-34,2026-06-07,0.638,1.3547,0,0,1.0,0
CELL-34,2026-06-08,0.597,1.2708,0,0,1.0,0
CELL-34,2026-06-09,0.492,1.1707,0,0,1.0,0
CELL-34,2026-06-10,0.525,1.1776,0,0,1.0,0
CELL-34,2026-06-11,0.492,1.1339,0,0,1.0,0
CELL-34,2026-06-12,0.461,1.0868,0,0,1.0,0
CELL-34,2026-06-13,0.525,1.1155,0,0,1.0,0
CELL-34,2026-06-14,0.525,1.1999,0,0,1.0,0
CELL-34,2026-06-15,0.492,1.1103,0,0,1.0,0
CELL-34,2026-06-16,0.492,1.1632,0,0,1.0,0
CELL-34,2026-06-17,0.56,1.2933,0,0,1.0,0
CELL-34,2026-06-18,0.56,1.2973,0,0,1.0,0
CELL-34,2026-06-19,0.726,1.2279,0,0,1.0,0
CELL-34,2026-06-20,0.56,1.3213,0,0,1.0,0
CELL-34,2026-06-21,0.597,1.2886,0,0,1.0,0
CELL-34,2026-06-22,0.525,1.2034,0,0,1.0,0
CELL-34,2026-06-23,0.525,1.2037,0,0,1.0,0
CELL-34,2026-06-24,0.56,1.3112,0,0,1.0,0
CELL-34,2026-06-25,0.597,1.4012,0,0,1.0,0
CELL-34,2026-06-26,0.597,1.3675,0,0,1.0,0
CELL-34,2026-06-27,0.774,1.2673,0,0,1.0,0
CELL-34,2026-06-28,0.492,1.1697,0,0,1.0,0
CELL-34,2026-06-29,0.68,1.1056,0,0,1.0,0
CELL-34,2026-06-30,0.525,1.1332,0,0,1.0,0
CELL-34,2026-07-01,0.56,1.2556,0,0,1.0,0
CELL-34,2026-07-02,0.726,1.181,0,0,1.0,0
CELL-34,2026-07-03,0.726,1.1888,0,0,1.0,0
CELL-34,2026-07-04,0.726,1.1862,0,0,1.0,0
CELL-34,2026-07-05,0.56,1.2542,0,0,1.0,0
CELL-34,2026-07-06,0.525,1.2113,0,0,1.0,0
CELL-34,2026-07-07,0.56,1.1935,0,0,1.0,0
CELL-34,2026-07-08,0.56,1.3295,0,0,1.0,0
CELL-34,2026-07-09,0.56,1.324,0,0,1.0,0
CELL-34,2026-07-10,0.597,1.2891,0,0,1.0,0
CELL-34,2026-07-11,0.56,1.2566,0,0,1.0,0
CELL-34,2026-07-12,0.525,1.2353,0,0,1.0,0
CELL-34,2026-07-13,0.525,1.2387,0,0,1.0,0
CELL-34,2026-07-14,0.525,1.1171,0,0,1.0,0
CELL-34,2026-07-15,0.56,1.278,0,0,1.0,0
CELL-34,2026-07-16,0.56,1.1936,0,0,1.0,0
CELL-34,2026-07-17,0.525,1.2011,0,0,1.0,0
CELL-34,2026-07-18,0.726,1.2236,0,0,1.0,0
CELL-34,2026-07-19,0.461,1.0855,0,0,1.0,0
CELL-34,2026-07-20,0.492,1.1607,0,0,1.0,0
CELL-34,2026-07-21,0.492,1.1664,0,0,1.0,0
CELL-34,2026-07-22,0.826,1.3477,0,0,1.0,0
CELL-34,2026-07-23,0.597,1.2692,0,0,1.0,0
CELL-34,2026-07-24,0.56,1.2641,0,0,1.0,0
CELL-34,2026-07-25,0.525,1.201,0,0,1.0,0
CELL-34,2026-07-26,0.726,1.1821,0,0,1.0,0
CELL-34,2026-07-27,0.68,1.1504,0,0,1.0,0
CELL-34,2026-07-28,0.492,1.1347,0,0,1.0,0
CELL-34,2026-07-29,0.525,1.2501,0,0,1.0,0
CELL-34,2026-07-30,0.774,1.3099,0,0,1.0,0
CELL-34,2026-07-31,0.525,1.2339,0,0,1.0,0
CELL-34,2026-08-01,0.525,1.2217,0,0,1.0,0
CELL-34,2026-08-02,0.826,1.3526,0,0,1.0,0
CELL-34,2026-08-03,0.638,1.355,0,0,1.0,0
CELL-34,2026-08-04,0.597,1.3482,0,0,1.0,0
CELL-34,2026-08-05,0.597,1.3519,0,0,1.0,0
CELL-34,2026-08-06,0.774,1.2685,0,0,1.0,0
CELL-34,2026-08-07,0.774,1.6697,0,1,1.0,0
CELL-34,2026-08-08,0.774,1.7374,0,1,1.0,0
CELL-34,2026-08-09,0.726,1.6734,0,1,1.0,0
CELL-34,2026-08-10,0.726,1.173,0,0,1.0,0
CELL-34,2026-08-11,0.726,1.186,0,0,1.0,0
CELL-34,2026-08-12,0.56,1.3113,0,0,1.0,0
CELL-34,2026-08-13,0.826,1.3436,0,0,1.0,0
CELL-34,2026-08-14,1.071,1.808,0,1,1.0,0
CELL-34,2026-08-15,0.774,1.8249,0,1,1.0,0
CELL-34,2026-08-16,0.826,1.7573,0,1,1.0,0
CELL-34,2026-08-17,0.56,1.2785,0,0,1.0,0
CELL-34,2026-08-18,0.525,1.1765,0,0,1.0,0
CELL-34,2026-08-19,0.56,1.2798,0,0,1.0,0
CELL-34,2026-08-20,0.525,1.2391,0,0,1.0,0
CELL-34,2026-08-21,0.882,1.425,0,0,1.0,0
CELL-34,2026-08-22,0.56,1.2771,0,0,1.0,0
CELL-34,2026-08-23,0.826,1.3437,0,0,1.0,0
CELL-34,2026-08-24,0.492,1.1732,0,0,1.0,0
CELL-34,2026-08-25,0.726,1.1862,0,0,1.0,0
CELL-34,2026-08-26,0.597,1.2721,0,0,1.0,0
CELL-34,2026-08-27,0.525,1.2155,0,0,1.0,0
CELL-34,2026-08-28,0.525,1.2419,0,0,1.0,0
CELL-34,2026-08-29,0.597,1.2718,0,0,1.0,0
CELL-34,2026-08-30,0.525,1.24,0,0,1.0,0
CELL-34,2026-08-31,0.525,1.1953,0,0,1.0,0
CELL-34,2026-09-01,0.525,1.2445,0,0,1.0,0
CELL-34,2026-09-02,0.56,1.302,0,0,1.0,0
CELL-34,2026-09-03,0.597,1.4183,0,0,1.0,0
CELL-34,2026-09-04,0.597,1.3881,0,0,1.0,0
CELL-34,2026-09-05,0.597,1.3727,0,0,1.0,0
CELL-34,2026-09-06,0.56,1.3119,0,0,1.0,0
CELL-34,2026-09-07,0.726,1.1884,0,0,1.0,0
CELL-34,2026-09-08,0.525,1.2169,0,0,1.0,0
CELL-34,2026-09-09,0.525,1.2123,0,0,1.0,0
CELL-34,2026-09-10,0.597,1.3489,0,0,1.0,0
CELL-34,2026-09-11,0.525,1.2458,0,0,1.0,0
CELL-34,2026-09-12,0.56,1.2063,0,0,1.0,0
CELL-34,2026-09-13,0.774,1.2683,0,0,1.0,0
CELL-34,2026-09-14,0.492,1.1539,0,0,1.0,0
CELL-34,2026-09-15,0.56,1.2964,0,0,1.0,0
CELL-34,2026-09-16,0.525,1.2439,0,0,1.0,0
CELL-34,2026-09-17,0.638,1.3746,0,0,1.0,0
CELL-34,2026-09-18,0.826,1.3462,0,0,1.0,0
CELL-34,2026-09-19,0.56,1.325,0,0,1.0,0
CELL-34,2026-09-20,0.56,1.2744,0,0,1.0,0
CELL-34,2026-09-21,0.492,1.1709,0,0,1.0,0
CELL-34,2026-09-22,0.774,1.2688,0,0,0.58,0
CELL-34,2026-09-23,0.56,1.3259,0,0,1.0,0
CELL-34,2026-09-24,0.774,1.3059,0,0,1.0,0
CELL-34,2026-09-25,0.597,1.364,0,0,1.0,0
CELL-34,2026-09-26,0.597,1.3652,0,0,1.0,0
CELL-34,2026-09-27,0.826,1.3949,0,0,1.0,0
CELL-35,2026-04-01,2.186,3.1461,0,0,1.0,0
CELL-35,2026-04-02,2.186,3.2471,0,0,1.0,0
CELL-35,2026-04-03,2.333,3.4666,0,0,1.0,0
CELL-35,2026-04-04,2.049,3.1772,0,0,1.0,0
CELL-35,2026-04-05,2.186,3.2248,0,0,1.0,0
CELL-35,2026-04-06,2.049,3.0706,0,0,1.0,0
CELL-35,2026-04-07,2.049,2.9381,0,0,1.0,0
CELL-35,2026-04-08,2.049,3.0995,0,0,1.0,0
CELL-35,2026-04-09,2.049,3.0042,0,0,1.0,0
CELL-35,2026-04-10,2.049,3.1726,0,0,1.0,0
CELL-35,2026-04-11,2.186,3.271,0,0,1.0,0
CELL-35,2026-04-12,2.049,2.9217,0,0,1.0,0
CELL-35,2026-04-13,2.049,3.0195,0,0,1.0,0
CELL-35,2026-04-14,1.92,2.9775,0,0,1.0,0
CELL-35,2026-04-15,1.92,2.8064,0,0,1.0,0
CELL-35,2026-04-16,2.049,3.0995,0,0,1.0,0
CELL-35,2026-04-17,2.049,2.5589,2,0,1.0,0
CELL-35,2026-04-18,2.049,2.6043,2,0,1.0,0
CELL-35,2026-04-19,2.333,3.3595,0,0,1.0,0
CELL-35,2026-04-20,2.049,3.1021,0,0,1.0,0
CELL-35,2026-04-21,2.049,3.0223,0,0,1.0,0
CELL-35,2026-04-22,1.92,2.9815,0,0,1.0,0
CELL-35,2026-04-23,2.186,3.1412,0,0,1.0,0
CELL-35,2026-04-24,2.049,3.0796,0,0,1.0,0
CELL-35,2026-04-25,1.92,2.9654,0,0,1.0,0
CELL-35,2026-04-26,2.049,3.0828,0,0,1.0,0
CELL-35,2026-04-27,1.92,2.8205,0,0,1.0,0
CELL-35,2026-04-28,1.8,2.5594,0,0,1.0,0
CELL-35,2026-04-29,1.92,2.8119,0,0,1.0,0
CELL-35,2026-04-30,2.049,3.0943,0,0,1.0,0
CELL-35,2026-05-01,2.656,3.9081,0,1,1.0,0
CELL-35,2026-05-02,2.656,3.8857,0,1,1.0,0
CELL-35,2026-05-03,1.92,2.8371,0,0,1.0,0
CELL-35,2026-05-04,1.92,2.8727,0,0,1.0,0
CELL-35,2026-05-05,2.049,3.0253,0,0,1.0,0
CELL-35,2026-05-06,2.049,3.0948,0,0,1.0,0
CELL-35,2026-05-07,2.333,3.4539,0,0,1.0,0
CELL-35,2026-05-08,2.333,3.6165,0,0,1.0,0
CELL-35,2026-05-09,2.489,3.6378,0,0,1.0,0
CELL-35,2026-05-10,2.049,3.0297,0,0,1.0,0
CELL-35,2026-05-11,1.92,2.9757,0,0,1.0,0
CELL-35,2026-05-12,2.333,3.3184,0,0,1.0,0
CELL-35,2026-05-13,2.186,3.3903,0,0,1.0,0
CELL-35,2026-05-14,2.333,3.4435,0,0,1.0,0
CELL-35,2026-05-15,2.333,3.5091,0,0,1.0,0
CELL-35,2026-05-16,2.333,3.2785,0,0,1.0,0
CELL-35,2026-05-17,1.92,2.9778,0,0,1.0,0
CELL-35,2026-05-18,1.92,2.9083,0,0,1.0,0
CELL-35,2026-05-19,2.049,2.9527,0,0,1.0,0
CELL-35,2026-05-20,1.92,2.9758,0,0,0.69,0
CELL-35,2026-05-21,2.049,3.0942,0,0,1.0,0
CELL-35,2026-05-22,2.049,3.069,0,0,1.0,0
CELL-35,2026-05-23,2.186,3.2257,0,0,1.0,0
CELL-35,2026-05-24,2.049,3.0243,0,0,1.0,0
CELL-35,2026-05-25,2.049,3.0966,0,0,1.0,0
CELL-35,2026-05-26,2.049,2.9431,0,0,1.0,0
CELL-35,2026-05-27,2.186,3.2932,0,0,1.0,0
CELL-35,2026-05-28,2.333,3.4727,0,0,1.0,0
CELL-35,2026-05-29,2.333,3.4004,0,0,0.42,0
CELL-35,2026-05-30,1.92,2.9754,0,0,1.0,0
CELL-35,2026-05-31,2.049,3.0305,0,0,1.0,0
CELL-35,2026-06-01,1.92,2.8507,0,0,1.0,0
CELL-35,2026-06-02,2.049,3.0381,0,0,1.0,0
CELL-35,2026-06-03,2.333,3.5374,0,0,1.0,0
CELL-35,2026-06-04,2.333,3.5278,0,0,1.0,0
CELL-35,2026-06-05,2.489,3.5419,0,0,1.0,0
CELL-35,2026-06-06,2.186,3.2834,0,0,1.0,0
CELL-35,2026-06-07,2.186,3.2303,0,0,1.0,0
CELL-35,2026-06-08,2.186,3.2316,0,0,1.0,0
CELL-35,2026-06-09,2.049,3.0976,0,0,1.0,0
CELL-35,2026-06-10,2.049,3.1045,0,0,1.0,0
CELL-35,2026-06-11,2.333,3.3175,0,0,1.0,0
CELL-35,2026-06-12,2.333,3.4156,0,0,1.0,0
CELL-35,2026-06-13,2.333,3.5126,0,0,1.0,0
CELL-35,2026-06-14,2.333,3.3775,0,0,1.0,0
CELL-35,2026-06-15,2.049,3.0605,0,0,1.0,0
CELL-35,2026-06-16,2.186,3.297,0,0,0.5,0
CELL-35,2026-06-17,2.186,3.1462,0,0,1.0,0
CELL-35,2026-06-18,3.024,4.5423,0,1,1.0,0
CELL-35,2026-06-19,2.333,3.6088,0,0,1.0,0
CELL-35,2026-06-20,2.489,3.582,0,0,1.0,0
CELL-35,2026-06-21,2.049,3.086,0,0,1.0,0
CELL-35,2026-06-22,1.92,2.8484,0,0,1.0,0
CELL-35,2026-06-23,2.049,3.0213,0,0,1.0,0
CELL-35,2026-06-24,2.049,3.0922,0,0,1.0,0
CELL-35,2026-06-25,2.186,3.2845,0,0,1.0,0
CELL-35,2026-06-26,2.333,3.5339,0,0,1.0,0
CELL-35,2026-06-27,2.186,3.1121,0,0,1.0,0
CELL-35,2026-06-28,2.186,3.1653,0,0,1.0,0
CELL-35,2026-06-29,2.049,3.0306,0,0,1.0,0
CELL-35,2026-06-30,2.049,3.0857,0,0,1.0,0
CELL-35,2026-07-01,2.186,3.2298,0,0,1.0,0
CELL-35,2026-07-02,2.049,3.181,0,0,1.0,0
CELL-35,2026-07-03,2.186,3.1907,0,0,1.0,0
CELL-35,2026-07-04,2.049,2.9297,0,0,1.0,0
CELL-35,2026-07-05,2.049,2.9977,0,0,1.0,0
CELL-35,2026-07-06,1.92,2.8058,0,0,1.0,0
CELL-35,2026-07-07,2.049,2.9355,0,0,1.0,0
CELL-35,2026-07-08,2.049,3.0146,0,0,1.0,0
CELL-35,2026-07-09,2.333,3.3694,0,0,1.0,0
CELL-35,2026-07-10,2.333,3.5179,0,0,1.0,0
CELL-35,2026-07-11,2.333,3.4606,0,0,1.0,0
CELL-35,2026-07-12,2.186,3.3084,0,0,1.0,0
CELL-35,2026-07-13,2.186,3.3811,0,0,1.0,0
CELL-35,2026-07-14,2.186,3.2526,0,0,1.0,0
CELL-35,2026-07-15,2.333,3.4538,0,0,1.0,0
CELL-35,2026-07-16,2.489,3.5843,0,0,1.0,0
CELL-35,2026-07-17,2.489,3.5678,0,0,1.0,0
CELL-35,2026-07-18,2.333,3.3184,0,0,1.0,0
CELL-35,2026-07-19,2.186,3.265,0,0,1.0,0
CELL-35,2026-07-20,1.92,2.8495,0,0,1.0,0
CELL-35,2026-07-21,1.92,2.9805,0,0,1.0,0
CELL-35,2026-07-22,2.186,3.2039,0,0,1.0,0
CELL-35,2026-07-23,2.049,3.1613,0,0,1.0,0
CELL-35,2026-07-24,2.186,3.128,0,0,1.0,0
CELL-35,2026-07-25,1.92,2.9628,0,0,1.0,0
CELL-35,2026-07-26,2.049,3.0052,0,0,0.41,0
CELL-35,2026-07-27,2.049,3.0661,0,0,1.0,0
CELL-35,2026-07-28,2.049,2.9456,0,0,1.0,0
CELL-35,2026-07-29,2.186,3.1561,0,0,1.0,0
CELL-35,2026-07-30,2.186,3.2964,0,0,1.0,0
CELL-35,2026-07-31,2.049,3.0944,0,0,1.0,0
CELL-35,2026-08-01,2.186,3.1658,0,0,1.0,0
CELL-35,2026-08-02,2.049,2.926,0,0,1.0,0
CELL-35,2026-08-03,1.8,2.6722,0,0,1.0,0
CELL-35,2026-08-04,1.92,2.862,0,0,1.0,0
CELL-35,2026-08-05,2.049,2.9534,0,0,1.0,0
CELL-35,2026-08-06,2.049,3.1606,0,0,1.0,0
CELL-35,2026-08-07,2.333,3.4154,0,0,1.0,0
CELL-35,2026-08-08,2.489,3.5588,0,0,1.0,0
CELL-35,2026-08-09,2.049,3.171,0,0,1.0,0
CELL-35,2026-08-10,2.049,3.066,0,0,1.0,0
CELL-35,2026-08-11,2.049,3.0196,0,0,1.0,0
CELL-35,2026-08-12,2.186,3.2105,0,0,1.0,0
CELL-35,2026-08-13,2.049,2.8462,1,0,1.0,0
CELL-35,2026-08-14,2.333,3.1797,1,0,1.0,0
CELL-35,2026-08-15,2.186,3.1854,0,0,1.0,0
CELL-35,2026-08-16,2.186,3.1544,0,0,1.0,0
CELL-35,2026-08-17,1.92,2.9772,0,0,1.0,0
CELL-35,2026-08-18,2.049,2.9859,0,0,1.0,0
CELL-35,2026-08-19,2.186,3.186,0,0,1.0,0
CELL-35,2026-08-20,2.186,3.1218,0,0,1.0,0
CELL-35,2026-08-21,1.92,2.894,0,0,1.0,0
CELL-35,2026-08-22,1.92,2.8845,0,0,1.0,0
CELL-35,2026-08-23,1.8,2.7868,0,0,1.0,0
CELL-35,2026-08-24,1.92,2.8929,0,0,1.0,0
CELL-35,2026-08-25,2.049,2.9882,0,0,1.0,0
CELL-35,2026-08-26,2.186,3.2576,0,0,1.0,0
CELL-35,2026-08-27,2.333,3.4619,0,0,1.0,0
CELL-35,2026-08-28,2.186,3.2716,0,0,1.0,0
CELL-35,2026-08-29,2.186,3.1988,0,0,1.0,0
CELL-35,2026-08-30,2.333,3.4672,0,0,1.0,0
CELL-35,2026-08-31,2.186,3.1922,0,0,1.0,0
CELL-35,2026-09-01,2.186,3.1505,0,0,1.0,0
CELL-35,2026-09-02,2.186,3.2554,0,0,1.0,0
CELL-35,2026-09-03,2.489,3.6043,0,0,1.0,0
CELL-35,2026-09-04,2.333,3.4733,0,0,1.0,0
CELL-35,2026-09-05,2.186,3.2578,0,0,1.0,0
CELL-35,2026-09-06,2.049,3.1748,0,0,1.0,0
CELL-35,2026-09-07,2.049,2.9201,0,0,1.0,0
CELL-35,2026-09-08,1.92,2.8701,0,0,1.0,0
CELL-35,2026-09-09,2.186,3.117,0,0,1.0,0
CELL-35,2026-09-10,2.186,3.2645,0,0,1.0,0
CELL-35,2026-09-11,2.186,3.2831,0,0,1.0,0
CELL-35,2026-09-12,2.049,2.9329,0,0,1.0,0
CELL-35,2026-09-13,2.049,2.9505,0,0,1.0,0
CELL-35,2026-09-14,1.92,2.8358,0,0,1.0,0
CELL-35,2026-09-15,1.92,2.8541,0,0,1.0,0
CELL-35,2026-09-16,2.333,3.3182,0,0,1.0,0
CELL-35,2026-09-17,2.333,3.4552,0,0,1.0,0
CELL-35,2026-09-18,2.186,3.2473,0,0,1.0,0
CELL-35,2026-09-19,1.92,2.8761,0,0,1.0,0
CELL-35,2026-09-20,2.049,3.0951,0,0,1.0,0
CELL-35,2026-09-21,2.049,3.0988,0,0,1.0,0
CELL-35,2026-09-22,2.049,2.949,0,0,1.0,0
CELL-35,2026-09-23,1.92,2.9108,0,0,1.0,0
CELL-35,2026-09-24,1.92,2.8476,0,0,1.0,0
CELL-35,2026-09-25,2.049,3.0228,0,0,1.0,0
CELL-35,2026-09-26,2.186,3.1561,0,0,1.0,0
CELL-35,2026-09-27,1.8,2.7907,0,0,1.0,0
CELL-36,2026-04-01,0.638,1.059,0,0,1.0,0
CELL-36,2026-04-02,0.597,1.0469,0,0,1.0,0
CELL-36,2026-04-03,0.597,1.0522,0,0,1.0,0
CELL-36,2026-04-04,0.597,1.0361,0,0,1.0,0
CELL-36,2026-04-05,0.432,0.7419,0,0,1.0,1
CELL-36,2026-04-06,0.379,0.6286,0,0,1.0,0
CELL-36,2026-04-07,0.379,0.6355,0,0,1.0,0
CELL-36,2026-04-08,0.405,0.6902,0,0,1.0,0
CELL-36,2026-04-09,0.432,0.7152,0,0,1.0,0
CELL-36,2026-04-10,0.432,0.7427,0,0,1.0,0
CELL-36,2026-04-11,0.432,0.7533,0,0,1.0,0
CELL-36,2026-04-12,0.432,0.7438,0,0,1.0,0
CELL-36,2026-04-13,0.405,0.7104,0,0,1.0,0
CELL-36,2026-04-14,0.379,0.6678,0,0,1.0,0
CELL-36,2026-04-15,0.461,0.7875,0,0,1.0,0
CELL-36,2026-04-16,0.461,0.8048,0,0,1.0,0
CELL-36,2026-04-17,0.492,0.8222,0,0,1.0,0
CELL-36,2026-04-18,0.461,0.8077,0,0,1.0,0
CELL-36,2026-04-19,0.597,1.0291,0,1,1.0,0
CELL-36,2026-04-20,0.638,1.0778,0,1,1.0,0
CELL-36,2026-04-21,0.597,1.0091,0,1,1.0,0
CELL-36,2026-04-22,0.432,0.7384,0,0,1.0,0
CELL-36,2026-04-23,0.461,0.7843,0,0,1.0,0
CELL-36,2026-04-24,0.432,0.748,0,0,1.0,0
CELL-36,2026-04-25,0.461,0.7633,0,0,1.0,0
CELL-36,2026-04-26,0.461,0.7672,0,0,1.0,0
CELL-36,2026-04-27,0.461,0.8041,0,0,1.0,0
CELL-36,2026-04-28,0.432,0.7348,0,0,1.0,0
CELL-36,2026-04-29,0.432,0.7583,0,0,1.0,0
CELL-36,2026-04-30,0.461,0.7925,0,0,1.0,0
CELL-36,2026-05-01,0.492,0.828,0,0,1.0,0
CELL-36,2026-05-02,0.461,0.7934,0,0,1.0,0
CELL-36,2026-05-03,0.461,0.7764,0,0,1.0,0
CELL-36,2026-05-04,0.461,0.7778,0,0,1.0,0
CELL-36,2026-05-05,0.405,0.6803,0,0,1.0,0
CELL-36,2026-05-06,0.405,0.6746,0,0,1.0,0
CELL-36,2026-05-07,0.405,0.6978,0,0,1.0,0
CELL-36,2026-05-08,0.461,0.7717,0,0,1.0,0
CELL-36,2026-05-09,0.432,0.7571,0,0,1.0,0
CELL-36,2026-05-10,0.432,0.7221,0,0,1.0,0
CELL-36,2026-05-11,0.405,0.6826,0,0,1.0,0
CELL-36,2026-05-12,0.379,0.6662,0,0,1.0,0
CELL-36,2026-05-13,0.405,0.7055,0,0,1.0,0
CELL-36,2026-05-14,0.432,0.74,0,0,1.0,0
CELL-36,2026-05-15,0.405,0.6838,0,0,1.0,0
CELL-36,2026-05-16,0.432,0.7271,0,0,1.0,0
CELL-36,2026-05-17,0.432,0.7263,0,0,1.0,0
CELL-36,2026-05-18,0.379,0.6332,0,0,1.0,0
CELL-36,2026-05-19,0.379,0.6511,0,0,1.0,0
CELL-36,2026-05-20,0.379,0.6683,0,0,1.0,0
CELL-36,2026-05-21,0.432,0.7309,0,0,1.0,0
CELL-36,2026-05-22,0.461,0.7974,0,0,1.0,0
CELL-36,2026-05-23,0.461,0.7767,0,0,1.0,0
CELL-36,2026-05-24,0.461,0.7721,0,0,1.0,0
CELL-36,2026-05-25,0.461,0.7995,0,0,1.0,0
CELL-36,2026-05-26,0.405,0.6562,1,0,1.0,0
CELL-36,2026-05-27,0.405,0.7144,1,0,1.0,0
CELL-36,2026-05-28,0.461,0.7785,0,0,1.0,0
CELL-36,2026-05-29,0.461,0.7739,0,0,1.0,0
CELL-36,2026-05-30,0.525,0.8941,0,0,1.0,0
CELL-36,2026-05-31,0.492,0.8222,0,0,1.0,0
CELL-36,2026-06-01,0.432,0.7144,0,0,1.0,0
CELL-36,2026-06-02,0.405,0.6804,0,0,1.0,0
CELL-36,2026-06-03,0.405,0.6958,0,0,1.0,0
CELL-36,2026-06-04,0.432,0.7375,0,0,1.0,0
CELL-36,2026-06-05,0.432,0.7355,0,0,1.0,0
CELL-36,2026-06-06,0.461,0.7793,0,0,1.0,0
CELL-36,2026-06-07,0.405,0.6849,0,0,1.0,0
CELL-36,2026-06-08,0.356,0.623,0,0,1.0,0
CELL-36,2026-06-09,0.405,0.6747,0,0,1.0,0
CELL-36,2026-06-10,0.432,0.7344,0,0,1.0,0
CELL-36,2026-06-11,0.461,0.7801,0,0,1.0,0
CELL-36,2026-06-12,0.432,0.7167,0,0,1.0,0
CELL-36,2026-06-13,0.432,0.7383,0,0,1.0,0
CELL-36,2026-06-14,0.461,0.7777,0,0,1.0,0
CELL-36,2026-06-15,0.432,0.733,0,0,1.0,0
CELL-36,2026-06-16,0.432,0.7514,0,0,1.0,0
CELL-36,2026-06-17,0.461,0.7737,0,0,1.0,0
CELL-36,2026-06-18,0.461,0.775,0,0,1.0,0
CELL-36,2026-06-19,0.492,0.8279,0,0,1.0,0
CELL-36,2026-06-20,0.461,0.7774,0,0,1.0,0
CELL-36,2026-06-21,0.461,0.7893,0,0,1.0,0
CELL-36,2026-06-22,0.461,0.7999,0,0,1.0,0
CELL-36,2026-06-23,0.432,0.7556,0,0,1.0,0
CELL-36,2026-06-24,0.492,0.8518,0,0,1.0,0
CELL-36,2026-06-25,0.492,0.8367,0,0,1.0,0
CELL-36,2026-06-26,0.461,0.791,0,0,1.0,0
CELL-36,2026-06-27,0.432,0.7215,0,0,1.0,0
CELL-36,2026-06-28,0.405,0.6987,0,0,1.0,0
CELL-36,2026-06-29,0.432,0.7236,0,0,1.0,0
CELL-36,2026-06-30,0.405,0.6899,0,0,1.0,0
CELL-36,2026-07-01,0.492,0.8255,0,0,1.0,0
CELL-36,2026-07-02,0.405,0.7368,1,0,1.0,0
CELL-36,2026-07-03,0.405,0.7118,1,0,1.0,0
CELL-36,2026-07-04,0.461,0.7807,0,0,1.0,0
CELL-36,2026-07-05,0.461,0.7924,0,0,1.0,0
CELL-36,2026-07-06,0.432,0.7384,0,0,1.0,0
CELL-36,2026-07-07,0.432,0.7152,0,0,1.0,0
CELL-36,2026-07-08,0.461,0.7678,0,0,1.0,0
CELL-36,2026-07-09,0.461,0.7668,0,0,1.0,0
CELL-36,2026-07-10,0.432,0.72,0,0,1.0,0
CELL-36,2026-07-11,0.432,0.7205,0,0,1.0,0
CELL-36,2026-07-12,0.405,0.712,0,0,1.0,0
CELL-36,2026-07-13,0.432,0.7496,0,0,1.0,0
CELL-36,2026-07-14,0.432,0.7208,0,0,1.0,0
CELL-36,2026-07-15,0.405,0.7069,0,0,1.0,0
CELL-36,2026-07-16,0.432,0.742,0,0,1.0,0
CELL-36,2026-07-17,0.461,0.8025,0,0,1.0,0
CELL-36,2026-07-18,0.461,0.7754,0,0,1.0,0
CELL-36,2026-07-19,0.432,0.7155,0,0,1.0,0
CELL-36,2026-07-20,0.432,0.7218,0,0,1.0,0
CELL-36,2026-07-21,0.432,0.7257,0,0,1.0,0
CELL-36,2026-07-22,0.461,0.7622,0,0,1.0,0
CELL-36,2026-07-23,0.461,0.8032,0,0,1.0,0
CELL-36,2026-07-24,0.461,0.7941,0,0,1.0,0
CELL-36,2026-07-25,0.492,0.8187,0,0,1.0,0
CELL-36,2026-07-26,0.461,0.7688,0,0,1.0,0
CELL-36,2026-07-27,0.432,0.7147,0,0,1.0,0
CELL-36,2026-07-28,0.405,0.6805,0,0,1.0,0
CELL-36,2026-07-29,0.405,0.6997,0,0,1.0,0
CELL-36,2026-07-30,0.405,0.7116,0,0,1.0,0
CELL-36,2026-07-31,0.461,0.7707,0,0,1.0,0
CELL-36,2026-08-01,0.432,0.7566,0,0,1.0,0
CELL-36,2026-08-02,0.432,0.7242,0,0,1.0,0
CELL-36,2026-08-03,0.432,0.7345,0,0,1.0,0
CELL-36,2026-08-04,0.432,0.7567,0,0,1.0,0
CELL-36,2026-08-05,0.432,0.7557,0,0,1.0,0
CELL-36,2026-08-06,0.432,0.7099,1,0,1.0,0
CELL-36,2026-08-07,0.432,0.7615,1,0,1.0,0
CELL-36,2026-08-08,0.432,0.7242,0,0,1.0,0
CELL-36,2026-08-09,0.432,0.7366,0,0,1.0,0
CELL-36,2026-08-10,0.379,0.6548,0,0,1.0,0
CELL-36,2026-08-11,0.405,0.6947,0,0,1.0,0
CELL-36,2026-08-12,0.461,0.7743,0,0,1.0,0
CELL-36,2026-08-13,0.432,0.7493,0,0,1.0,0
CELL-36,2026-08-14,0.432,0.7271,0,0,1.0,0
CELL-36,2026-08-15,0.432,0.7335,0,0,1.0,0
CELL-36,2026-08-16,0.432,0.7341,0,0,1.0,0
CELL-36,2026-08-17,0.432,0.7558,0,0,1.0,0
CELL-36,2026-08-18,0.405,0.7127,0,0,1.0,0
CELL-36,2026-08-19,0.461,0.7658,0,0,1.0,0
CELL-36,2026-08-20,0.492,0.8298,0,0,1.0,0
CELL-36,2026-08-21,0.525,0.8797,0,0,1.0,0
CELL-36,2026-08-22,0.461,0.7993,0,0,1.0,0
CELL-36,2026-08-23,0.492,0.8543,0,0,1.0,1
CELL-36,2026-08-24,0.356,0.6167,0,0,1.0,1
CELL-36,2026-08-25,0.379,0.6402,0,0,1.0,0
CELL-36,2026-08-26,0.356,0.6112,0,0,1.0,0
CELL-36,2026-08-27,0.379,0.6473,0,0,1.0,0
CELL-36,2026-08-28,0.405,0.6724,0,0,1.0,0
CELL-36,2026-08-29,0.379,0.6381,0,0,1.0,0
CELL-36,2026-08-30,0.379,0.6356,0,0,1.0,0
CELL-36,2026-08-31,0.356,0.6271,0,0,1.0,0
CELL-36,2026-09-01,0.379,0.6364,0,0,1.0,0
CELL-36,2026-09-02,0.379,0.6343,0,0,1.0,0
CELL-36,2026-09-03,0.379,0.6345,0,0,1.0,0
CELL-36,2026-09-04,0.379,0.6292,0,0,1.0,0
CELL-36,2026-09-05,0.379,0.655,0,0,1.0,0
CELL-36,2026-09-06,0.405,0.6753,0,0,1.0,0
CELL-36,2026-09-07,0.356,0.6094,0,0,1.0,0
CELL-36,2026-09-08,0.356,0.601,0,0,1.0,0
CELL-36,2026-09-09,0.379,0.6495,0,0,1.0,0
CELL-36,2026-09-10,0.379,0.6591,0,0,1.0,0
CELL-36,2026-09-11,0.405,0.677,0,0,1.0,0
CELL-36,2026-09-12,0.405,0.6711,0,0,1.0,0
CELL-36,2026-09-13,0.379,0.6278,0,0,1.0,0
CELL-36,2026-09-14,0.333,0.5628,0,0,1.0,0
CELL-36,2026-09-15,0.333,0.5878,0,0,1.0,0
CELL-36,2026-09-16,0.379,0.6351,0,0,1.0,0
CELL-36,2026-09-17,0.405,0.697,0,0,0.54,0
CELL-36,2026-09-18,0.405,0.677,0,0,1.0,0
CELL-36,2026-09-19,0.379,0.6595,0,0,1.0,0
CELL-36,2026-09-20,0.405,0.6922,0,0,1.0,0
CELL-36,2026-09-21,0.379,0.6685,0,0,1.0,0
CELL-36,2026-09-22,0.274,0.4709,0,0,1.0,1
CELL-36,2026-09-23,0.274,0.4827,0,0,1.0,0
CELL-36,2026-09-24,0.274,0.4754,0,0,1.0,0
CELL-36,2026-09-25,0.293,0.487,0,0,1.0,0
CELL-36,2026-09-26,0.293,0.499,0,0,1.0,0
CELL-36,2026-09-27,0.274,0.4772,0,0,1.0,0
CELL-37,2026-04-01,1.22,1.429,0,0,1.0,0
CELL-37,2026-04-02,1.22,1.4178,0,0,1.0,0
CELL-37,2026-04-03,1.301,1.4563,0,0,1.0,0
CELL-37,2026-04-04,1.301,1.4685,0,0,1.0,0
CELL-37,2026-04-05,1.388,1.5538,0,0,1.0,0
CELL-37,2026-04-06,1.22,1.4841,0,0,1.0,0
CELL-37,2026-04-07,1.301,1.4751,0,0,1.0,0
CELL-37,2026-04-08,1.301,1.5867,0,0,1.0,0
CELL-37,2026-04-09,1.22,1.4921,0,0,1.0,0
CELL-37,2026-04-10,1.22,1.3617,0,0,1.0,0
CELL-37,2026-04-11,1.143,1.3348,0,0,1.0,0
CELL-37,2026-04-12,1.143,1.4113,0,0,1.0,0
CELL-37,2026-04-13,1.22,1.3716,0,0,1.0,0
CELL-37,2026-04-14,1.22,1.4285,0,0,1.0,0
CELL-37,2026-04-15,1.301,1.4444,0,0,1.0,0
CELL-37,2026-04-16,1.143,1.3446,0,0,1.0,0
CELL-37,2026-04-17,1.143,1.384,0,0,1.0,0
CELL-37,2026-04-18,1.071,1.2609,0,0,1.0,0
CELL-37,2026-04-19,1.143,1.2702,0,0,1.0,0
CELL-37,2026-04-20,1.143,1.2941,0,0,1.0,0
CELL-37,2026-04-21,1.143,1.294,0,0,1.0,0
CELL-37,2026-04-22,1.301,1.4524,0,0,1.0,0
CELL-37,2026-04-23,1.22,1.4766,0,0,1.0,0
CELL-37,2026-04-24,1.22,1.4927,0,0,1.0,0
CELL-37,2026-04-25,1.143,1.4012,0,0,1.0,0
CELL-37,2026-04-26,1.071,1.3223,0,0,1.0,0
CELL-37,2026-04-27,1.22,1.3653,0,0,1.0,0
CELL-37,2026-04-28,1.22,1.3648,0,0,1.0,0
CELL-37,2026-04-29,1.301,1.4593,0,0,1.0,0
CELL-37,2026-04-30,1.301,1.5182,0,0,1.0,0
CELL-37,2026-05-01,1.301,1.5301,0,0,1.0,0
CELL-37,2026-05-02,1.22,1.4815,0,0,1.0,0
CELL-37,2026-05-03,1.143,1.392,0,0,1.0,0
CELL-37,2026-05-04,1.301,1.4463,0,0,1.0,0
CELL-37,2026-05-05,1.071,1.3181,0,0,1.0,0
CELL-37,2026-05-06,1.22,1.3662,0,0,1.0,0
CELL-37,2026-05-07,1.004,1.2182,0,0,1.0,0
CELL-37,2026-05-08,1.143,1.4101,0,0,1.0,0
CELL-37,2026-05-09,1.388,1.5583,0,0,1.0,0
CELL-37,2026-05-10,1.388,1.5686,0,0,1.0,0
CELL-37,2026-05-11,1.22,1.5016,0,0,1.0,0
CELL-37,2026-05-12,1.301,1.4607,0,0,1.0,0
CELL-37,2026-05-13,1.388,1.5531,0,0,1.0,0
CELL-37,2026-05-14,1.301,1.4449,0,0,1.0,0
CELL-37,2026-05-15,1.22,1.493,0,0,1.0,0
CELL-37,2026-05-16,1.301,1.5204,0,0,1.0,0
CELL-37,2026-05-17,1.301,1.4694,0,0,1.0,0
CELL-37,2026-05-18,1.22,1.3603,0,0,1.0,0
CELL-37,2026-05-19,1.22,1.36,0,0,1.0,0
CELL-37,2026-05-20,1.22,1.4306,0,0,1.0,0
CELL-37,2026-05-21,1.143,1.4047,0,0,1.0,0
CELL-37,2026-05-22,1.22,1.4233,0,0,1.0,0
CELL-37,2026-05-23,1.22,1.498,0,0,1.0,0
CELL-37,2026-05-24,1.22,1.4878,0,0,1.0,0
CELL-37,2026-05-25,1.301,1.4486,0,0,1.0,0
CELL-37,2026-05-26,1.301,1.4573,0,0,1.0,0
CELL-37,2026-05-27,1.8,2.0081,0,1,1.0,0
CELL-37,2026-05-28,1.687,1.9915,0,1,1.0,0
CELL-37,2026-05-29,1.92,2.237,0,1,1.0,0
CELL-37,2026-05-30,1.301,1.5778,0,0,1.0,0
CELL-37,2026-05-31,1.301,1.5823,0,0,1.0,0
CELL-37,2026-06-01,1.22,1.3786,0,0,1.0,0
CELL-37,2026-06-02,1.143,1.2837,0,0,1.0,0
CELL-37,2026-06-03,1.071,1.2974,0,0,1.0,0
CELL-37,2026-06-04,1.143,1.1756,1,0,1.0,0
CELL-37,2026-06-05,1.388,1.541,0,0,1.0,0
CELL-37,2026-06-06,1.388,1.5511,0,0,1.0,0
CELL-37,2026-06-07,1.22,1.4953,0,0,1.0,0
CELL-37,2026-06-08,1.22,1.4123,0,0,1.0,0
CELL-37,2026-06-09,1.22,1.3664,0,0,1.0,0
CELL-37,2026-06-10,1.301,1.4537,0,0,1.0,0
CELL-37,2026-06-11,1.301,1.5215,0,0,1.0,0
CELL-37,2026-06-12,1.388,1.6138,0,0,1.0,0
CELL-37,2026-06-13,1.301,1.5239,0,0,1.0,0
CELL-37,2026-06-14,1.301,1.4464,0,0,1.0,0
CELL-37,2026-06-15,1.143,1.3983,0,0,1.0,0
CELL-37,2026-06-16,1.143,1.3251,0,0,1.0,0
CELL-37,2026-06-17,1.301,1.5291,0,0,1.0,0
CELL-37,2026-06-18,1.388,1.5429,0,0,1.0,0
CELL-37,2026-06-19,1.301,1.5954,0,0,1.0,0
CELL-37,2026-06-20,0.941,1.1016,0,0,1.0,1
CELL-37,2026-06-21,0.882,0.993,0,0,1.0,0
CELL-37,2026-06-22,0.774,0.9566,0,0,1.0,0
CELL-37,2026-06-23,0.774,0.9459,0,0,1.0,0
CELL-37,2026-06-24,0.774,0.9496,0,0,1.0,0
CELL-37,2026-06-25,0.826,1.0016,0,0,1.0,0
CELL-37,2026-06-26,0.882,1.0317,0,0,1.0,0
CELL-37,2026-06-27,0.826,0.9558,0,0,1.0,0
CELL-37,2026-06-28,0.882,0.9801,0,0,1.0,0
CELL-37,2026-06-29,0.774,0.9506,0,0,1.0,0
CELL-37,2026-06-30,0.774,0.9061,0,0,1.0,0
CELL-37,2026-07-01,0.774,0.9379,0,0,1.0,0
CELL-37,2026-07-02,0.826,1.009,0,0,1.0,0
CELL-37,2026-07-03,0.826,0.9709,0,0,1.0,0
CELL-37,2026-07-04,0.826,0.9636,0,0,1.0,0
CELL-37,2026-07-05,0.882,0.9824,0,0,1.0,0
CELL-37,2026-07-06,0.882,0.975,0,0,1.0,0
CELL-37,2026-07-07,0.774,0.9432,0,0,1.0,0
CELL-37,2026-07-08,0.774,0.8655,0,0,1.0,0
CELL-37,2026-07-09,0.774,0.8587,0,0,1.0,0
CELL-37,2026-07-10,0.826,0.9343,0,0,1.0,0
CELL-37,2026-07-11,0.774,0.8591,0,0,1.0,0
CELL-37,2026-07-12,0.774,0.9068,0,0,1.0,0
CELL-37,2026-07-13,0.726,0.8225,0,0,1.0,0
CELL-37,2026-07-14,0.774,0.8677,0,0,1.0,0
CELL-37,2026-07-15,0.826,0.9223,0,0,1.0,0
CELL-37,2026-07-16,0.774,0.91,0,0,1.0,0
CELL-37,2026-07-17,0.826,1.0094,0,0,1.0,0
CELL-37,2026-07-18,0.826,1.0141,0,0,1.0,0
CELL-37,2026-07-19,0.774,0.9372,0,0,1.0,0
CELL-37,2026-07-20,0.774,0.8714,0,0,1.0,0
CELL-37,2026-07-21,0.774,0.8636,0,0,1.0,0
CELL-37,2026-07-22,0.774,0.9531,0,0,1.0,0
CELL-37,2026-07-23,0.882,0.9847,0,0,1.0,0
CELL-37,2026-07-24,0.774,0.9391,0,0,1.0,0
CELL-37,2026-07-25,0.774,0.8737,0,0,1.0,0
CELL-37,2026-07-26,0.774,0.9566,0,0,1.0,0
CELL-37,2026-07-27,0.774,0.8694,0,0,1.0,0
CELL-37,2026-07-28,0.774,0.867,0,0,1.0,0
CELL-37,2026-07-29,1.143,1.2667,0,0,1.0,1
CELL-37,2026-07-30,1.071,1.2507,0,0,1.0,1
CELL-37,2026-07-31,1.071,1.3138,0,0,1.0,0
CELL-37,2026-08-01,1.143,1.3351,0,0,1.0,0
CELL-37,2026-08-02,0.941,1.1529,0,0,1.0,0
CELL-37,2026-08-03,0.882,1.0837,0,0,1.0,0
CELL-37,2026-08-04,0.826,1.0101,0,0,1.0,0
CELL-37,2026-08-05,0.882,1.0248,0,0,1.0,0
CELL-37,2026-08-06,1.004,1.1684,0,0,1.0,0
CELL-37,2026-08-07,1.071,1.1984,0,0,1.0,0
CELL-37,2026-08-08,1.071,1.1945,0,0,1.0,0
CELL-37,2026-08-09,1.004,1.2363,0,0,1.0,0
CELL-37,2026-08-10,1.004,1.2327,0,0,1.0,0
CELL-37,2026-08-11,1.071,1.192,0,0,1.0,0
CELL-37,2026-08-12,1.071,1.3129,0,0,1.0,0
CELL-37,2026-08-13,1.143,1.296,0,0,1.0,0
CELL-37,2026-08-14,1.071,1.2135,0,0,1.0,0
CELL-37,2026-08-15,1.143,1.3041,0,0,1.0,0
CELL-37,2026-08-16,1.004,1.2216,0,0,1.0,0
CELL-37,2026-08-17,0.941,1.1589,0,0,1.0,0
CELL-37,2026-08-18,1.004,1.1686,0,0,1.0,0
CELL-37,2026-08-19,1.004,1.1611,0,0,1.0,0
CELL-37,2026-08-20,1.071,1.2609,0,0,1.0,0
CELL-37,2026-08-21,1.071,1.242,0,0,1.0,0
CELL-37,2026-08-22,1.004,1.1611,0,0,1.0,0
CELL-37,2026-08-23,1.004,1.1091,0,0,1.0,0
CELL-37,2026-08-24,0.941,1.0964,0,0,1.0,0
CELL-37,2026-08-25,0.941,1.1585,0,0,1.0,0
CELL-37,2026-08-26,1.071,1.3187,0,0,1.0,0
CELL-37,2026-08-27,1.22,1.3516,0,0,1.0,0
CELL-37,2026-08-28,1.22,1.4348,0,0,0.6,0
CELL-37,2026-08-29,1.22,1.3528,0,0,1.0,0
CELL-37,2026-08-30,1.143,1.2916,0,0,1.0,0
CELL-37,2026-08-31,1.071,1.1991,0,0,1.0,0
CELL-37,2026-09-01,1.004,1.2323,0,0,1.0,0
CELL-37,2026-09-02,1.004,1.2214,0,0,1.0,0
CELL-37,2026-09-03,1.22,1.3638,0,0,1.0,0
CELL-37,2026-09-04,1.143,1.3249,0,0,1.0,0
CELL-37,2026-09-05,1.071,1.3165,0,0,1.0,0
CELL-37,2026-09-06,1.004,1.2243,0,0,1.0,0
CELL-37,2026-09-07,1.004,1.1148,0,0,1.0,0
CELL-37,2026-09-08,1.004,1.1611,0,0,1.0,0
CELL-37,2026-09-09,0.941,1.1005,0,0,1.0,0
CELL-37,2026-09-10,1.143,1.2616,0,0,1.0,0
CELL-37,2026-09-11,1.143,1.2895,0,0,1.0,0
CELL-37,2026-09-12,1.143,1.2658,0,0,1.0,0
CELL-37,2026-09-13,1.071,1.1834,0,0,1.0,0
CELL-37,2026-09-14,1.071,1.1831,0,0,1.0,0
CELL-37,2026-09-15,0.941,1.0507,0,0,1.0,0
CELL-37,2026-09-16,1.071,1.2133,0,0,1.0,0
CELL-37,2026-09-17,1.071,1.2564,0,0,1.0,0
CELL-37,2026-09-18,1.22,1.3516,0,0,1.0,0
CELL-37,2026-09-19,1.22,1.3656,0,0,1.0,0
CELL-37,2026-09-20,1.071,1.1845,0,0,1.0,0
CELL-37,2026-09-21,1.004,1.127,0,0,1.0,0
CELL-37,2026-09-22,0.882,1.0864,0,0,1.0,0
CELL-37,2026-09-23,1.071,1.2031,0,0,1.0,0
CELL-37,2026-09-24,1.071,1.2017,0,0,1.0,0
CELL-37,2026-09-25,1.004,1.2385,0,0,1.0,0
CELL-37,2026-09-26,1.004,1.1601,0,0,1.0,0
CELL-37,2026-09-27,0.882,1.069,0,0,1.0,0
CELL-38,2026-04-01,1.301,1.8158,0,0,1.0,0
CELL-38,2026-04-02,1.301,1.7862,0,0,1.0,0
CELL-38,2026-04-03,1.22,1.7808,0,0,1.0,0
CELL-38,2026-04-04,1.22,1.6846,0,0,1.0,0
CELL-38,2026-04-05,1.301,1.8439,0,0,1.0,0
CELL-38,2026-04-06,1.071,1.6894,0,0,1.0,0
CELL-38,2026-04-07,1.143,1.6673,0,0,1.0,0
CELL-38,2026-04-08,1.22,1.9149,0,0,1.0,0
CELL-38,2026-04-09,1.143,1.805,0,0,0.54,0
CELL-38,2026-04-10,1.687,2.2548,0,1,1.0,0
CELL-38,2026-04-11,1.8,2.4738,0,1,1.0,0
CELL-38,2026-04-12,1.8,2.4567,0,1,1.0,0
CELL-38,2026-04-13,1.22,1.7416,0,0,1.0,0
CELL-38,2026-04-14,1.8,2.4995,0,1,1.0,0
CELL-38,2026-04-15,1.481,2.0295,0,0,1.0,0
CELL-38,2026-04-16,1.481,2.0388,0,0,1.0,0
CELL-38,2026-04-17,1.481,2.0002,0,0,1.0,0
CELL-38,2026-04-18,1.388,1.9645,0,0,1.0,0
CELL-38,2026-04-19,1.22,1.916,0,0,1.0,0
CELL-38,2026-04-20,1.22,1.705,0,0,1.0,0
CELL-38,2026-04-21,1.22,1.6476,0,0,1.0,0
CELL-38,2026-04-22,1.22,1.7173,0,0,1.0,0
CELL-38,2026-04-23,1.301,1.7556,0,0,1.0,0
CELL-38,2026-04-24,1.301,1.7484,0,0,1.0,0
CELL-38,2026-04-25,1.22,1.6612,0,0,1.0,0
CELL-38,2026-04-26,1.22,1.6631,0,0,1.0,0
CELL-38,2026-04-27,1.22,1.666,0,0,1.0,0
CELL-38,2026-04-28,1.22,1.6283,0,0,1.0,0
CELL-38,2026-04-29,1.22,1.7197,0,0,1.0,0
CELL-38,2026-04-30,1.388,1.8707,0,0,1.0,0
CELL-38,2026-05-01,1.388,1.9567,0,0,1.0,0
CELL-38,2026-05-02,1.388,1.9102,0,0,1.0,0
CELL-38,2026-05-03,1.388,1.8623,0,0,1.0,0
CELL-38,2026-05-04,1.301,1.7844,0,0,1.0,0
CELL-38,2026-05-05,1.301,1.7579,0,0,1.0,0
CELL-38,2026-05-06,1.301,1.8106,0,0,1.0,0
CELL-38,2026-05-07,1.388,1.9401,0,0,1.0,0
CELL-38,2026-05-08,1.481,2.0216,0,0,1.0,0
CELL-38,2026-05-09,1.481,2.0988,0,0,1.0,0
CELL-38,2026-05-10,1.481,1.9765,0,0,1.0,0
CELL-38,2026-05-11,1.481,1.993,0,0,1.0,0
CELL-38,2026-05-12,1.388,1.908,0,0,1.0,0
CELL-38,2026-05-13,1.22,1.9235,0,0,1.0,0
CELL-38,2026-05-14,1.388,1.5966,1,0,1.0,0
CELL-38,2026-05-15,1.301,2.0434,0,0,1.0,0
CELL-38,2026-05-16,1.481,2.0618,0,0,1.0,0
CELL-38,2026-05-17,1.481,2.0332,0,0,1.0,0
CELL-38,2026-05-18,1.481,1.9741,0,0,1.0,0
CELL-38,2026-05-19,1.301,1.8991,0,0,1.0,0
CELL-38,2026-05-20,1.388,1.9211,0,0,1.0,0
CELL-38,2026-05-21,1.388,1.9326,0,0,1.0,0
CELL-38,2026-05-22,1.22,1.6935,0,0,1.0,0
CELL-38,2026-05-23,1.301,1.7597,0,0,1.0,0
CELL-38,2026-05-24,1.22,1.688,0,0,1.0,0
CELL-38,2026-05-25,1.22,1.636,0,0,1.0,0
CELL-38,2026-05-26,1.22,1.648,0,0,1.0,0
CELL-38,2026-05-27,1.071,1.6812,0,0,1.0,0
CELL-38,2026-05-28,1.301,1.8324,0,0,1.0,0
CELL-38,2026-05-29,1.301,1.8061,0,0,1.0,0
CELL-38,2026-05-30,1.388,1.874,0,0,1.0,0
CELL-38,2026-05-31,1.22,1.9234,0,0,1.0,0
CELL-38,2026-06-01,1.301,1.7996,0,0,1.0,0
CELL-38,2026-06-02,1.388,1.868,0,0,1.0,0
CELL-38,2026-06-03,1.388,1.8791,0,0,1.0,0
CELL-38,2026-06-04,1.301,1.7772,0,0,1.0,1
CELL-38,2026-06-05,1.481,2.0206,0,0,1.0,0
CELL-38,2026-06-06,1.388,1.9024,0,0,1.0,0
CELL-38,2026-06-07,1.301,1.8451,0,0,1.0,0
CELL-38,2026-06-08,1.143,1.5425,0,0,1.0,0
CELL-38,2026-06-09,1.143,1.6214,0,0,1.0,0
CELL-38,2026-06-10,1.301,1.7703,0,0,1.0,0
CELL-38,2026-06-11,1.301,1.7856,0,0,1.0,0
CELL-38,2026-06-12,1.388,1.8563,0,0,1.0,0
CELL-38,2026-06-13,1.388,1.8886,0,0,1.0,0
CELL-38,2026-06-14,1.301,1.836,0,0,1.0,0
CELL-38,2026-06-15,1.301,1.1134,2,0,1.0,0
CELL-38,2026-06-16,1.301,1.1254,2,0,1.0,0
CELL-38,2026-06-17,1.301,1.7757,0,0,1.0,0
CELL-38,2026-06-18,1.581,2.2054,0,0,1.0,1
CELL-38,2026-06-19,1.581,2.1726,0,0,1.0,0
CELL-38,2026-06-20,1.481,2.1632,0,0,1.0,0
CELL-38,2026-06-21,1.481,2.1491,0,0,1.0,0
CELL-38,2026-06-22,1.581,2.1359,0,0,1.0,0
CELL-38,2026-06-23,1.581,2.2408,0,0,1.0,0
CELL-38,2026-06-24,1.481,2.1618,0,0,1.0,0
CELL-38,2026-06-25,1.687,2.2844,0,0,1.0,0
CELL-38,2026-06-26,1.581,2.2601,0,0,1.0,0
CELL-38,2026-06-27,1.581,1.3488,2,0,1.0,0
CELL-38,2026-06-28,2.186,2.9157,0,1,1.0,0
CELL-38,2026-06-29,1.8,2.84,0,1,1.0,0
CELL-38,2026-06-30,1.581,2.14,0,0,1.0,0
CELL-38,2026-07-01,1.581,2.1268,0,0,1.0,0
CELL-38,2026-07-02,1.581,2.2222,0,0,1.0,0
CELL-38,2026-07-03,1.481,2.337,0,0,1.0,0
CELL-38,2026-07-04,1.581,2.2228,0,0,1.0,0
CELL-38,2026-07-05,1.581,2.172,0,0,1.0,0
CELL-38,2026-07-06,1.481,1.9766,0,0,1.0,0
CELL-38,2026-07-07,1.388,1.9512,0,0,1.0,0
CELL-38,2026-07-08,1.388,1.8718,0,0,1.0,0
CELL-38,2026-07-09,1.481,2.0616,0,0,1.0,0
CELL-38,2026-07-10,1.581,2.1423,0,0,1.0,0
CELL-38,2026-07-11,1.481,2.336,0,0,1.0,0
CELL-38,2026-07-12,1.8,2.5102,0,0,1.0,0
CELL-38,2026-07-13,1.581,2.1129,0,0,1.0,0
CELL-38,2026-07-14,1.388,1.943,0,0,1.0,0
CELL-38,2026-07-15,1.581,2.1393,0,0,1.0,0
CELL-38,2026-07-16,1.481,2.1213,0,0,1.0,0
CELL-38,2026-07-17,1.581,2.227,0,0,1.0,0
CELL-38,2026-07-18,1.581,2.2079,0,0,1.0,0
CELL-38,2026-07-19,1.581,2.1133,0,0,1.0,0
CELL-38,2026-07-20,1.481,2.0505,0,0,1.0,0
CELL-38,2026-07-21,1.581,2.1507,0,0,1.0,0
CELL-38,2026-07-22,1.581,2.2291,0,0,1.0,0
CELL-38,2026-07-23,1.687,2.354,0,0,1.0,0
CELL-38,2026-07-24,1.8,2.514,0,0,1.0,0
CELL-38,2026-07-25,1.581,2.3232,0,0,1.0,0
CELL-38,2026-07-26,1.481,2.095,0,0,1.0,0
CELL-38,2026-07-27,1.481,2.0022,0,0,1.0,0
CELL-38,2026-07-28,1.481,2.088,0,0,1.0,0
CELL-38,2026-07-29,1.581,2.1155,0,0,1.0,0
CELL-38,2026-07-30,1.388,2.1888,0,0,1.0,0
CELL-38,2026-07-31,1.687,2.2695,0,0,1.0,0
CELL-38,2026-08-01,1.687,2.383,0,0,1.0,0
CELL-38,2026-08-02,1.481,2.3263,0,0,1.0,0
CELL-38,2026-08-03,1.581,2.1114,0,0,1.0,0
CELL-38,2026-08-04,1.481,2.0297,0,0,1.0,0
CELL-38,2026-08-05,1.388,1.887,0,0,0.57,0
CELL-38,2026-08-06,1.481,2.0885,0,0,1.0,0
CELL-38,2026-08-07,1.581,2.1563,0,0,1.0,0
CELL-38,2026-08-08,1.687,2.3034,0,0,1.0,0
CELL-38,2026-08-09,1.687,2.2877,0,0,1.0,0
CELL-38,2026-08-10,1.581,2.1646,0,0,1.0,0
CELL-38,2026-08-11,1.388,1.9538,0,0,1.0,0
CELL-38,2026-08-12,1.388,2.0255,0,0,1.0,0
CELL-38,2026-08-13,1.481,2.0845,0,0,1.0,0
CELL-38,2026-08-14,1.581,2.1507,0,0,1.0,0
CELL-38,2026-08-15,1.581,2.3239,0,0,1.0,0
CELL-38,2026-08-16,1.581,2.2004,0,0,1.0,0
CELL-38,2026-08-17,1.481,2.0765,0,0,1.0,0
CELL-38,2026-08-18,1.481,1.9922,0,0,1.0,0
CELL-38,2026-08-19,1.581,2.1248,0,0,1.0,0
CELL-38,2026-08-20,1.581,2.2411,0,0,1.0,0
CELL-38,2026-08-21,1.687,2.3173,0,0,1.0,0
CELL-38,2026-08-22,1.481,2.1163,0,0,1.0,0
CELL-38,2026-08-23,1.388,2.1794,0,0,1.0,0
CELL-38,2026-08-24,1.301,2.0443,0,0,1.0,0
CELL-38,2026-08-25,1.481,2.074,0,0,1.0,0
CELL-38,2026-08-26,1.581,2.13,0,0,1.0,0
CELL-38,2026-08-27,1.481,1.987,0,0,1.0,0
CELL-38,2026-08-28,1.581,2.1207,0,0,0.47,0
CELL-38,2026-08-29,1.481,2.0008,0,0,1.0,0
CELL-38,2026-08-30,1.481,2.0801,0,0,1.0,0
CELL-38,2026-08-31,1.481,2.0804,0,0,1.0,0
CELL-38,2026-09-01,1.481,2.0151,0,0,1.0,0
CELL-38,2026-09-02,1.481,2.0901,0,0,1.0,0
CELL-38,2026-09-03,1.481,1.9975,0,0,1.0,0
CELL-38,2026-09-04,1.481,1.9904,0,0,1.0,0
CELL-38,2026-09-05,1.581,2.2609,0,0,1.0,0
CELL-38,2026-09-06,1.581,2.3223,0,0,1.0,0
CELL-38,2026-09-07,1.481,1.9987,0,0,1.0,0
CELL-38,2026-09-08,1.481,2.067,0,0,1.0,0
CELL-38,2026-09-09,1.687,2.3016,0,0,1.0,0
CELL-38,2026-09-10,1.581,2.4815,0,0,1.0,0
CELL-38,2026-09-11,1.687,2.3863,0,0,1.0,0
CELL-38,2026-09-12,1.687,2.272,0,0,1.0,0
CELL-38,2026-09-13,1.687,2.3832,0,0,1.0,0
CELL-38,2026-09-14,1.687,2.4114,0,0,1.0,0
CELL-38,2026-09-15,1.481,2.0861,0,0,1.0,0
CELL-38,2026-09-16,1.581,2.1151,0,0,1.0,0
CELL-38,2026-09-17,1.687,2.2888,0,0,1.0,0
CELL-38,2026-09-18,1.687,2.264,0,0,1.0,0
CELL-38,2026-09-19,1.687,2.2884,0,0,1.0,0
CELL-38,2026-09-20,1.581,2.218,0,0,1.0,0
CELL-38,2026-09-21,1.8,2.4381,0,0,1.0,0
CELL-38,2026-09-22,1.687,2.2801,0,0,1.0,0
CELL-38,2026-09-23,1.687,2.3768,0,0,1.0,0
CELL-38,2026-09-24,1.687,2.2643,0,0,1.0,0
CELL-38,2026-09-25,1.687,2.2709,0,0,1.0,0
CELL-38,2026-09-26,1.8,2.4487,0,0,1.0,0
CELL-38,2026-09-27,1.8,2.4362,0,0,1.0,0
CELL-39,2026-04-01,1.581,2.0099,0,0,1.0,0
CELL-39,2026-04-02,1.8,2.2886,0,0,1.0,0
CELL-39,2026-04-03,1.581,2.0417,0,0,1.0,0
CELL-39,2026-04-04,1.481,1.9332,0,0,1.0,0
CELL-39,2026-04-05,1.581,2.0183,0,0,1.0,0
CELL-39,2026-04-06,1.388,1.8513,0,0,1.0,0
CELL-39,2026-04-07,1.481,1.9183,0,0,1.0,0
CELL-39,2026-04-08,1.481,1.9593,0,0,1.0,0
CELL-39,2026-04-09,1.687,2.1554,0,0,1.0,0
CELL-39,2026-04-10,1.581,2.0267,0,0,1.0,0
CELL-39,2026-04-11,1.687,1.9464,0,0,1.0,0
CELL-39,2026-04-12,1.481,1.9131,0,0,1.0,0
CELL-39,2026-04-13,1.92,2.4653,0,1,1.0,0
CELL-39,2026-04-14,1.8,2.0779,0,0,1.0,0
CELL-39,2026-04-15,1.8,2.3091,0,0,1.0,0
CELL-39,2026-04-16,1.687,2.1778,0,0,1.0,0
CELL-39,2026-04-17,1.581,2.0125,0,0,1.0,0
CELL-39,2026-04-18,1.581,2.074,0,0,1.0,0
CELL-39,2026-04-19,1.581,2.0605,0,0,1.0,0
CELL-39,2026-04-20,1.481,1.972,0,0,1.0,0
CELL-39,2026-04-21,2.049,2.6655,0,1,1.0,0
CELL-39,2026-04-22,2.333,3.0383,0,1,1.0,0
CELL-39,2026-04-23,2.333,2.9961,0,1,1.0,0
CELL-39,2026-04-24,1.92,2.2157,0,0,1.0,0
CELL-39,2026-04-25,1.687,2.1223,0,0,1.0,0
CELL-39,2026-04-26,1.687,1.9615,0,0,1.0,0
CELL-39,2026-04-27,1.481,1.9296,0,0,1.0,0
CELL-39,2026-04-28,1.388,1.8091,0,0,1.0,0
CELL-39,2026-04-29,1.481,1.8646,0,0,1.0,0
CELL-39,2026-04-30,1.481,1.9694,0,0,1.0,0
CELL-39,2026-05-01,1.581,2.1108,0,0,1.0,0
CELL-39,2026-05-02,1.581,2.0538,0,0,1.0,0
CELL-39,2026-05-03,1.481,1.9768,0,0,1.0,0
CELL-39,2026-05-04,1.581,1.9702,0,0,1.0,0
CELL-39,2026-05-05,1.581,2.0419,0,0,1.0,0
CELL-39,2026-05-06,1.581,2.0448,0,0,1.0,0
CELL-39,2026-05-07,1.581,2.0607,0,0,1.0,0
CELL-39,2026-05-08,1.581,2.0366,0,0,1.0,0
CELL-39,2026-05-09,1.481,1.9316,0,0,1.0,0
CELL-39,2026-05-10,1.581,1.8318,0,0,1.0,0
CELL-39,2026-05-11,1.388,1.7425,0,0,1.0,0
CELL-39,2026-05-12,1.481,1.8836,0,0,1.0,0
CELL-39,2026-05-13,1.388,1.8123,0,0,1.0,0
CELL-39,2026-05-14,1.481,1.8643,0,0,1.0,0
CELL-39,2026-05-15,1.388,1.822,0,0,1.0,0
CELL-39,2026-05-16,1.581,1.993,0,0,1.0,0
CELL-39,2026-05-17,1.687,2.126,0,0,1.0,0
CELL-39,2026-05-18,1.481,1.9636,0,0,1.0,0
CELL-39,2026-05-19,1.388,1.7461,0,0,1.0,0
CELL-39,2026-05-20,1.388,1.8457,0,0,1.0,0
CELL-39,2026-05-21,1.581,2.0695,0,0,1.0,0
CELL-39,2026-05-22,1.581,1.9953,0,0,1.0,0
CELL-39,2026-05-23,1.581,2.0368,0,0,1.0,0
CELL-39,2026-05-24,1.581,2.0122,0,0,1.0,0
CELL-39,2026-05-25,1.581,2.0202,0,0,1.0,0
CELL-39,2026-05-26,1.481,1.9689,0,0,1.0,0
CELL-39,2026-05-27,1.687,2.207,0,0,1.0,0
CELL-39,2026-05-28,2.049,2.3749,0,0,1.0,0
CELL-39,2026-05-29,1.687,2.1916,0,0,1.0,0
CELL-39,2026-05-30,1.581,2.0102,0,0,1.0,0
CELL-39,2026-05-31,1.581,2.0135,0,0,1.0,0
CELL-39,2026-06-01,1.581,2.0288,0,0,1.0,0
CELL-39,2026-06-02,1.581,2.1001,0,0,1.0,0
CELL-39,2026-06-03,1.687,2.1304,0,0,1.0,0
CELL-39,2026-06-04,1.687,2.15,0,0,1.0,0
CELL-39,2026-06-05,1.687,2.1131,0,0,1.0,0
CELL-39,2026-06-06,1.481,1.9504,0,0,1.0,0
CELL-39,2026-06-07,1.301,1.6507,0,0,1.0,0
CELL-39,2026-06-08,1.301,1.6988,0,0,1.0,0
CELL-39,2026-06-09,1.388,1.7762,0,0,1.0,0
CELL-39,2026-06-10,1.481,1.9166,0,0,1.0,0
CELL-39,2026-06-11,1.481,1.9762,0,0,1.0,0
CELL-39,2026-06-12,1.581,1.9906,0,0,1.0,0
CELL-39,2026-06-13,1.581,2.0294,0,0,1.0,0
CELL-39,2026-06-14,1.687,2.116,0,0,1.0,0
CELL-39,2026-06-15,1.687,2.1239,0,0,1.0,0
CELL-39,2026-06-16,1.481,1.918,0,0,1.0,0
CELL-39,2026-06-17,1.481,1.4094,2,0,1.0,0
CELL-39,2026-06-18,1.481,1.4275,2,0,1.0,0
CELL-39,2026-06-19,1.687,2.1407,0,0,1.0,0
CELL-39,2026-06-20,1.8,2.2756,0,0,1.0,0
CELL-39,2026-06-21,1.8,2.2427,0,0,1.0,0
CELL-39,2026-06-22,1.8,2.0822,0,0,1.0,0
CELL-39,2026-06-23,1.581,1.9803,0,0,1.0,0
CELL-39,2026-06-24,1.581,1.8412,0,0,1.0,0
CELL-39,2026-06-25,1.481,1.9197,0,0,1.0,0
CELL-39,2026-06-26,1.581,1.9854,0,0,1.0,0
CELL-39,2026-06-27,1.481,1.9609,0,0,1.0,0
CELL-39,2026-06-28,1.687,1.9482,0,0,1.0,0
CELL-39,2026-06-29,1.388,1.8362,0,0,1.0,0
CELL-39,2026-06-30,1.481,1.9029,0,0,1.0,0
CELL-39,2026-07-01,1.581,2.0066,0,0,1.0,0
CELL-39,2026-07-02,1.581,2.0637,0,0,1.0,0
CELL-39,2026-07-03,1.687,1.9552,0,0,1.0,0
CELL-39,2026-07-04,1.481,1.9233,0,0,1.0,0
CELL-39,2026-07-05,1.581,2.0646,0,0,1.0,0
CELL-39,2026-07-06,1.481,1.8995,0,0,1.0,0
CELL-39,2026-07-07,1.388,1.8052,0,0,1.0,0
CELL-39,2026-07-08,1.481,1.8647,0,0,1.0,0
CELL-39,2026-07-09,1.481,1.9684,0,0,1.0,0
CELL-39,2026-07-10,1.581,2.0474,0,0,1.0,0
CELL-39,2026-07-11,1.481,1.8967,0,0,1.0,0
CELL-39,2026-07-12,1.481,1.9397,0,0,1.0,0
CELL-39,2026-07-13,1.481,1.8883,0,0,1.0,0
CELL-39,2026-07-14,1.481,1.8949,0,0,1.0,0
CELL-39,2026-07-15,1.481,1.8856,0,0,1.0,0
CELL-39,2026-07-16,1.581,2.0345,0,0,1.0,0
CELL-39,2026-07-17,1.581,2.0022,0,0,1.0,0
CELL-39,2026-07-18,1.687,2.1635,0,0,1.0,0
CELL-39,2026-07-19,1.581,1.986,0,0,1.0,0
CELL-39,2026-07-20,1.388,1.8393,0,0,1.0,0
CELL-39,2026-07-21,1.687,1.9657,0,0,1.0,0
CELL-39,2026-07-22,1.581,2.0259,0,0,1.0,0
CELL-39,2026-07-23,1.581,2.0563,0,0,1.0,0
CELL-39,2026-07-24,1.581,2.0906,0,0,1.0,0
CELL-39,2026-07-25,1.581,2.0627,0,0,1.0,0
CELL-39,2026-07-26,1.481,1.939,0,0,1.0,0
CELL-39,2026-07-27,1.481,1.9569,0,0,1.0,0
CELL-39,2026-07-28,1.481,1.9032,0,0,1.0,0
CELL-39,2026-07-29,1.687,2.143,0,0,1.0,0
CELL-39,2026-07-30,1.581,1.498,2,0,1.0,0
CELL-39,2026-07-31,1.687,1.8453,1,0,1.0,0
CELL-39,2026-08-01,1.687,2.1641,0,0,1.0,0
CELL-39,2026-08-02,1.581,2.0746,0,0,1.0,0
CELL-39,2026-08-03,1.481,1.9192,0,0,1.0,0
CELL-39,2026-08-04,1.388,1.7965,0,0,1.0,0
CELL-39,2026-08-05,1.143,1.4947,0,0,1.0,1
CELL-39,2026-08-06,1.22,1.583,0,0,1.0,0
CELL-39,2026-08-07,1.22,1.5447,0,0,1.0,0
CELL-39,2026-08-08,1.301,1.5091,0,0,1.0,0
CELL-39,2026-08-09,1.071,1.4261,0,0,1.0,0
CELL-39,2026-08-10,1.071,1.3532,0,0,1.0,0
CELL-39,2026-08-11,1.004,1.2681,0,0,1.0,0
CELL-39,2026-08-12,1.071,1.3436,0,0,1.0,0
CELL-39,2026-08-13,1.143,1.4193,0,0,1.0,0
CELL-39,2026-08-14,1.143,1.4246,0,0,1.0,0
CELL-39,2026-08-15,1.22,1.5391,0,0,1.0,0
CELL-39,2026-08-16,1.143,1.4429,0,0,1.0,0
CELL-39,2026-08-17,1.143,1.4446,0,0,1.0,0
CELL-39,2026-08-18,1.071,1.3645,0,0,1.0,0
CELL-39,2026-08-19,1.143,1.4557,0,0,1.0,0
CELL-39,2026-08-20,1.143,1.5151,0,0,1.0,0
CELL-39,2026-08-21,1.143,1.4823,0,0,1.0,0
CELL-39,2026-08-22,1.143,1.4637,0,0,1.0,0
CELL-39,2026-08-23,1.22,1.4085,0,0,1.0,0
CELL-39,2026-08-24,1.143,1.4378,0,0,1.0,0
CELL-39,2026-08-25,1.143,1.4583,0,0,1.0,0
CELL-39,2026-08-26,1.143,1.511,0,0,1.0,0
CELL-39,2026-08-27,1.22,1.5579,0,0,1.0,0
CELL-39,2026-08-28,1.22,1.3596,1,0,1.0,0
CELL-39,2026-08-29,1.22,1.3429,1,0,1.0,0
CELL-39,2026-08-30,1.143,1.4641,0,0,1.0,0
CELL-39,2026-08-31,1.071,1.3788,0,0,1.0,0
CELL-39,2026-09-01,1.004,1.2928,0,0,1.0,0
CELL-39,2026-09-02,1.004,1.3331,0,0,1.0,0
CELL-39,2026-09-03,1.071,1.3487,0,0,1.0,0
CELL-39,2026-09-04,1.143,1.438,0,0,1.0,0
CELL-39,2026-09-05,1.143,1.4351,0,0,1.0,0
CELL-39,2026-09-06,1.22,1.4119,0,0,1.0,0
CELL-39,2026-09-07,1.004,1.2875,0,0,1.0,0
CELL-39,2026-09-08,1.071,1.3955,0,0,1.0,0
CELL-39,2026-09-09,1.143,1.4566,0,0,1.0,0
CELL-39,2026-09-10,1.071,1.3598,0,0,1.0,0
CELL-39,2026-09-11,1.071,1.4307,0,0,1.0,0
CELL-39,2026-09-12,1.004,1.3088,0,0,1.0,0
CELL-39,2026-09-13,1.143,1.329,0,0,1.0,0
CELL-39,2026-09-14,1.143,1.4448,0,0,1.0,0
CELL-39,2026-09-15,1.22,1.5676,0,0,1.0,0
CELL-39,2026-09-16,1.22,1.5858,0,0,1.0,0
CELL-39,2026-09-17,1.071,1.3956,0,0,1.0,0
CELL-39,2026-09-18,1.071,1.3518,0,0,1.0,0
CELL-39,2026-09-19,1.071,1.4274,0,0,1.0,0
CELL-39,2026-09-20,1.071,1.3992,0,0,0.64,0
CELL-39,2026-09-21,1.071,1.404,0,0,1.0,0
CELL-39,2026-09-22,1.388,1.8184,0,1,1.0,0
CELL-39,2026-09-23,1.581,1.8252,0,1,1.0,0
CELL-39,2026-09-24,1.481,1.8735,0,1,1.0,0
CELL-39,2026-09-25,1.301,1.5055,0,0,1.0,0
CELL-39,2026-09-26,1.143,1.4519,0,0,1.0,0
CELL-39,2026-09-27,1.143,1.4364,0,0,1.0,0
